0	0	0	0	0	0	0	0	0	0	0	1	0.054604	0.192561	-0.178013	-0.0012444	0.000363369	0	0	-0.602395429	0.816148726	-2.804125856
-0.221692981	0.143941053	-0.005424326	0.027871928	-0.217720994	-0.070198111	0.088733954	0.088728864	0.08872038	0.088708503	0.088693233	0	0.0684674	0.171388	-0.161135	-0.000850798	0.000379302	0.000234762	0.08412925	-0.178016666	1.437236699	-2.448302808
-0.085701652	0.044348139	-0.035089281	-0.09475752	-0.09474382	-0.130438244	0.08872038	0.088674572	0.088598243	0.088491418	0.088354136	0	0.0462714	0.188826	-0.119371	-0.00126408	0.000115721	0.000219952	0.11598165	-0.176593651	-0.980505725	-2.204669028
-0.172771577	-0.023266024	-0.033994452	0.035939888	-0.140248037	-0.006011452	0.088693233	0.088566021	0.088354136	0.08805778	0.087677238	0	0.0418825	0.119718	-0.115046	-0.00104842	8.43E-23	0.000388643	0.1028255	-0.109021523	1.015523328	-2.143388813
-0.038691119	0.081427968	-0.018366064	-0.007333445	0.012355895	-0.117711511	0.088652519	0.088403278	0.087988396	0.08740865	0.086665127	0	0.0190197	0.118294	-0.092058	-0.000816348	6.55E-05	0.000191876	0.07199184	-0.140572333	0.442893701	-1.916878297
-0.001515768	0.024469431	-0.005668511	-0.060688565	-0.090785285	0.039478232	0.088598243	0.088186443	0.087501527	0.086545617	0.085321672	0	0.0121148	0.0954122	-0.0742313	-0.000702945	-5.38E-05	0.000229258	0.06111754	0.004686637	0.700852905	-1.788417752
-0.059491096	-0.06209408	0.013317205	-0.047748559	-0.00546725	0.103618041	0.088530413	0.087915647	0.086894199	0.085470791	0.083652011	0	0.0225279	0.0618864	-0.0527505	-0.000672208	3.10E-23	0.000285929	0.0724799	0.440208521	-0.22073795	-1.371119501
-0.020970869	0.076810782	0.009321725	-0.064037313	0.106132805	0.097263957	0.08844904	0.087591057	0.086167247	0.084186805	0.081662526	0	0.00856318	0.0965073	-0.0537424	-0.000834087	-6.09E-05	0.000203606	0.06483064	0.084736251	-1.244012131	-1.591543031
0.059994103	0.051156093	-0.006956762	-0.061084074	-0.063878511	0.042981992	0.088354136	0.087212872	0.085321672	0.082696799	0.079360824	0	0.00856082	0.0501128	-0.0533116	-0.000419723	-5.24E-05	0.000337116	0.07464551	0.263599551	0.268515756	-1.585602055
0.026267807	-0.014162105	-0.015727382	-0.049906462	-0.023956566	0.034045226	0.088245716	0.086781322	0.084358639	0.08100442	0.076755704	0	0.0127354	0.0315598	-0.0466637	3.81E-05	0	0.000309615	0.056260225	0.245490198	0.329976682	-1.470852692
-0.030009421	-0.044976417	-0.049117247	0.022321654	0.048706884	-0.124940858	0.088123797	0.086296672	0.083279474	0.07911381	0.073857128	0	0.0252178	0.0277172	-0.0650215	0.000183548	0	0.000627864	0.057867975	0.150593135	-0.323058981	-1.550389778
0.014411347	0.056985281	0.035763159	0.091583419	0.019748059	-0.018107408	0.087988396	0.085759218	0.082085661	0.077029595	0.070676177	0	0.0426399	0.0226682	-0.0505245	-1.40E-05	0	0.000408122	0.057832245	0.456791872	0.74163737	-1.513847493
0.092174327	0.035704882	-0.029806697	-0.02498782	0.0410687	-0.05669911	0.087839536	0.08516929	0.080778844	0.074756876	0.067225012	0	0.0312193	0.0508277	-0.0364885	-0.000229094	0.000121495	0.00034329	0.073687505	0.603970034	-1.51653629	-1.337407615
0.041812045	-0.041362486	-0.003142428	-0.053325598	-0.123352748	-0.021027769	0.087677238	0.084527247	0.079360824	0.072301214	0.063516829	0	0.0279142	0.0130179	-0.0371954	-0.000183002	0	0.000439282	0.05500075	0.620659052	0.358135559	-1.414112795
0.009029002	-0.057099556	-0.037632192	-0.00721162	-0.026859967	0.021491637	0.087501527	0.083833484	0.07783355	0.069668619	0.059565804	0	0.039857	0.0521423	-0.026596	-0.000219784	0.000148076	0.000229384	0.0814044	0.876474267	0.019203395	-1.194637763
-0.004091543	-0.070510615	-0.051335319	0.020301245	0.033332185	0.051861072	0.087312431	0.083088424	0.076199127	0.066865533	0.055387043	0	0.0265149	0.0281305	-0.0395204	-0.000246472	9.68E-05	0.000289654	0.05718979	0.441270569	-0.378894152	-1.42159097
-0.019339063	-0.055121102	0.009654451	0.080016225	0.062643279	0.003103289	0.087109978	0.082292523	0.074459804	0.063898816	0.050996524	0	0.0170219	-0.0078886	-0.0203877	-1.40E-05	0.000212738	0.000223689	0.085363695	0.731012287	0.215316385	-1.260351873
0.001567245	0.032243767	0.026860885	0.044791048	0.044517029	-0.012521461	0.086894199	0.081446269	0.072617975	0.060775728	0.046411031	0	0.0170245	-0.00575636	0.00192583	-1.40E-05	0	0.000389158	0.04335872	0.777275126	-0.437626081	-1.004880362
0.067461154	0.031629017	0.01077953	0.011398627	0.003990949	-0.033181908	0.086665127	0.080550179	0.070676177	0.057503912	0.041648097	0	0.0201931	-0.0247221	-0.00359145	-1.40E-05	0.000144519	0.000289075	0.03988172	1.033269021	-0.449437462	-0.968373435
0.079850602	-0.072072975	0.061340253	-0.120373268	0.084891711	0.012861231	0.086422797	0.079604802	0.068637082	0.054091373	0.036725932	0	0.000103194	0.0296586	0.00363249	-0.000203528	0	0.000258793	0.099911351	0.924715879	-2.532807485	-1.024594654
-0.030037021	-0.077498252	-0.043025517	-0.00955522	0.098049225	-0.004516337	0.086167247	0.078610716	0.066503497	0.050546465	0.031663353	0	0.0127746	-0.00915412	-0.000935195	-1.40E-05	0	6.30E-05	0.075320541	0.997340372	-0.41109902	-1.066248948
-0.021634452	-0.013952785	-0.01106296	0.014479371	0.112666447	-0.114572851	0.085898515	0.077568528	0.06427836	0.04687786	0.026479718	0	-0.0145398	0.0277174	-0.00175818	-1.40E-05	0	6.94E-06	0.067809716	0.838124183	-1.951929037	-1.208968975
-0.020757535	0.059370074	-0.005924533	0.052253692	0.073527468	-0.050195025	0.085616642	0.076478878	0.061964734	0.043094538	0.021194843	0	-0.0245345	0.0033104	-0.0203913	-7.75E-05	5.01E-24	-0.000369504	0.075030244	0.568981598	0.615329556	-1.400993546
0.006046199	0.09447247	0.021940342	-0.038554769	0.083939823	-0.00038758	0.085321672	0.075342432	0.059565804	0.039205756	0.015828935	0	-0.0335864	0.0497787	-0.0203806	-0.000289841	0	-0.000237445	0.072752895	0.421102843	-0.389681554	-1.450199972
0.038474598	0.050374938	0.02378132	-0.06681751	0.029526249	0.049864905	0.08501365	0.074159884	0.057084872	0.03522103	0.010402509	0	-0.0122008	0.00996264	-0.0203918	-1.40E-05	0	-0.000237445	0.075005265	0.703763558	1.074561092	-1.365105202
-0.038831729	-0.053422052	0.030228441	-0.133255638	0.034912181	0.027768117	0.084692623	0.072931959	0.054525354	0.031150114	0.004936312	0	0.0127188	0.0372817	-0.0203928	-1.40E-05	-6.54E-05	-0.000135301	0.060618265	0.593111414	-1.150077675	-1.359754436
-0.088585786	-0.055522817	-0.005996791	0.021844724	0.017332547	0.136809833	0.084358639	0.071659408	0.051890774	0.027002967	-0.000548759	0	0.0326695	-0.0310932	-0.00295721	0.000218121	-6.44E-24	-0.000237445	0.12574549	0.903185979	1.02069756	-1.109960646
-0.017764711	0.025319627	-0.015899293	0.002503069	0.1450527	0.032178733	0.084011751	0.07034301	0.049184758	0.02278974	-0.006031731	0	0.00663299	0.0096495	-0.00184258	-1.40E-05	0	-0.000237445	0.079499535	1.025150943	-1.666407502	-1.052531338
0.053807149	0.048563855	0.042912945	0.070158167	0.013661271	0.057705476	0.083652011	0.06898357	0.046411031	0.018520742	-0.011491643	0	0.0307952	-0.0256581	0.00774639	-1.40E-05	0	-5.15E-05	0.078358215	1.258308856	0.481415645	-0.891510363
0.107582563	0.059239057	0.043625497	-0.023430513	-0.061138868	-0.003983106	0.083279474	0.06758192	0.043573413	0.014206422	-0.016907618	0	0.0317859	0.00404078	0.0109455	-0.000174832	0	-2.48E-05	0.043265405	1.284693661	-0.193947582	-0.869663179
0.019209061	-0.055835152	-0.018441657	-0.038589293	-0.035889543	-0.070870444	0.082894197	0.066138917	0.040675809	0.009857335	-0.022258952	0	0.0489601	-0.0256536	0.00323632	0.00027855	0.000127764	-7.77E-05	0.08628062	1.160354245	-0.213308217	-1.064438981
-0.045597246	-0.086851868	0.002856963	-0.042120928	0.147700432	0.125159432	0.082496239	0.064655446	0.037722208	0.005484126	-0.027525184	0	0.0317834	-0.00395898	0.00585723	-1.40E-05	0	0.000115609	0.07217164	1.061332167	-0.722799097	-1.029723723
-0.05959616	-0.01552233	0.000330473	0.079903196	-0.017724028	0.040935494	0.082085661	0.063132412	0.034716677	0.001097497	-0.03268618	0	0.0536354	-0.0422816	0.00114145	0.000569991	0.000218588	4.01E-05	0.108795105	1.224669349	0.19362568	-0.962361412
0.07733299	0.056782916	0.028670063	0.054589502	0.039287088	0.023916325	0.081662526	0.061570748	0.031663353	-0.003291819	-0.037722208	0	0.0403434	-0.0197365	0.0263571	0.000276898	0	0.000138979	0.09158141	1.442355782	-1.000397486	-0.707256142
0.081080704	0.005599615	0.024755785	0.001190987	-0.096201517	0.043531834	0.081226898	0.059971411	0.02856644	-0.007673078	-0.042614014	0	0.0746315	-0.0728355	0.0482478	0.000878786	0	0.000335088	0.14917765	1.617617728	-0.080090459	-0.498951831
0.020867298	-0.098207888	0.023088832	-0.062954525	0.094729935	0.118546099	0.080778844	0.058335377	0.0254302	-0.012035561	-0.047342896	0	0.0644246	-0.044556	0.0496415	0.000598107	0	0.000335088	0.05391405	1.541857626	-1.709620151	-0.536173546
0.049938798	-0.036132739	-0.01143224	0.142448633	-0.057189269	0.010473455	0.080318434	0.056663649	0.022258952	-0.01636859	-0.051890774	0	0.0985182	-0.0654001	0.0288598	0.000795103	0.0002346	0.000692299	0.11515975	1.785075459	-0.475337997	-0.50658778
0.102936467	0.000768998	0.031216034	0.078227889	0.019295514	0.004329767	0.079845736	0.05495725	0.019057061	-0.020661562	-0.056240259	0	0.0919009	-0.0480399	0.0578674	0.000457208	0.000226681	0.000335088	0.08813635	1.95684642	-0.760855303	-0.311718338
0.131255911	-0.040940119	0.018520004	0.019504381	-0.023000321	0.01876985	0.079360824	0.053217222	0.015828935	-0.024903973	-0.060374724	0	0.106071	-0.0492767	0.0465775	0.000612654	0.000350997	0.000537697	0.05081535	1.934500744	-0.445441596	-0.393087918
0.031144672	-0.128708454	-0.010406779	0.021130473	0.012286133	-0.03332078	0.078863771	0.051444632	0.012579018	-0.029085439	-0.06427836	0	0.0833892	-0.0295702	0.0528037	0.00027665	0	0.000335088	0.093095	1.858108472	-1.0736038	-0.455281738
0.004268035	-0.069630346	0.004744357	0.113261937	0.00271817	-0.009634871	0.078354654	0.049640564	0.009311784	-0.033195728	-0.067936243	0	0.100605	-0.0424295	0.0366139	0.000586114	0.000396257	0.000389337	0.0842634	1.831725368	-0.595461625	-0.408807523
0.064188857	0.045162086	0.021660068	0.110320288	-0.019847225	0.053516454	0.07783355	0.047806122	0.006031731	-0.037224782	-0.071334389	0	0.0888991	-0.0570803	0.0582908	0.000539048	0.000458434	0.00041087	0.0545724	1.998101566	-0.253664108	-0.301750789
0.084495637	-0.030079441	0.058827864	-0.006612334	-0.102940249	0.010882145	0.07730054	0.045942427	0.002743375	-0.04116274	-0.074459804	0	0.10307	-0.0714578	0.0660842	0.000657608	0.000315408	0.000335088	0.0532102	1.812626092	0.450519772	-0.389387174
0.004735717	-0.088957904	-0.016771434	0.083684664	-0.042680271	0.022113409	0.076755704	0.044050621	-0.000548759	-0.044999966	-0.07730054	0	0.102014	-0.0714275	0.0648689	0.000908056	0.000425098	0.000282285	0.02294865	2.033178372	-0.16950887	-0.228240301
0.000511484	0.028960971	0.019397472	0.059479357	0.019648956	0.001048759	0.076199127	0.042131861	-0.003840137	-0.04872707	-0.079845736	0	0.0977332	-0.0452013	0.0503901	0.000509112	0.000293813	0.000409531	0.07785955	1.91114371	-0.640185219	-0.405242916
0.06157859	0.037353475	0.037669434	0.053804365	-0.052741832	0.015318309	0.075630893	0.040187322	-0.007126228	-0.05233493	-0.082085661	0	0.101979	-0.097753	0.0674414	0.000783649	0.000620454	0.000335089	0.1076298	1.998372678	0.28851069	-0.282897549
0.10549788	-0.077220891	-0.011242407	0.008371675	-0.023232701	0.007172428	0.075051089	0.038218192	-0.010402509	-0.055814719	-0.084011751	0	0.0963113	-0.0495425	0.065202	0.000719825	0.000529156	0.000281206	0.06656785	2.122344679	-1.139104169	-0.206585554
0.078984538	-0.144629061	0.018138422	0.068279196	-0.09598368	-0.012339735	0.074459804	0.036225677	-0.013664469	-0.059157919	-0.085616642	0	0.118567	-0.0977586	0.0873144	0.00083595	0.000634814	0.000335089	0.1063675	2.230848868	0.661125869	-0.094523858
0.016901551	-0.049754811	0.002776914	0.128075425	0.026528065	-0.055144596	0.073857128	0.034210996	-0.016907618	-0.06235635	-0.086894199	0	0.101987	-0.0505907	0.05565	0.000882396	0.000508963	0.000335089	0.10402715	2.251766732	-1.307924821	-0.312631007
-0.031361285	0.095744087	-0.040449527	0.025580591	-0.030011782	-0.124320262	0.073243154	0.032175382	-0.020127492	-0.065402184	-0.087839536	0	0.0963689	-0.0390471	-0.0259341	0.00128192	0.000302905	0.000335089	0.1290249	0.826883519	0.408377087	-1.256324914
-0.042758561	0.196348596	-0.040080302	-0.094850482	-0.049736393	-0.08923605	0.072617975	0.03012008	-0.023319656	-0.068287968	-0.08844904	0	0.0631485	-0.0190744	-0.067134	0.00128192	0.000193573	0.000241738	0.10452715	-0.039456004	1.50586756	-1.781518732
-0.009570604	0.011911965	-0.034138126	-0.057897903	-0.104277281	0.040526247	0.071981688	0.028046348	-0.026479718	-0.07100664	-0.08872038	0	0.0747805	-0.0483006	-0.0148013	0.00143502	0.00044542	0.000335089	0.1181058	0.81151518	1.757016145	-1.204975594
-0.07536414	-0.072014015	-0.011199459	-0.025834409	-0.028263665	0.03273842	0.071334389	0.025955455	-0.029603325	-0.073551548	-0.088652519	0	0.0882559	-0.0762408	0.00271404	0.00154028	0.000452118	0.000335089	0.06452884	0.885756658	1.109521112	-1.107341813
-0.074312197	0.08144102	-0.024495745	0.05275083	0.013514609	0.012873964	0.070676177	0.02384868	-0.03268618	-0.075916462	-0.088245716	0	0.0686169	-0.0477421	-0.00539139	0.00121095	0.000281904	0.00018443	0.08875328	0.847096231	0.644005356	-1.15655021
-0.039936747	0.139267513	-0.040944668	-0.044172458	0.028408473	0.06944515	0.070007153	0.021727313	-0.035724037	-0.078095595	-0.087501527	0	0.0527	-0.067284	-0.0247822	0.00201292	0.000232973	0.000252151	0.10078071	0.363081967	0.604310629	-1.42819654
0.018144431	-0.042231248	-0.065984128	-0.063360398	-0.053273897	-0.121022483	0.06932742	0.019592651	-0.038712714	-0.080083616	-0.086422797	0	0.0615868	-0.0924861	0.0188868	0.00173849	0.000220266	0.000106781	0.09938325	0.916617956	0.766695482	-0.955919302
-0.012631699	-0.092114996	-0.015746191	-0.021030199	0.018857079	-0.123614028	0.068637082	0.017446001	-0.041648097	-0.081875659	-0.08501365	0	0.0572057	-0.111793	0.0369449	0.00220845	0.000260172	0.000335089	0.0786548	0.867864937	0.771565823	-0.677680979
0.022761249	-0.014824593	0.011638768	0.089095424	-0.027377026	-0.008897368	0.067936243	0.015288675	-0.044526145	-0.083467338	-0.083279474	0	0.0615535	-0.111813	0.0369202	0.00187006	0.000343289	0.000335089	0.02546785	1.228284199	-0.028813684	-0.559985972
-0.036496389	0.112185634	0.028408965	0.003100251	0.094650994	-0.063039694	0.067225012	0.013121995	-0.047342896	-0.084854759	-0.081226898	0	0.0429875	-0.109039	0.0115717	0.00200292	0.000337926	0.000335089	0.05359965	0.609745938	0.287167608	-1.037768223
0.056232389	-0.003418228	0.018234394	-0.067676038	-0.000275659	0.002635582	0.066503497	0.010947285	-0.050094472	-0.086034526	-0.078863771	0	0.0671318	-0.142876	0.0433236	0.00200292	0.000522223	0.000335089	0.09894805	1.042416345	0.999835347	-0.64335687
-0.048995085	-0.05955129	0.025865938	-0.039226333	0.08340348	0.051627423	0.065771808	0.008765877	-0.052777086	-0.087003752	-0.076199127	0	0.0585506	-0.0992953	0.0463123	0.00193582	0.000347883	0.000335089	0.0672226	0.982598162	-1.03809348	-0.61794302
0.009434932	0.021816702	0.048689483	0.02803463	0.0082575	0.031668802	0.065030058	0.006579105	-0.055387043	-0.087760065	-0.073243154	0	0.0737316	-0.143732	0.0591742	0.00220549	0.000627102	0.000335089	0.09992405	1.107286253	0.6350975	-0.494493194
-0.007832295	0.070025326	0.040055011	-0.06199229	0.033746461	0.002567922	0.06427836	0.004388308	-0.057920752	-0.088301615	-0.070007153	0	0.0563753	-0.099078	0.0378353	0.00200292	0.000312157	0.000335089	0.10922495	0.826920085	-0.560089626	-0.807038987
0.00636872	-0.014084513	-0.024666606	-0.08528227	0.021367745	-0.040544751	0.063516829	0.002194826	-0.060374724	-0.088627075	-0.066503497	0	0.0527595	-0.115225	-0.00655473	0.00217378	0.00036264	0.000335089	0.07521998	0.420924863	0.196210739	-1.168788201
-0.047022102	-0.084932733	-0.053747881	-0.01352961	-0.01439786	-0.083850077	0.062745581	0	-0.062745581	-0.088735651	-0.062745581	0	0.0819822	-0.113481	0.0178073	0.00232809	0.000708507	0.000463648	0.08676553	0.898092023	0.69424412	-0.887356127
-0.112204979	0.012114327	-0.016935948	0.090846725	-0.001036204	-0.013371412	0.061964734	-0.002194826	-0.065030058	-0.088627075	-0.058747771	0	0.119276	-0.111329	0.029905	0.00256131	0.000476688	0.00090413	0.09681955	1.042856892	0.462333348	-0.635839483
0.022338315	0.056448359	0.026838279	0.012821371	-0.039772835	0.051017142	0.061174408	-0.004388308	-0.067225012	-0.088301615	-0.054525354	0	0.128156	-0.140881	0.0576684	0.0026877	0.000599267	0.000945153	0.080695	1.20042564	0.567760187	-0.283070788
0.002120255	-0.02571708	-0.024315689	-0.068567988	0.067768783	0.049685443	0.060374724	-0.006579105	-0.06932742	-0.087760065	-0.050094472	0	0.112363	-0.0957253	0.0274411	0.00249984	0.000550967	0.000770153	0.111734	1.071728453	-0.743841632	-0.670071144
-0.13866818	-0.037432833	-0.015104762	0.022236116	-0.076322839	0.013328504	0.059565804	-0.008765877	-0.071334389	-0.087003752	-0.045472066	0	0.124723	-0.110651	0.0114143	0.00268479	0.000591493	0.000845265	0.0583419	0.809537019	0.977733241	-0.898310179
-0.018464219	0.061372232	-0.023003133	0.088080474	-0.025641076	-0.024522486	0.058747771	-0.010947285	-0.073243154	-0.086034526	-0.040675809	0	0.117816	-0.0861206	0.0114151	0.00249984	0.00076207	0.00114081	0.0639918	1.070696759	0.635468409	-0.722544684
0.015990743	0.103085342	0.007071056	0.018625085	-0.005736123	0.000477977	0.057920752	-0.013121995	-0.075051089	-0.084854759	-0.035724037	0	0.119087	-0.0914757	0.0139774	0.00241499	0.000362385	0.000981583	0.0413765	0.962531903	0.554383154	-0.754887061
-0.007833479	0.056565336	0.001286638	-0.145837601	-0.016530752	0.028091672	0.057084872	-0.015288675	-0.076755704	-0.083467338	-0.030635683	0	0.103402	-0.0590119	0.0113161	0.00214547	0.000359604	0.00104272	0.067482	0.616223864	-0.97372775	-0.938972712
0.007612815	-0.050235048	-0.013019324	-0.045011927	-0.06113358	-0.024390364	0.056240259	-0.017446001	-0.078354654	-0.081875659	-0.0254302	0	0.120041	-0.10998	0.0114084	0.00267135	0.000434301	0.00114081	0.10263275	0.957517908	1.384879081	-0.752790114
-0.085058957	-0.031312952	0.053416519	0.010094788	0.147354006	0.023935773	0.055387043	-0.019592651	-0.079845736	-0.080083616	-0.020127492	0	0.0979617	-0.102816	0.0512775	0.00267135	0.000441567	0.00105144	0.0739442	0.929927465	-1.471308759	-0.342958196
0.029757979	0.070937335	0.066511916	0.009713262	-0.009657677	0.073896364	0.054525354	-0.021727313	-0.081226898	-0.078095595	-0.01474783	0	0.112293	-0.137378	0.0513066	0.00272438	0.000572304	0.00119318	0.06519775	1.09868772	0.306541015	-0.34311167
0.028241824	-0.074502544	0.019275528	-0.097934548	0.010801781	-0.003776462	0.053655324	-0.02384868	-0.082496239	-0.075916462	-0.009311784	0	0.112365	-0.140364	0.0705106	0.00267135	0.000542151	0.000735825	0.0492889	1.00824692	-0.019634524	-0.356203368
-1.25E-05	-0.054335529	-0.028212157	0.103299852	0.045468596	-0.103644095	0.052777086	-0.025955455	-0.083652011	-0.073551548	-0.003840137	0	0.105442	-0.129807	0.0513016	0.00267135	0.000598396	0.00114081	0.0597505	0.952209591	0.229176427	-0.424006408
0.082456222	0.018428478	0.003480913	0.087742649	0.046684301	-0.161981583	0.051890774	-0.028046348	-0.084692623	-0.07100664	0.001646193	0	0.123489	-0.147369	0.058282	0.00284672	0.000715365	0.00114081	0.05720635	1.086873835	0.342386511	-0.263431692
0.087100015	0.069132467	0.023467975	0.025110836	0.031892011	0.011308309	0.050996524	-0.03012008	-0.085616642	-0.068287968	0.007126228	0	0.112304	-0.10701	0.0513163	0.00260771	0.000749159	0.00114081	0.0721499	1.124197422	-0.821491519	-0.539722849
0.053895847	-0.029757337	0.00841023	-0.13676632	-0.057160221	-0.076233614	0.050094472	-0.032175382	-0.086422797	-0.065402184	0.012579018	0	0.0919891	-0.100484	0.0380726	0.00256476	0.000566122	0.00105195	0.05582695	0.699900826	-0.867875912	-0.760843906
-0.091003746	-0.030533658	-0.008899727	-0.121882977	0.065769152	0.040598598	0.049184758	-0.034210996	-0.087109978	-0.06235635	0.017983715	0	0.0822816	-0.0967781	-0.0347538	0.00289777	0.000439651	0.00114081	0.11365685	0.082594934	0.378214591	-1.060517628
-0.085951931	-0.041046052	-0.038664709	0.067162667	-0.05149712	-0.008073592	0.048267519	-0.036225677	-0.087677238	-0.059157919	0.023319656	0	0.106756	-0.1094	-0.0169142	0.00294911	0.000634216	0.00103305	0.07261915	0.495821447	1.133763836	-1.03898657
-0.039811435	0.114866199	0.042194923	-0.151528916	0.0595996	0.08342798	0.047342896	-0.038218192	-0.088123797	-0.055814719	0.02856644	0	0.0693141	-0.0234662	-0.000535117	0.00189512	0.000480919	0.000983869	0.202578183	0.326462979	-1.25649406	-1.196710742
-0.017769391	0.030518827	-0.036728359	-0.107032393	-0.034838439	0.044633185	0.046411031	-0.040187322	-0.08844904	-0.05233493	0.033704006	0	0.0712588	-0.0305	0.00114736	0.0017251	0.000367009	0.000768255	0.035638177	0.398922586	-0.066225973	-1.239406282
-0.036461283	-0.015527627	-0.032619586	-0.057234522	-0.018562269	0.007521521	0.045472066	-0.042131861	-0.088652519	-0.04872707	0.038712714	0	0.0637987	-0.0340268	0.00554248	0.00227289	0.000480608	0.000796729	0.04987517	0.492659474	0.488693215	-1.096166566
-0.090851019	-0.049864008	-0.043935373	0.014070953	0.012709359	-0.051146012	0.044526145	-0.044050621	-0.088733954	-0.044999966	0.043573413	0	0.0945911	-0.0737795	0.0162648	0.0030806	0.000838394	0.00127305	0.16335827	0.450821768	0.404204799	-0.835203399
-0.020349182	0.062002307	0.058922252	0.075450245	-0.02765075	0.015507774	0.043573413	-0.045942427	-0.088693233	-0.04116274	0.048267519	0	0.120643	-0.107722	0.0302197	0.0030806	0.00108041	0.00129077	0.0869361	0.747137717	1.095658549	-0.660043488
-0.076563517	0.025349372	0.025221734	-0.132489257	0.020200067	0.091614952	0.042614014	-0.047806122	-0.088530413	-0.037224782	0.052777086	0	0.0914147	-0.0732986	0.0285584	0.00264975	0.000331412	0.00107376	0.1351559	0.420470228	-1.217250261	-0.917064212
-0.040047417	-0.051026449	-0.012415737	-0.028922884	-0.003467461	0.0389615	0.041648097	-0.049640564	-0.088245716	-0.033195728	0.057084872	0	0.0985497	-0.118693	0.0339361	0.00302117	0.000704572	0.000927338	0.1024572	0.730338236	0.548862962	-0.68813225
-0.074012263	-0.001540161	0.001381012	-0.006573305	0.029325022	0.053744173	0.040675809	-0.051444632	-0.087839536	-0.029085439	0.061174408	0	0.0902662	-0.0846766	0.0437621	0.0030806	0.000580755	0.00104799	0.06732085	0.700492876	-1.176830433	-0.771846018
-0.04676633	0.090887697	0.030110053	0.037628744	-0.059674538	-0.036517958	0.039697298	-0.053217222	-0.087312431	-0.024903973	0.065030058	0	0.0905704	-0.108581	0.0277362	0.00318828	0.000875062	0.000982514	0.06360765	0.548836479	1.210560841	-0.887009633
0.062117999	0.057173156	0.002806908	-0.023220758	0.028653877	-0.038550948	0.038712714	-0.05495725	-0.086665127	-0.020661562	0.068637082	0	0.101257	-0.105211	0.036723	0.00302947	0.000570303	0.000982514	0.04622185	0.591684515	0.208789011	-0.771072256
0.002441903	-0.074229506	0.023406528	-0.039579462	-0.12681737	0.072651436	0.037722208	-0.056663649	-0.085898515	-0.01636859	0.071981688	0	0.13795	-0.119029	0.0475097	0.00319813	0.000966798	0.00113327	0.09709325	0.84230028	0.780177805	-0.470732341
-0.054000301	-0.065450145	0.018247422	0.079781961	-0.020410516	0.047854406	0.036725932	-0.058335377	-0.08501365	-0.012035561	0.075051089	0	0.132666	-0.12248	0.0693601	0.0030806	0.00114927	0.000982514	0.0531233	0.847407063	0.199691924	-0.371084566
-0.013383071	0.06775921	0.02960663	0.037045456	-0.021900217	0.081681322	0.035724037	-0.059971411	-0.084011751	-0.007673078	0.07783355	0	0.147132	-0.109557	0.0656934	0.0030806	0.00104613	0.000982514	0.0362127	0.883543241	0.370075873	-0.483864319
0.093188695	0.014083236	0.041924624	-0.027684154	-0.036567388	0.019781907	0.034716677	-0.061570748	-0.082894197	-0.003291819	0.080318434	0	0.138428	-0.104244	0.0717277	0.0030806	0.000829083	0.00104518	0.03403695	0.938694349	-0.103050873	-0.468619438
0.051237536	-0.101275376	-0.039641373	0.023327139	-0.102826458	0.033427288	0.033704006	-0.063132412	-0.081662526	0.001097497	0.082496239	0	0.148549	-0.117853	0.0691315	0.00330076	0.00100624	0.00129155	0.05851055	1.048853071	0.564143694	-0.456438451
0.023727846	0.000756018	0.01989595	0.113513414	0.067482868	0.06695418	0.03268618	-0.064655446	-0.080318434	0.005484126	0.084358639	0	0.136216	-0.11335	0.0717736	0.00327886	0.000922052	0.00114213	0.0322535	0.96918156	-0.670825228	-0.346885238
0.011982902	0.062910349	0.030994329	-0.036528097	0.036725347	-0.083538499	0.031663353	-0.066138917	-0.078863771	0.009857335	0.085898515	0	0.111106	-0.115474	0.0613991	0.00345265	0.00073337	0.00115266	0.0562586	0.415039221	-1.068068403	-0.709068769
0.086774835	0.025270183	0.015394668	0.0390862	-0.074150977	-0.095084153	0.030635683	-0.06758192	-0.07730054	0.014206422	0.087109978	0	0.11115	-0.133589	0.0440781	0.00318905	0.000844115	0.000982514	0.06270455	0.628344225	0.691192493	-0.742858263
-0.01212675	-0.055711921	-0.011357434	-0.096061776	0.023536055	-0.087085165	0.029603325	-0.06898357	-0.075630893	0.018520742	0.087988396	0	0.0747962	-0.102364	0.0337986	0.0030806	0.000749797	0.000725058	0.1008695	0.436320885	-1.323636377	-1.004718557
-0.06260454	-0.088198373	-0.021385	0.005443634	-0.060954023	-0.01875763	0.02856644	-0.07034301	-0.073857128	0.02278974	0.088530413	0	0.0956701	-0.12665	0.0315351	0.00320379	0.00084175	0.000801787	0.062017	0.434083239	1.032587014	-0.946989303
-0.067490024	-0.014930651	-0.007205719	0.063371552	0.072316601	0.004971301	0.027525184	-0.071659408	-0.071981688	0.027002967	0.088733954	0	0.0899806	-0.0886546	0.0218841	0.00335369	0.0010091	0.000982514	0.07823475	0.44736621	-0.879836113	-0.890259571
0.000869884	0.119422837	0.001428767	0.020261368	0.037804423	-0.050128494	0.026479718	-0.072931959	-0.070007153	0.031150114	0.088598243	0	0.0541747	-0.106791	0.0289322	0.00333962	0.000616001	0.00040903	0.11002305	0.205229948	0.435041013	-1.090684435
-0.020766527	0.052800634	0.003286936	-0.125144853	0.066558438	0.051106365	0.0254302	-0.074159884	-0.067936243	0.03522103	0.088123797	0	0.0324912	-0.072458	0.00960293	0.0033317	0.000578892	0.000572797	0.08578557	-0.063315219	-0.823428461	-1.276485069
0.041499777	-0.024773154	0.004712164	-0.029871675	-0.019944396	-0.043866443	0.024376793	-0.075342432	-0.065771808	0.039205756	0.087312431	0	0.056201	-0.122119	0.019725	0.00364104	0.000919607	0.00044229	0.12252097	0.069712794	0.989427384	-1.147143296
-0.018087036	-0.094725278	-0.013489495	0.000766625	0.07109102	0.012086248	0.023319656	-0.076478878	-0.063516829	0.043094538	0.086167247	0	0.0668543	-0.080544	0.0426322	0.00382876	0.000622422	0.000572797	0.1059061	0.322153595	-1.070331005	-0.797356231
-0.038511191	0.070911499	-0.037713758	0.084907145	0.013318235	0.011261513	0.022258952	-0.077568528	-0.061174408	0.04687786	0.084692623	0	0.0798244	-0.100916	0.0197606	0.00364104	0.000895425	0.000572797	0.07924985	0.307419169	0.882594473	-0.988652826
0.052522497	0.051324671	-0.025647029	-0.069877432	0.023196058	0.042717185	0.021194843	-0.078610716	-0.058747771	0.050546465	0.082894197	0	0.0713646	-0.11262	0.0439532	0.00364104	0.000869065	0.000468554	0.05088655	0.16539205	-0.374300238	-0.845647349
0.105811797	-0.042703085	-0.024687466	-0.054289614	-0.034671809	-0.012602359	0.020127492	-0.079604802	-0.056240259	0.054091373	0.080778844	0	0.0798103	-0.143682	0.0674651	0.00402635	0.000871105	0.000572797	0.08759925	0.178249392	0.322372782	-0.615531081
-0.065584288	-0.079965534	-0.011459392	0.032741971	0.070708908	0.072647483	0.019057061	-0.080550179	-0.053655324	0.057503912	0.078354654	0	0.0647391	-0.13446	0.0638204	0.00413776	0.00061407	0.000646496	0.0500451	0.030042839	-0.558868764	-0.633640245
0.026366088	0.054239801	-0.041491888	0.089918269	-0.004234992	0.032598624	0.017983715	-0.081446269	-0.050996524	0.060775728	0.075630893	0	0.0798256	-0.151192	0.0363884	0.00409213	0.000761968	0.000572797	0.07261185	-0.038083821	0.923819485	-0.766305061
0.077841479	0.024467444	-0.056372187	-0.025621125	-0.015489478	0.02268436	0.016907618	-0.082292523	-0.048267519	0.063898816	0.072617975	0	0.079821	-0.150336	0.0686988	0.00381542	0.000837162	0.000572797	0.0507662	0.104987585	0.359888426	-0.659322464
0.03336652	-0.049037299	-0.029722429	-0.001220026	0.014004585	0.134059075	0.015828935	-0.083088424	-0.045472066	0.066865533	0.06932742	0	0.0889424	-0.155669	0.0650334	0.00383329	0.000801321	0.000642354	0.0242832	0.169451786	0.965812824	-0.730285953
0.029189828	0.026866329	-0.03155807	0.103653297	0.0599777	0.045120999	0.01474783	-0.083833484	-0.042614014	0.069668619	0.065771808	0	0.104995	-0.140928	0.073524	0.00379336	0.000897943	0.000625174	0.0469708	0.368695766	0.329415513	-0.418300149
0.030373034	0.037277227	-0.020898625	0.008949265	-0.084021357	-0.009584271	0.013664469	-0.084527247	-0.039697298	0.072301214	0.061964734	0	0.0982357	-0.126153	0.0567553	0.00381729	0.00098309	0.000572797	0.0463757	0.287321651	-0.179626678	-0.838134876
0.045578212	-0.036950944	-0.070949491	0.011616026	-0.065649148	-0.034883777	0.012579018	-0.08516929	-0.036725932	0.074756876	0.057920752	0	0.107071	-0.121616	0.0701156	0.00371165	0.000915973	0.000783967	0.04592895	0.333244078	-0.044676898	-0.673073481
-0.006244073	-0.093828048	-0.070561675	0.101535717	-0.046295747	-0.025982414	0.011491643	-0.085759218	-0.033704006	0.077029595	0.053655324	0	0.106461	-0.128925	0.0364218	0.00403354	0.000912997	0.000887657	0.0630406	0.130062013	0.289683574	-0.817995214
-0.025762511	-0.022092417	-0.114463566	0.090504072	-0.013928794	-0.047885591	0.010402509	-0.086296672	-0.030635683	0.07911381	0.049184758	0	0.106144	-0.138331	0.0363937	0.00392963	0.000941024	0.000708823	0.02528965	0.205989784	-0.015732339	-0.75734246
-0.006133936	0.076569969	-0.035720246	0.042354832	0.016415785	-0.053166827	0.009311784	-0.086781322	-0.027525184	0.08100442	0.044526145	0	0.0791127	-0.11511	0.0634155	0.00348952	0.000659771	0.000802686	0.1180354	0.122804611	-0.559185047	-0.723242344
0.043121734	0.047177745	-0.087747215	-0.013981831	-0.038443496	0.023052087	0.008219635	-0.087212872	-0.024376793	0.082696799	0.039697298	0	0.0879538	-0.184828	0.0515925	0.00382522	0.00086985	0.000572797	0.1291655	-0.006182308	0.696602451	-0.541857339
0.014174205	-0.0865777	-0.068085068	-0.013711893	0.049757056	-0.019856044	0.007126228	-0.087591057	-0.021194843	0.084186805	0.034716677	0	0.0740514	-0.132477	0.058767	0.00365285	0.000855453	0.00068052	0.0881524	0.196268183	-1.082604077	-0.743161786
0.029272427	-0.064283374	-0.103559929	0.131125804	0.066449645	0.013635399	0.006031731	-0.087915647	-0.017983715	0.085470791	0.029603325	0	0.109925	-0.151324	0.0692407	0.00379121	0.000833161	0.000929227	0.08566225	0.4143536	0.218612801	-0.339121764
0.080423952	0.060193441	-0.093975867	0.099159001	0.084873063	-0.007623801	0.004936312	-0.088186443	-0.01474783	0.086545617	0.024376793	0	0.0909217	-0.120227	0.0786618	0.00379121	0.000729677	0.000665606	0.07787665	0.374930034	-0.939453281	-0.438794933
0.181210348	0.009605198	-0.140097038	-0.02411784	0.015074222	-0.126145332	0.003840137	-0.088403278	-0.011491643	0.08740865	0.019057061	0	0.105787	-0.186774	0.00265029	0.00455591	0.000946995	0.000740959	0.21029236	0.277518126	-1.091536586	-0.348911569
0.063781571	-0.061757923	-0.086590009	-0.023020593	0.01062484	-0.122987506	0.002743375	-0.088566021	-0.008219635	0.08805778	0.013664469	0	0.0611968	-0.157839	0.0719466	0.00367051	0.000601835	0.000670132	0.20789086	0.201253158	-1.244391866	-0.468483249
0.031231995	-0.093368735	-0.094298969	0.031018504	0.026987013	0.023379762	0.001646193	-0.088674572	-0.004936312	0.088491418	0.008219635	0	0.0566566	-0.194629	0.0719532	0.00368333	0.000458058	0.000572797	0.0540334	0.385731032	0.43001009	-0.093034285
-0.015712159	0.02929284	-0.023902538	0.110823424	0.041667647	-0.038029886	0.000548759	-0.088728864	-0.001646193	0.088708503	0.002743375	0	0.0499742	-0.164779	0.0664684	0.00368333	0.000569281	0.000572797	0.04757835	-0.079350002	-0.501323745	-0.587488007
0.052441423	0.05056887	-0.107050622	0.043078456	-0.089636288	0.180398231	-0.000548759	-0.088728864	0.001646193	0.088708503	-0.002743375	0	0.0744381	-0.204035	0.0651346	0.00412011	0.000787285	0.000749256	0.10661585	0.112142369	0.554761714	-0.1957003
0.016998801	-0.06663794	-0.048574379	-0.074174694	-0.069596521	-0.046781262	-0.001646193	-0.088674572	0.004936312	0.088491418	-0.008219635	0	0.0654121	-0.211768	0.0202171	0.00404987	0.000122466	3.87E-05	0.13395975	-0.155140751	0.459870003	-0.737647917
-0.271836685	-0.081294859	0.583627432	0.009748554	-0.244569978	-0.185851965	-0.002743375	-0.088566021	0.008219635	0.08805778	-0.013664469	0	-0.0305605	-0.491175	0.239283	0.00169717	-0.000246512	-0.00104343	0.7846334	1.642998316	6.357268272	2.166008316
0.127559155	-0.058155137	0.30515928	-0.010542615	0.152175128	0.141485699	-0.003840137	-0.088403278	0.011491643	0.08740865	-0.019057061	0	-0.063132	-0.365104	0.285431	0.00157083	-8.83E-05	0.00071799	0.307088995	2.440758457	-2.627651369	3.027275141
-0.11852561	0.031059408	0.13498436	-0.040535564	0.116630229	-0.108731902	-0.004936312	-0.088186443	0.01474783	0.086545617	-0.024376793	0	-0.00740774	-0.281017	0.148932	0.00294108	-0.000121524	0.000717989	0.346483905	0.231806329	0.474413106	0.495431531
0.054498342	0.083413672	0.10895275	-0.038147909	0.044927451	-0.141025056	-0.006031731	-0.087915647	0.017983715	0.085470791	-0.029603325	0	0.0278419	-0.297606	0.124218	0.0029533	-0.000272495	0.00103702	0.10066374	0.879885343	0.77916315	1.325936949
0.021048202	-0.024853489	0.102848894	-0.130231082	-0.019223528	-0.019400053	-0.007126228	-0.087591057	0.021194843	0.084186805	-0.034716677	0	0.0220209	-0.249952	0.12514	0.00283748	-0.000387059	0.00104323	0.0662267	0.349855766	0.707891575	0.649572923
-0.066044478	-0.058621435	0.052275886	0.011520848	-0.01024397	0.047527479	-0.008219635	-0.087212872	0.024376793	0.082696799	-0.039697298	0	0.043648	-0.235819	0.118611	0.00303461	-0.000453829	0.00106293	0.0564691	0.782887278	0.000217503	1.125675911
-0.01411845	0.059024906	0.094689805	0.049582156	-0.013776184	0.051981795	-0.009311784	-0.086781322	0.027525184	0.08100442	-0.044526145	0	0.0319747	-0.216325	0.161404	0.00253691	-0.000453829	0.00118195	0.1047963	0.566677959	0.712523681	0.817354759
0.035733479	0.085395379	0.034029155	0.011101741	-0.031347016	-0.029293182	-0.010402509	-0.086296672	0.030635683	0.07911381	-0.049184758	0	0.0416153	-0.2178	0.134019	0.00267359	-0.000293746	0.00112627	0.05612275	1.007049244	0.285869528	0.9819097
0.047729176	0.034051674	0.07388288	-0.037462256	-0.09117425	0.120828592	-0.011491643	-0.085759218	0.033704006	0.077029595	-0.053655324	0	0.0319907	-0.21511	0.134398	0.00280903	-0.000453829	0.00113059	0.02768575	0.723647777	0.739402779	0.827779812
-0.04997705	-0.081678753	0.059723001	-0.089838782	-0.006091757	0.025253596	-0.012579018	-0.08516929	0.036725932	0.074756876	-0.057920752	0	0.0280201	-0.234128	0.123592	0.00308563	-0.000453829	0.00103131	0.0525886	0.483065833	0.497100226	0.813271778
-0.031676794	0.068153028	0.113578166	0.002165596	0.031220057	-0.036286963	-0.013664469	-0.084527247	0.039697298	0.072301214	-0.061964734	0	0.0320157	-0.241395	0.146647	0.00289924	-0.000453829	0.00100159	0.0451231	0.603686332	0.597112664	1.059175607
-0.032117506	-0.010307263	0.090332998	-0.108152793	0.006025388	0.118951384	-0.01474783	-0.083833484	0.042614014	0.069668619	-0.065771808	0	-0.00581971	-0.215051	0.123594	0.00304277	-0.000453829	0.000817371	0.10361986	0.364267661	-1.535611752	0.66188742
-0.066076251	-0.054344165	0.029481143	0.001068614	0.037465765	0.125568141	-0.015828935	-0.083088424	0.045472066	0.066865533	-0.06932742	0	-0.000790546	-0.253616	0.141343	0.00345405	-0.000510361	0.000897603	0.088745364	0.377369717	0.325566237	0.911568565
-0.085025941	0.02320456	0.035234953	-0.08450073	0.214363471	0.014488143	-0.016907618	-0.082292523	0.048267519	0.063898816	-0.072617975	0	-0.0322729	-0.204658	0.123697	0.00337756	-0.000453829	0.000636258	0.117804704	0.019421835	-3.218683836	0.360128342
0.05316428	0.080007702	0.052758119	0.094875533	0.011887177	0.00385926	-0.017983715	-0.081446269	0.050996524	0.060775728	-0.075630893	0	0.0227302	-0.269927	0.123701	0.00339914	-0.000453829	0.00100969	0.1400267	0.486034166	1.101836355	0.808714275
0.043590876	0.013766237	0.035937791	-0.061028557	-0.007444765	-0.010777112	-0.019057061	-0.080550179	0.053655324	0.057503912	-0.078354654	0	0.0214059	-0.259279	0.138265	0.00385333	-0.000453828	0.00098929	0.05026585	0.22859805	0.604085186	0.908460792
-0.029696364	-0.076669264	0.034242463	0.026940096	-0.071570653	0.018695601	-0.020127492	-0.079604802	0.056240259	0.054091373	-0.080778844	0	0.0214513	-0.249921	0.144576	0.00345405	-0.000453828	0.000817372	0.0442743	0.460546371	0.557332119	1.041265658
0.009343541	0.060548693	0.043378716	0.033085401	0.034787248	0.022168298	-0.021194843	-0.078610716	0.058747771	0.050546465	-0.082894197	0	0.0213935	-0.268457	0.145781	0.00345405	-0.000453829	0.00105984	0.03192225	0.322970607	0.706646331	1.136291735
0.053202787	-0.018613471	0.028657094	0.006372956	-0.113496651	0.093352906	-0.022258952	-0.077568528	0.061174408	0.04687786	-0.084692623	0	0.0570322	-0.293587	0.153726	0.00403921	-0.000249269	0.0015219	0.1313027	0.230791615	1.075587056	1.060585019
-0.008786446	-0.051406538	-0.053899982	-0.011745503	-0.067101645	0.004727375	-0.023319656	-0.076478878	0.063516829	0.043094538	-0.086167247	0	0.0729223	-0.267079	0.157351	0.00377373	-0.000256934	0.00152189	0.05968085	0.594047297	0.23778602	1.358752794
-0.034459441	0.012580007	0.045206987	0.112790052	0.009042179	-0.008166299	-0.024376793	-0.075342432	0.065771808	0.039205756	-0.087312431	0	0.0424695	-0.227797	0.133933	0.00353699	-0.000204883	0.00118815	0.12427935	0.334602052	-0.125215402	0.713024103
0.045857611	0.096200792	0.039741943	-0.021681546	-0.012224735	0.010526855	-0.0254302	-0.074159884	0.067936243	0.03522103	-0.088123797	0	0.050699	-0.273211	0.145869	0.00373624	-0.000281927	0.00138676	0.0893247	0.319155612	0.241841901	1.117644564
-0.00744366	-0.024923569	-0.044852562	-0.064721534	-0.023296788	-0.085066556	-0.026479718	-0.072931959	0.070007153	0.031150114	-0.088598243	0	0.0506557	-0.250264	0.126385	0.00412932	-9.67E-05	0.00143528	0.07381486	-0.041313592	-0.640147602	0.708102745
-0.046632028	-0.066812998	-0.021641393	0.112541571	-0.051052726	0.033715073	-0.027525184	-0.071659408	0.071981688	0.027002967	-0.088733954	0	0.0635917	-0.309935	0.129339	0.00431949	-5.38E-05	0.00152189	0.091546435	0.20550081	0.681544241	1.181003889
-0.031533512	0.078267361	0.013458505	-0.015452648	0.063684619	-0.053276011	-0.02856644	-0.07034301	0.073857128	0.02278974	-0.088530413	0	0.0337408	-0.244382	0.100793	0.00412932	-4.46E-05	0.00137336	0.141345635	-0.402581021	-1.558027473	0.319238726
0.064963525	0.078317662	-0.05101841	-0.005189005	-0.02569937	-0.073481494	-0.029603325	-0.06898357	0.075630893	0.018520742	-0.087988396	0	0.0507004	-0.308759	0.102432	0.0044857	-0.000453828	0.0015219	0.12868438	-0.270554155	1.342244726	0.652402575
-0.035957234	-0.055617722	-0.06782697	-0.136753397	0.05021314	-0.145955004	-0.030635683	-0.06758192	0.07730054	0.014206422	-0.087109978	0	0.0166934	-0.243249	0.0792522	0.00425855	-0.000453828	0.00121651	0.1493238	-0.673404174	-1.995084526	0.139541021
-0.030866312	-0.105722503	-0.068111253	0.003895641	-0.066084968	-0.05568005	-0.031663353	-0.066138917	0.078863771	0.009857335	-0.085898515	0	0.0495734	-0.304125	0.0696252	0.00483068	-0.000208846	0.0013799	0.1524081	-0.64167937	1.237767296	0.386073138
-0.080464571	0.006292922	-0.059444294	-0.025723669	0.143771414	-0.171145833	-0.03268618	-0.064655446	0.080318434	0.005484126	-0.084358639	0	0.00412946	-0.223352	0.0673563	0.0043011	-0.000268022	0.00131756	0.16104064	-0.594894847	-2.461952559	0.118777846
-0.025712342	0.087495497	-0.027762995	0.069011272	-0.002524073	-0.038570771	-0.033704006	-0.063132412	0.081662526	0.001097497	-0.082496239	0	0.0376955	-0.295599	0.0803198	0.00478478	-0.000453828	0.0015219	0.16246784	-0.717642345	1.580016747	0.431406189
0.006310839	-0.010330667	-0.053020912	-0.073111928	-0.017385136	0.028801232	-0.034716677	-0.061570748	0.082894197	-0.003291819	-0.080318434	0	0.043469	-0.262782	0.078318	0.00480725	-0.000206753	0.0015219	0.05406955	-0.603198508	-0.206677998	0.412905643
-0.046809473	-0.046733812	-0.089491091	0.002674046	-0.054071911	0.0268235	-0.035724037	-0.059971411	0.084011751	-0.007673078	-0.07783355	0	0.0609876	-0.287855	0.0748836	0.00494853	-0.000276332	0.0015219	0.05656895	-0.617864187	0.76096219	0.540003115
-0.026830624	0.072908918	-0.086758089	0.026417177	0.026557108	0.030164366	-0.036725932	-0.058335377	0.08501365	-0.012035561	-0.075051089	0	0.0489754	-0.268086	0.0761394	0.005035	4.70E-05	0.0015219	0.053528775	-0.726355535	-0.646434314	0.461307435
0.002251104	0.030411022	-0.035874087	-0.026628601	-0.082361782	0.006483579	-0.037722208	-0.056663649	0.085898515	-0.01636859	-0.071981688	0	0.0565042	-0.320742	0.103529	0.00534888	-0.000281817	0.0015219	0.119710925	-0.77763244	0.68676589	0.623774945
0.007012181	-0.015278556	-0.0501354	-0.119531646	0.080453631	-0.010305207	-0.038712714	-0.05495725	0.086665127	-0.020661562	-0.068637082	0	0.0376655	-0.255399	0.0797363	0.00473276	-0.000221962	0.0015219	0.14177315	-0.744080925	-1.562936827	0.318345239
-0.047772035	-0.05431292	-0.088029175	-0.036995629	-0.080102733	0.074246609	-0.039697298	-0.053217222	0.087312431	-0.024903973	-0.065030058	0	0.0549829	-0.320712	0.0800704	0.00527494	-0.000105918	0.0015219	0.1158757	-0.860257174	1.184486419	0.466839843
-0.09026862	0.025875316	-0.006592956	0.036402549	-0.008775612	0.002930812	-0.040675809	-0.051444632	0.087839536	-0.029085439	-0.061174408	0	0.0492592	-0.318129	0.0888007	0.00532741	-0.000105374	0.00157612	0.0223987	-0.768938693	1.181994402	0.66751004
-0.026201638	0.077972858	-0.025311055	-0.010311304	-0.128069237	0.031722143	-0.041648097	-0.049640564	0.088245716	-0.033195728	-0.057084872	0	0.0431023	-0.289222	0.069813	0.0051673	-9.50E-05	0.0015219	0.065285785	-0.864432232	0.505640026	0.399247113
-0.019256776	-0.026754335	-0.075488506	0.026575073	-0.028736712	0.139887455	-0.042614014	-0.047806122	0.088530413	-0.037224782	-0.052777086	0	0.058397	-0.308368	0.11359	0.0052054	-0.000253323	0.0015219	0.088037835	-0.440136223	1.016131199	0.865238486
-0.072259514	0.013191972	-0.080082473	0.057158655	0.096616824	-0.071818373	-0.043573413	-0.045942427	0.088693233	-0.04116274	-0.048267519	0	0.0316171	-0.263635	0.0965864	0.00495914	-0.000369544	0.00162351	0.11172105	-0.682628869	-1.833825651	0.412151539
0.05423498	0.066362659	-0.07142376	0.01908138	0.037249801	0.01625196	-0.044526145	-0.044050621	0.088733954	-0.044999966	-0.043573413	0	0.035333	-0.343225	0.096607	0.00503523	-0.000344264	0.00165558	0.0899985	-0.566184919	1.399375387	0.877664963
0.054993003	0.056025384	-0.052619227	-0.002413012	-0.036369982	-0.035013471	-0.045472066	-0.042131861	0.088652519	-0.04872707	-0.038712714	0	0.0285272	-0.277489	0.108994	0.00470959	-0.000264825	0.0015219	0.11186675	-0.636024744	-0.45868956	0.518226259
0.024327249	-0.031965323	-0.006631304	-0.086497362	-0.08524746	-0.045678812	-0.046411031	-0.040187322	0.08844904	-0.05233493	-0.033704006	0	0.0593673	-0.290616	0.0966336	0.00503524	-6.48E-05	0.00166639	0.089835055	-0.64590847	0.294627778	0.625421061
-0.08210159	-0.05629834	-0.080476249	0.017568441	0.097753086	-0.013777728	-0.047342896	-0.038218192	0.088123797	-0.055814719	-0.02856644	0	0.0363328	-0.255914	0.090585	0.0047542	-0.000266023	0.0015219	0.095122055	-0.747531062	-0.991576037	0.443420684
-0.004810864	0.101736891	-0.042813535	0.046799126	0.014429494	-0.013890602	-0.048267519	-0.036225677	0.087677238	-0.059157919	-0.023319656	0	0.0520584	-0.300901	0.103484	0.00494263	-0.000168131	0.00160895	0.0922802	-0.660507879	0.701506944	0.680953052
0.020700427	0.022923175	-0.043570346	-0.06420086	-0.022966882	0.100134434	-0.049184758	-0.034210996	0.087109978	-0.06235635	-0.017983715	0	0.0353713	-0.263983	0.105946	0.00475106	-4.16E-05	0.00144627	0.080105365	-0.666504146	-0.415278564	0.469712102
0.028052498	-0.067760274	-0.081870566	0.039322985	0.019300984	0.005773792	-0.050094472	-0.032175382	0.086422797	-0.065402184	-0.012579018	0	0.0431388	-0.285061	0.112235	0.00483194	-0.000268228	0.00145612	0.051001615	-0.640551896	0.932514062	0.564929184
-0.047627023	-0.051908527	-0.030495037	0.022815762	0.072161732	-0.072206521	-0.050996524	-0.03012008	0.085616642	-0.068287968	-0.007126228	0	0.0305297	-0.256648	0.0878579	0.00498154	-0.000103498	0.00145913	0.0812662	-0.743465841	-0.860924501	0.432467648
0.032485295	0.042376291	0.002177782	0.063671941	-0.072853829	-0.032515843	-0.051890774	-0.028046348	0.084692623	-0.07100664	-0.001646193	0	0.0541103	-0.298062	0.10335	0.00506277	-0.000304902	0.00168	0.1056619	-0.716591006	1.094492083	0.688163293
0.045748243	0.011502819	0.013773822	-0.027205024	-0.011762873	0.00727983	-0.052777086	-0.025955455	0.083652011	-0.073551548	0.003840137	0	0.0533804	-0.278923	0.127455	0.00504282	7.04E-05	0.0015219	0.07164335	-0.698249603	0.734272887	0.719995175
0.001558786	-0.081752839	-0.031871761	-0.023043658	0.037233816	0.067779138	-0.053655324	-0.02384868	0.082496239	-0.075916462	0.009311784	0	0.062742	-0.2973	0.115399	0.00528944	-2.56E-05	0.00177655	0.069658395	-0.819531623	-0.151674584	0.679259948
-0.017528703	0.033881034	0.001398167	0.069929248	-0.017693354	0.102965132	-0.054525354	-0.021727313	0.081226898	-0.078095595	0.01474783	0	0.0487411	-0.320838	0.132152	0.00529625	-0.000110927	0.0015219	0.071632805	-0.600568296	1.015839895	0.916708792
0.041681986	0.049744505	-0.021781851	-0.049904392	-0.077377281	0.108382577	-0.055387043	-0.019592651	0.079845736	-0.080083616	0.020127492	0	0.0276713	-0.291758	0.115343	0.00509388	-0.00011087	0.0015219	0.07708015	-0.837452151	-0.399001462	0.499792696
0.044040512	-0.045886021	0.005504406	-0.0288859	-0.049960555	0.034632958	-0.056240259	-0.017446001	0.078354654	-0.081875659	0.0254302	0	0.0337074	-0.321534	0.126869	0.00549669	1.51E-05	0.00157217	0.076292185	-0.665617503	0.639261504	0.855299152
-0.02850349	-0.069375222	-0.007272845	-0.000246553	-0.016288933	-0.025334786	-0.057084872	-0.015288675	0.076755704	-0.083467338	0.030635683	0	0.0430821	-0.279031	0.0983299	0.00554452	3.01E-05	0.0015219	0.086070185	-1.018821089	-0.731223881	0.427951268
-0.010340933	0.01555314	-0.008791241	0.065033194	0.099183891	0.112604291	-0.057920752	-0.013121995	0.075051089	-0.084854759	0.035724037	0	0.0269763	-0.326801	0.11757	0.00579402	0.000107994	0.0015219	0.09948563	-0.99656848	0.635926519	0.720623501
0.021041048	0.09028536	0.052722472	-0.015225294	0.063143495	0.005373119	-0.058747771	-0.010947285	0.073243154	-0.086034526	0.040675809	0	0.0226226	-0.270483	0.0982871	0.00537203	-2.82E-05	0.0015219	0.107865705	-1.144625124	-1.167424995	0.408177049
0.075914591	-0.040712398	0.019479173	-0.067337568	-0.036399361	-0.003659046	-0.059565804	-0.008765877	0.071334389	-0.087003752	0.045472066	0	0.0182574	-0.299888	0.106215	0.00507406	-9.11E-05	0.0015219	0.059739615	-0.904333574	0.254184936	0.576438946
-0.06040434	-0.079666882	0.018366968	-0.081118946	0.014917974	-0.063422558	-0.060374724	-0.006579105	0.06932742	-0.087760065	0.050094472	0	0.0105507	-0.242901	0.078003	0.00525841	-6.27E-05	0.0015219	0.10354169	-1.071593887	-1.049020655	0.131740837
-0.008152233	-0.013841963	0.017345466	0.017194117	0.044301385	0.034498927	-0.061174408	-0.004388308	0.067225012	-0.088301615	0.054525354	0	0.0428328	-0.313563	0.105073	0.00547377	-8.96E-05	0.00168424	0.15024463	-0.841709126	0.224101857	0.757467984
-0.041330046	0.056679597	0.048163054	0.016559583	0.091090191	0.069142971	-0.061964734	-0.002194826	0.065030058	-0.088627075	0.058747771	0	0.0318752	-0.241846	0.090456	0.00543571	-3.87E-05	0.00181875	0.10846943	-0.911914235	-1.821296865	0.33019373
0.102034098	0.01811918	0.036795564	0.015051138	-0.0385838	-0.077212775	-0.062745581	0	0.062745581	-0.088735651	0.062745581	0	0.0569098	-0.318318	0.104486	0.00615866	-0.000136966	0.00168897	0.16308877	-1.044208163	1.018445424	0.724828752
0.030974691	-0.02628176	0.039562718	-0.108075222	0.032481363	-0.115949996	-0.063516829	0.002194826	0.060374724	-0.088627075	0.066503497	0	0.0546639	-0.265458	0.0984038	0.00563555	5.62E-05	0.00173885	0.099496135	-1.040242703	-1.640526352	0.555563362
0.041499881	-0.083963082	-0.015334414	0.045524987	-0.040764406	0.064769141	-0.06427836	0.004388308	0.057920752	-0.088301615	0.070007153	0	0.0618158	-0.308822	0.105951	0.00596237	-0.00013186	0.00188636	0.091182835	-0.978700884	0.784136396	0.72437777
-0.062475644	0.009125851	0.014446391	0.018311582	0.126840941	-0.004892943	-0.065030058	0.006579105	0.055387043	-0.087760065	0.073243154	0	0.0356876	-0.237485	0.0826064	0.00582264	-7.74E-05	0.00178215	0.13572805	-1.178447951	-2.537953582	0.361706518
0.08254024	0.060260541	0.035775239	0.096521407	-0.057889419	-0.037594235	-0.065771808	0.008765877	0.052777086	-0.087003752	0.076199127	0	0.0490412	-0.338573	0.101026	0.00633061	-8.50E-05	0.00195895	0.16747624	-1.110758161	1.442910749	0.815021166
0.082947738	0.037749342	0.032417841	-0.016149966	-0.00939079	-0.056485508	-0.066503497	0.010947285	0.050094472	-0.086034526	0.078863771	0	0.0709401	-0.294576	0.0985531	0.00602386	-3.41E-05	0.00212958	0.094778985	-1.100171499	0.202148455	0.692725135
0.038094302	-0.087644293	0.012989603	-0.00510854	-0.098029726	0.002548406	-0.067225012	0.013121995	0.047342896	-0.084854759	0.081226898	0	0.0793637	-0.314767	0.08965	0.0065981	5.32E-05	0.00220845	0.07454225	-1.186667524	0.781011604	0.684956806
-0.01309337	-0.076968571	0.028328391	0.068444307	0.000940794	-0.030724835	-0.067936243	0.015288675	0.044526145	-0.083467338	0.083279474	0	0.0658475	-0.327215	0.0986573	0.00641058	-3.81E-05	0.00214632	0.052019735	-1.147212176	0.740931261	0.827459935
-0.007371919	0.01848665	0.026622092	0.036110821	0.040946686	-0.027430081	-0.068637082	0.017446001	0.041648097	-0.081875659	0.08501365	0	0.0700212	-0.274438	0.0790916	0.00615973	-4.63E-05	0.00213643	0.08996212	-1.106635736	-0.394858071	0.585479456
0.054641356	0.073576632	0.089863264	0.031990864	-0.021410279	-0.019349771	-0.06932742	0.019592651	0.038712714	-0.080083616	0.086422797	0	0.0648777	-0.320606	0.10988	0.00633898	-2.00E-05	0.00207777	0.0953065	-1.07471671	0.591884061	0.783531261
-0.025853556	0.013669919	0.055701167	-0.094859995	0.055225512	0.005112524	-0.070007153	0.021727313	0.035724037	-0.078095595	0.087501527	0	0.0466797	-0.268672	0.0701382	0.00594303	-1.72E-06	0.00194136	0.137407172	-1.291817913	-1.093236424	0.362597833
0.067846978	-0.065057642	0.080744568	-0.036392023	0.05156763	-0.051791037	-0.070676177	0.02384868	0.03268618	-0.075916462	0.088245716	0	0.0591676	-0.331798	0.102933	0.00613584	-7.95E-05	0.00204557	0.127149507	-1.054612023	1.012310161	0.900010843
-0.023440993	0.009563105	0.09362515	0.02801848	0.027386006	0.126309204	-0.071334389	0.025955455	0.029603325	-0.073551548	0.088652519	0	0.0664414	-0.300573	0.10091	0.00624106	-0.000120605	0.00220241	0.055679205	-1.193923022	-0.270180259	0.745018816
0.088939566	0.048854327	0.085668725	0.020169735	-0.068824326	0.095558777	-0.071981688	0.028046348	0.026479718	-0.07100664	0.08872038	0	0.0849419	-0.313563	0.119294	0.00670761	-5.06E-05	0.00227939	0.08055109	-1.001411525	0.600304645	0.916261299
0.04102719	-0.075516563	0.055422194	-0.046874013	0.017588795	-0.076564854	-0.072617975	0.03012008	0.023319656	-0.068287968	0.08844904	0	0.0714123	-0.277799	0.108632	0.00581135	-0.000185922	0.00226082	0.11246304	-1.12147748	-0.378036797	0.689085477
-0.034503086	-0.068438386	-0.000412674	0.011681008	0.008221239	-0.023465148	-0.073243154	0.032175382	0.020127492	-0.065402184	0.087839536	0	0.0725657	-0.314721	0.0659867	0.00647066	-0.000289968	0.00213968	0.1249455	-1.233590822	-0.009928788	0.417429334
0.033503176	-0.070785888	0.026177447	0.11710542	-0.035892718	-0.001425216	-0.073857128	0.034210996	0.016907618	-0.06235635	0.086894199	0	0.0812812	-0.331717	0.093505	0.00614294	-0.000153515	0.00245537	0.09222295	-1.004182146	1.299653408	0.969648298
0.021960711	0.015720821	0.046418447	0.023006411	0.15421012	-0.03711617	-0.074459804	0.036225677	0.013664469	-0.059157919	0.085616642	0	0.0522158	-0.246586	0.0879462	0.00577605	-4.04E-05	0.00216821	0.15811552	-1.165093997	-1.468938391	0.542257844
0.105584325	0.016560056	0.082155929	0.009495288	0.003837717	0.003072767	-0.075051089	0.038218192	0.010402509	-0.055814719	0.084011751	0	0.075323	-0.32884	0.109014	0.00616012	0.000113597	0.00234371	0.16210528	-1.057801222	1.215813408	0.830913143
0.04045075	-0.111805272	0.113669597	0.029249054	0.005641191	-0.011444399	-0.075630893	0.040187322	0.007126228	-0.05233493	0.082085661	0	0.0880058	-0.313255	0.12085	0.00654862	-7.27E-05	0.00230422	0.070819425	-0.938732161	0.691467777	1.025385789
0.041650877	0.034671292	0.065406202	0.141837128	0.013150055	-0.019286995	-0.076199127	0.042131861	0.003840137	-0.04872707	0.079845736	0	0.109507	-0.314377	0.107733	0.00642824	-0.00012864	0.00264322	0.061504925	-1.168300844	1.05173908	0.938592945
0.141760833	0.037227375	0.062560876	0.017306484	-0.048652748	0.007208085	-0.076755704	0.044050621	0.000548759	-0.044999966	0.07730054	0	0.119524	-0.346356	0.141704	0.00624541	-0.000253024	0.00266335	0.0923342	-0.80067592	1.191463478	1.290451391
0.083268458	-0.101545816	0.009758134	-0.021638593	0.042453959	-0.073235774	-0.07730054	0.045942427	-0.002743375	-0.04116274	0.074459804	0	0.0969735	-0.267735	0.109476	0.00624541	-0.000232011	0.00242143	0.14654615	-1.030618214	-1.902173259	0.900486707
0.036524413	-0.134856571	0.073815861	0.060346859	0.054275908	-0.062474481	-0.07783355	0.047806122	-0.006031731	-0.037224782	0.071334389	0	0.0833879	-0.346852	0.101427	0.00650064	-0.00033096	0.00265169	0.12997355	-1.111810331	0.482361084	0.935714261
-0.123847528	-0.00257594	-2.30E-05	0.057073021	0.013571119	0.014416898	-0.078354654	0.049640564	-0.009311784	-0.033195728	0.067936243	0	0.0830539	-0.525153	-0.0548418	0.00921868	0.000117721	0.00364126	0.54271835	-0.868506739	-0.097247137	1.797743786
-0.23813009	0.062680883	-0.073569219	0.007325909	-0.088134819	0.051137459	-0.078863771	0.051444632	-0.012579018	-0.029085439	0.06427836	0	0.114438	-0.429711	-0.145024	0.00872699	-7.95E-05	0.00409723	0.27425198	-1.679824574	1.293027032	1.210809976
-0.091780897	0.069289286	-0.063490482	-0.025547468	0.083759716	-0.043914701	-0.079360824	0.053217222	-0.015828935	-0.024903973	0.060374724	0	0.0971932	-0.323056	-0.0649211	0.00843335	-0.000279841	0.00411045	0.22936312	-1.727137287	-0.815624325	1.077317598
-0.115990189	0.080400667	-0.038025445	-0.063174848	-0.055857454	0.049565161	-0.079845736	0.05495725	-0.019057061	-0.020661562	0.056240259	0	0.12164	-0.35996	-0.0333949	0.00868791	-0.000548092	0.00415377	0.12118355	-1.794657334	0.628236441	1.254878699
-0.136846885	-0.01989881	-0.04567909	-0.036374188	0.055957452	-0.035305488	-0.080318434	0.056663649	-0.022258952	-0.01636859	0.051890774	0	0.0830499	-0.270337	-0.0278647	0.00764149	-0.000104184	0.00383811	0.2240427	-1.940508304	-2.07475626	0.985780779
-0.071296058	0.103499291	-0.084162153	0.00133577	0.042222813	0.087979089	-0.080778844	0.058335377	-0.0254302	-0.012035561	0.047342896	0	0.0976066	-0.302793	-0.0388844	0.0077595	-0.000154606	0.00370429	0.073145	-1.802824257	0.129557769	0.816327051
-0.00747865	0.099590326	-0.104358428	-0.074022926	-0.040075446	0.058711825	-0.081226898	0.059971411	-0.02856644	-0.007673078	0.042614014	0	0.0969623	-0.266872	-0.00473771	0.00794708	2.13E-05	0.00382945	0.09514665	-1.743699265	-0.624783243	0.907661432
-0.002830861	0.064357746	-0.095316609	-0.132461754	-0.047028796	-0.104112851	-0.081662526	0.061570748	-0.031663353	-0.003291819	0.037722208	0	0.119116	-0.285384	-0.0263317	0.00812767	-1.26E-05	0.0039504	0.07903317	-1.69586929	-0.784022458	0.97294184
0.020687044	-0.047607855	-0.075389652	-0.04820485	-0.041956907	-0.081137536	-0.082085661	0.063132412	-0.034716677	0.001097497	0.03268618	0	0.120537	-0.302885	-0.0152492	0.00824243	-2.48E-05	0.00391188	0.038280115	-1.607773714	0.676384459	1.162561633
-0.108430516	-0.016578243	-0.069306711	-0.002409851	-0.079256188	0.028295341	-0.082496239	0.064655446	-0.037722208	0.005484126	0.027525184	0	0.127209	-0.312122	-0.0275239	0.00828621	-0.000150315	0.00402207	0.042157215	-1.693358182	0.145295266	1.069526133
-0.035727588	0.117039297	-0.000246011	0.035366196	-0.02631097	-0.027500647	-0.082894197	0.066138917	-0.040675809	0.009857335	0.022258952	0	0.14179	-0.329874	-0.0113164	0.00797052	-0.000101773	0.00402521	0.0669091	-1.581323521	1.007566592	1.158791014
-0.048836776	0.026462118	-0.028256933	-0.125744366	-0.052188061	0.103347891	-0.083279474	0.06758192	-0.043573413	0.014206422	0.016907618	0	0.138952	-0.301097	-0.0214762	0.0076923	1.89E-05	0.00408144	0.06452976	-1.621975832	-0.715451147	0.98385957
-0.037576796	-0.01916956	-0.054377485	-0.002932964	-0.084630729	0.032596818	-0.083652011	0.06898357	-0.046411031	0.018520742	0.011491643	0	0.155326	-0.334093	-0.018086	0.00822448	-8.76E-05	0.00412795	0.08701601	-1.34687046	0.760693824	1.326111069
-0.058157359	0.020559185	-0.057146579	0.082645107	-0.053365755	0.009096741	-0.084011751	0.07034301	-0.049184758	0.02278974	0.006031731	0	0.155574	-0.32401	-0.0110647	0.0077672	-0.000183724	0.00413392	0.0453235	-1.426618476	0.239687382	1.168703504
-0.022171096	0.120134925	-0.058762517	0.008749332	-0.071380624	0.028911036	-0.084358639	0.071659408	-0.051890774	0.027002967	0.000548759	0	0.15239	-0.311448	0.00803838	0.00752044	-0.000219454	0.00414295	0.04942508	-1.416601542	0.931745594	1.146936075
0.061405501	0.021422727	-0.026848306	-0.088435007	-0.056725842	-0.063118412	-0.084692623	0.072931959	-0.054525354	0.031150114	-0.004936312	0	0.14025	-0.278263	0.0166141	0.00713806	-9.44E-05	0.00403024	0.08490822	-1.371779593	-0.242785808	1.133690971
0.006391666	-0.051847568	-0.031590816	0.00792614	-0.061711032	-0.033996642	-0.08501365	0.074159884	-0.057084872	0.03522103	-0.010402509	0	0.163268	-0.303968	0.00503828	0.00747217	-5.79E-05	0.00431171	0.09290057	-1.175570381	0.459711415	1.264498069
-0.050522374	-0.068632204	-0.02135338	0.031852686	-0.064521083	-0.035235397	-0.085321672	0.075342432	-0.059565804	0.039205756	-0.015828935	0	0.163665	-0.309894	0.0167587	0.00750144	3.38E-05	0.00417661	0.030849115	-1.297018436	0.273925271	1.378430916
-0.067858539	0.084966113	0.000387882	0.045175445	-0.034439901	0.033147528	-0.085616642	0.076478878	-0.061964734	0.043094538	-0.021194843	0	0.156994	-0.279782	0.0166926	0.00727695	8.09E-05	0.0041719	0.05066211	-1.289871141	0.04695136	1.182472068
0.033592189	-0.016676013	-0.026990858	-0.045165692	-0.050448293	0.048889785	-0.085898515	0.077568528	-0.06427836	0.04687786	-0.026479718	0	0.163858	-0.333578	0.0388685	0.00750693	0.000265573	0.00429035	0.109492795	-1.294339742	0.120484157	1.452959072
-0.021446043	-0.043216231	-0.071545646	-0.022660685	0.025561791	0.04093759	-0.086167247	0.078610716	-0.066503497	0.050546465	-0.031663353	0	0.145162	-0.297648	0.026791	0.00744717	0.000197898	0.00399791	0.08769725	-1.227362526	-1.268066199	1.337037004
0.005118549	0.019219387	-0.005496173	0.072589865	0.041823564	-0.015638926	-0.086422797	0.079604802	-0.068637082	0.054091373	-0.036725932	0	0.140822	-0.348375	0.046078	0.00755688	-7.88E-06	0.00401811	0.091138266	-1.310813773	-0.093961977	1.432883814
0.034858556	0.03662511	0.000108344	0.019416511	0.067675105	-0.098092537	-0.086665127	0.080550179	-0.070676177	0.057503912	-0.041648097	0	0.130519	-0.277305	0.0380919	0.00685514	0.00010852	0.00419796	0.139258466	-1.124549151	-0.611351929	1.353321554
0.128738204	0.022312645	0.000429828	0.007624729	-0.000204396	-0.006418585	-0.086894199	0.081446269	-0.072617975	0.060775728	-0.046411031	0	0.13055	-0.322811	0.0507648	0.00667143	-9.58E-06	0.00419069	0.073663725	-1.199738425	0.416415863	1.38323643
0.004679111	-0.039544056	0.020765866	-0.069516622	0.018780286	-0.060347356	-0.087109978	0.082292523	-0.074459804	0.063898816	-0.050996524	0	0.130614	-0.275729	0.0254211	0.00671357	0.000131276	0.00401715	0.090316325	-1.128892596	-1.284532456	1.367095698
-0.060147967	-0.092416684	0.046111415	0.035671462	0.00115063	0.099835838	-0.087312431	0.083088424	-0.076199127	0.066865533	-0.055387043	0	0.114561	-0.298283	0.06074	0.00680115	9.86E-05	0.00392622	0.08448614	-1.352591777	-0.001746291	1.27308408
-0.05542166	0.030912543	0.012992343	0.052249838	-0.012775513	-0.05624657	-0.087501527	0.083833484	-0.07783355	0.069668619	-0.059565804	0	0.131444	-0.275931	0.0381341	0.00672294	6.22E-05	0.00408651	0.075587075	-1.32839802	-0.180792827	1.280588765
0.067243925	0.058378125	0.065757316	0.002074513	0.013558796	0.048763196	-0.087677238	0.084527247	-0.079360824	0.072301214	-0.063516829	0	0.148026	-0.323509	0.0686218	0.00732448	0.00011217	0.00408644	0.127228815	-1.195595686	0.120514621	1.536577483
0.053914911	-0.09012711	-0.019512855	-0.065127382	-0.000703639	-0.007659697	-0.087839536	0.08516929	-0.080778844	0.074756876	-0.067225012	0	0.133422	-0.272991	0.0454017	0.00685351	7.13E-05	0.00386211	0.125149705	-1.252400113	-1.639160339	1.281505343
0.004174458	-0.062576929	-0.014987635	0.04709835	0.037568089	0.003652786	-0.087988396	0.085759218	-0.082085661	0.077029595	-0.070676177	0	0.114652	-0.285509	0.0556178	0.00688766	-0.000132705	0.00363004	0.065016245	-1.296649294	-0.163270664	1.232711126
-0.013082899	0.018409469	0.020434396	0.09434866	0.02317699	-0.040149433	-0.088123797	0.086296672	-0.083279474	0.07911381	-0.073857128	0	0.11458	-0.25436	0.0401258	0.0067815	1.14E-06	0.00392043	0.073232587	-1.262053425	-0.972009934	1.175241535
0.027388086	0.090882665	0.066546114	0.002804997	-0.005246279	-0.032140015	-0.088245716	0.086781322	-0.084358639	0.08100442	-0.076755704	0	0.136476	-0.313781	0.0674892	0.00708899	6.36E-05	0.00410343	0.136328903	-1.285879199	-0.090214621	1.39590519
0.008350967	-0.005165256	0.010987982	-0.112992383	0.05289741	0.033869023	-0.088354136	0.087212872	-0.085321672	0.082696799	-0.079360824	0	0.128414	-0.269815	0.0432656	0.00694637	0.000324017	0.00395923	0.10361261	-1.269485773	-1.123425623	1.257504883
-0.037302072	-0.07894666	-0.006903927	0.040711245	0.073924216	0.024486021	-0.08844904	0.087591057	-0.086167247	0.084186805	-0.081662526	0	0.125432	-0.293892	0.0509723	0.00679048	4.29E-05	0.0039494	0.057109605	-1.304462639	-0.094327345	1.258867392
-0.029307515	0.042917975	0.046466285	0.015034558	0.043046254	-0.04780056	-0.088530413	0.087915647	-0.086894199	0.085470791	-0.083652011	0	0.134296	-0.267373	0.0421647	0.00653912	0.000122035	0.00395973	0.061233905	-1.171417398	-0.328662136	1.261306397
0.098836736	0.055996106	0.022871825	-0.074896505	-0.00789371	0.003040619	-0.088598243	0.088186443	-0.087501527	0.086545617	-0.085321672	0	0.134704	-0.300321	0.0654543	0.00688433	0.000356779	0.00409606	0.0924598	-1.295577383	-0.051886135	1.290940515
0.00072666	-0.037986031	0.00133738	-0.048297068	0.005241181	0.003868756	-0.088652519	0.088403278	-0.087988396	0.08740865	-0.086665127	0	0.13958	-0.298842	0.0496631	0.0070594	0.000356779	0.00411495	0.0318442	-1.275303884	-0.347716368	1.345807891
-0.018703042	-0.077424597	0.035069452	0.097240418	0.076285061	0.023867593	-0.088693233	0.088566021	-0.088354136	0.08805778	-0.087677238	0	0.140587	-0.335594	0.0806064	0.00713865	0.000356779	0.00409204	0.0738103	-1.166626621	-0.196471251	1.61033252
0.02979794	0.037993872	-0.005903756	-0.028572795	0.007356008	0.064018626	-0.08872038	0.088674572	-0.088598243	0.088491418	-0.088354136	0	0.15686	-0.295843	0.0772893	0.00713155	0.000356779	0.00431154	0.0706711	-1.184036376	-0.889945859	1.440797603
0.106770505	-0.081764865	0.002257574	0.00653411	-0.019105728	0.025444028	-0.088733954	0.088728864	-0.08872038	0.088708503	-0.088693233	0	0.161403	-0.328808	0.0852338	0.00696769	0.000335646	0.00427931	0.05631365	-1.084195067	-0.345390301	1.702252564