sub,path,ones,age_demeaned,study_demeaned,flip_demeaned,tsnr_demeaned,fd_mean_demeaned,gender_M_demeaned,gender_F_demeaned,Fwin_minus_Floss_minus_Swin_minus_Sloss_z_demeaned,age_x_Fwin_minus_Floss_minus_Swin_minus_Sloss_z_demeaned
104,/gpfs/scratch/tug87422/smithlab-shared/sharedreward-aging/derivatives/fsl/sub-104/L2_task-sharedreward_model-1_type-REPLACEME_sm-5.gfeat/copeCOPENUM.feat/stats/cope1.nii.gz,1,-23.24590163934426,-0.8770491803278688,-0.7459016393442623,43.92662102776436,-0.1044938433099315,0.6188524590163935,-0.6024590163934426,-1.0143886193567466,23.58037806963716
107,/gpfs/scratch/tug87422/smithlab-shared/sharedreward-aging/derivatives/fsl/sub-107/L2_task-sharedreward_model-1_type-REPLACEME_sm-5.gfeat/copeCOPENUM.feat/stats/cope1.nii.gz,1,-20.24590163934426,-0.8770491803278688,-0.7459016393442623,50.23358810414416,-0.0976166011793864,0.6188524590163935,-0.6024590163934426,-0.2701802118214957,5.470041993435201
108,/gpfs/scratch/tug87422/smithlab-shared/sharedreward-aging/derivatives/fsl/sub-108/L2_task-sharedreward_model-1_type-REPLACEME_sm-5.gfeat/copeCOPENUM.feat/stats/cope1.nii.gz,1,-22.24590163934426,-0.8770491803278688,-0.7459016393442623,18.47240804055096,-0.0345459644689666,-0.3811475409836065,0.3975409836065574,-0.1677398378115087,3.731523932954382
111,/gpfs/scratch/tug87422/smithlab-shared/sharedreward-aging/derivatives/fsl/sub-111/L1_task-sharedreward_model-1_type-REPLACEME_run-02_sm-5.feat/stats/copeCOPENUM.nii.gz,1,36.75409836065574,-0.8770491803278688,-0.7459016393442623,3.2587765780123448,0.169584041387652,0.6188524590163935,-0.6024590163934426,-1.0143886193567466,-37.28293909176764
112,/gpfs/scratch/tug87422/smithlab-shared/sharedreward-aging/derivatives/fsl/sub-112/L2_task-sharedreward_model-1_type-REPLACEME_sm-5.gfeat/copeCOPENUM.feat/stats/cope1.nii.gz,1,-20.24590163934426,-0.8770491803278688,-0.7459016393442623,43.78117751656888,-0.0594952129669053,-0.3811475409836065,0.3975409836065574,-1.0143886193567466,20.53721221156692
113,/gpfs/scratch/tug87422/smithlab-shared/sharedreward-aging/derivatives/fsl/sub-113/L2_task-sharedreward_model-1_type-REPLACEME_sm-5.gfeat/copeCOPENUM.feat/stats/cope1.nii.gz,1,-9.24590163934426,-0.8770491803278688,-0.7459016393442623,31.77025358845336,-0.0373629004399981,-0.3811475409836065,0.3975409836065574,-1.0143886193567466,9.378937398642703
115,/gpfs/scratch/tug87422/smithlab-shared/sharedreward-aging/derivatives/fsl/sub-115/L2_task-sharedreward_model-1_type-REPLACEME_sm-5.gfeat/copeCOPENUM.feat/stats/cope1.nii.gz,1,-22.24590163934426,-0.8770491803278688,-0.7459016393442623,51.685058935844296,-0.0400658323560516,-0.3811475409836065,0.3975409836065574,-0.2537497901010814,5.64489287159291
116,/gpfs/scratch/tug87422/smithlab-shared/sharedreward-aging/derivatives/fsl/sub-116/L2_task-sharedreward_model-1_type-REPLACEME_sm-5.gfeat/copeCOPENUM.feat/stats/cope1.nii.gz,1,-18.24590163934426,-0.8770491803278688,-0.7459016393442623,4.559345384718341,0.1045332341119363,-0.3811475409836065,0.3975409836065574,1.24054946465174,-22.634943510776825
117,/gpfs/scratch/tug87422/smithlab-shared/sharedreward-aging/derivatives/fsl/sub-117/L2_task-sharedreward_model-1_type-REPLACEME_sm-5.gfeat/copeCOPENUM.feat/stats/cope1.nii.gz,1,-23.24590163934426,-0.8770491803278688,-0.7459016393442623,41.98673339421717,-0.0443159466329711,-0.3811475409836065,0.3975409836065574,-0.7101765434187097,16.508694074880825
121,/gpfs/scratch/tug87422/smithlab-shared/sharedreward-aging/derivatives/fsl/sub-121/L2_task-sharedreward_model-1_type-REPLACEME_sm-5.gfeat/copeCOPENUM.feat/stats/cope1.nii.gz,1,-23.24590163934426,-0.8770491803278688,-0.7459016393442623,56.80021595466738,-0.0798653772525029,-0.3811475409836065,0.3975409836065574,0.7946794481098349,-18.473040285569603
122,/gpfs/scratch/tug87422/smithlab-shared/sharedreward-aging/derivatives/fsl/sub-122/L2_task-sharedreward_model-1_type-REPLACEME_sm-5.gfeat/copeCOPENUM.feat/stats/cope1.nii.gz,1,-23.24590163934426,-0.8770491803278688,-0.7459016393442623,60.49100155803231,-0.0470739991277104,-0.3811475409836065,0.3975409836065574,0.2458634562684625,-5.715317721125898
124,/gpfs/scratch/tug87422/smithlab-shared/sharedreward-aging/derivatives/fsl/sub-124/L2_task-sharedreward_model-1_type-REPLACEME_sm-5.gfeat/copeCOPENUM.feat/stats/cope1.nii.gz,1,-23.24590163934426,-0.8770491803278688,-0.7459016393442623,34.357377688291905,-0.0148774055026493,0.6188524590163935,-0.6024590163934426,-0.164916098627331,3.833623407435334
125,/gpfs/scratch/tug87422/smithlab-shared/sharedreward-aging/derivatives/fsl/sub-125/L2_task-sharedreward_model-1_type-REPLACEME_sm-5.gfeat/copeCOPENUM.feat/stats/cope1.nii.gz,1,-22.24590163934426,-0.8770491803278688,-0.7459016393442623,58.316268313567576,-0.0801733720015906,-0.3811475409836065,0.3975409836065574,-1.6981520781145745,37.77692409838488
128,/gpfs/scratch/tug87422/smithlab-shared/sharedreward-aging/derivatives/fsl/sub-128/L2_task-sharedreward_model-1_type-REPLACEME_sm-5.gfeat/copeCOPENUM.feat/stats/cope1.nii.gz,1,19.75409836065574,-0.8770491803278688,-0.7459016393442623,27.792502024917358,0.1347944647525081,0.6188524590163935,-0.6024590163934426,1.1069317242028958,21.866438158434253
136,/gpfs/scratch/tug87422/smithlab-shared/sharedreward-aging/derivatives/fsl/sub-136/L2_task-sharedreward_model-1_type-REPLACEME_sm-5.gfeat/copeCOPENUM.feat/stats/cope1.nii.gz,1,21.75409836065574,-0.8770491803278688,-0.7459016393442623,32.599527741906655,-0.0132366271575134,-0.3811475409836065,0.3975409836065574,-0.624646737879768,-13.588626576499216
137,/gpfs/scratch/tug87422/smithlab-shared/sharedreward-aging/derivatives/fsl/sub-137/L2_task-sharedreward_model-1_type-REPLACEME_sm-5.gfeat/copeCOPENUM.feat/stats/cope1.nii.gz,1,28.75409836065574,-0.8770491803278688,-0.7459016393442623,36.00863662357065,0.0767500954647757,0.6188524590163935,-0.6024590163934426,-0.0603905273510222,-1.736475163503164
141,/gpfs/scratch/tug87422/smithlab-shared/sharedreward-aging/derivatives/fsl/sub-141/L2_task-sharedreward_model-1_type-REPLACEME_sm-5.gfeat/copeCOPENUM.feat/stats/cope1.nii.gz,1,32.75409836065574,-0.8770491803278688,-0.7459016393442623,46.59125545342309,-0.0095734308547523,-0.3811475409836065,0.3975409836065574,-1.0143886193567466,-33.225384614340655
142,/gpfs/scratch/tug87422/smithlab-shared/sharedreward-aging/derivatives/fsl/sub-142/L2_task-sharedreward_model-1_type-REPLACEME_sm-5.gfeat/copeCOPENUM.feat/stats/cope1.nii.gz,1,26.75409836065574,-0.8770491803278688,-0.7459016393442623,27.47593254032168,0.0894870747884144,-0.3811475409836065,0.3975409836065574,1.5296062926585172,40.92323720686394
144,/gpfs/scratch/tug87422/smithlab-shared/sharedreward-aging/derivatives/fsl/sub-144/L2_task-sharedreward_model-1_type-REPLACEME_sm-5.gfeat/copeCOPENUM.feat/stats/cope1.nii.gz,1,28.75409836065574,-0.8770491803278688,-0.7459016393442623,2.111728484109932,0.1912724482415192,0.6188524590163935,-0.6024590163934426,-0.4840585334668359,-13.918666683620168
147,/gpfs/scratch/tug87422/smithlab-shared/sharedreward-aging/derivatives/fsl/sub-147/L2_task-sharedreward_model-1_type-REPLACEME_sm-5.gfeat/copeCOPENUM.feat/stats/cope1.nii.gz,1,21.75409836065574,-0.8770491803278688,-0.7459016393442623,24.456744325413325,0.0355176198441682,-0.3811475409836065,0.3975409836065574,-1.4829099050225647,-32.259367933851536
149,/gpfs/scratch/tug87422/smithlab-shared/sharedreward-aging/derivatives/fsl/sub-149/L1_task-sharedreward_model-1_type-REPLACEME_run-02_sm-5.feat/stats/copeCOPENUM.nii.gz,1,22.75409836065574,-0.8770491803278688,-0.7459016393442623,12.074816558168692,0.1242379517690282,0.6188524590163935,-0.6024590163934426,-3.697670192356494,-84.13715126214449
150,/gpfs/scratch/tug87422/smithlab-shared/sharedreward-aging/derivatives/fsl/sub-150/L2_task-sharedreward_model-1_type-REPLACEME_sm-5.gfeat/copeCOPENUM.feat/stats/cope1.nii.gz,1,-20.24590163934426,-0.8770491803278688,-0.7459016393442623,13.196640669317873,0.0194726116947296,-0.3811475409836065,0.3975409836065574,2.449712995781008,-49.59664835720565
151,/gpfs/scratch/tug87422/smithlab-shared/sharedreward-aging/derivatives/fsl/sub-151/L2_task-sharedreward_model-1_type-REPLACEME_sm-5.gfeat/copeCOPENUM.feat/stats/cope1.nii.gz,1,21.75409836065574,-0.8770491803278688,-0.7459016393442623,22.63464652025928,0.1598810004832937,-0.3811475409836065,0.3975409836065574,-2.323695960772701,-50.54991049090777
153,/gpfs/scratch/tug87422/smithlab-shared/sharedreward-aging/derivatives/fsl/sub-153/L2_task-sharedreward_model-1_type-REPLACEME_sm-5.gfeat/copeCOPENUM.feat/stats/cope1.nii.gz,1,-14.24590163934426,-0.8770491803278688,-0.7459016393442623,14.231368605637414,0.0923617791582809,0.6188524590163935,-0.6024590163934426,-0.0002035136825264,0.0028992359035328
154,/gpfs/scratch/tug87422/smithlab-shared/sharedreward-aging/derivatives/fsl/sub-154/L2_task-sharedreward_model-1_type-REPLACEME_sm-5.gfeat/copeCOPENUM.feat/stats/cope1.nii.gz,1,23.75409836065574,-0.8770491803278688,-0.7459016393442623,19.732355367691213,0.0631335318849203,-0.3811475409836065,0.3975409836065574,-0.5472892528598328,-13.000362744162258
155,/gpfs/scratch/tug87422/smithlab-shared/sharedreward-aging/derivatives/fsl/sub-155/L2_task-sharedreward_model-1_type-REPLACEME_sm-5.gfeat/copeCOPENUM.feat/stats/cope1.nii.gz,1,-13.24590163934426,-0.8770491803278688,-0.7459016393442623,35.95150253928355,-0.0824046241714729,0.6188524590163935,-0.6024590163934426,1.6688929536430006,-22.105991910549907
156,/gpfs/scratch/tug87422/smithlab-shared/sharedreward-aging/derivatives/fsl/sub-156/L2_task-sharedreward_model-1_type-REPLACEME_sm-5.gfeat/copeCOPENUM.feat/stats/cope1.nii.gz,1,-13.24590163934426,-0.8770491803278688,-0.7459016393442623,4.020755653277462,0.0482230877978192,-0.3811475409836065,0.3975409836065574,-1.0143886193567466,13.436491876069692
157,/gpfs/scratch/tug87422/smithlab-shared/sharedreward-aging/derivatives/fsl/sub-157/L2_task-sharedreward_model-1_type-REPLACEME_sm-5.gfeat/copeCOPENUM.feat/stats/cope1.nii.gz,1,-18.24590163934426,-0.8770491803278688,-0.7459016393442623,10.077024753562595,-0.0237018369325206,0.6188524590163935,-0.6024590163934426,-1.0143886193567466,18.508434972853426
158,/gpfs/scratch/tug87422/smithlab-shared/sharedreward-aging/derivatives/fsl/sub-158/L2_task-sharedreward_model-1_type-REPLACEME_sm-5.gfeat/copeCOPENUM.feat/stats/cope1.nii.gz,1,-17.24590163934426,-0.8770491803278688,-0.7459016393442623,17.172915420793885,-0.0150706102815839,0.6188524590163935,-0.6024590163934426,1.328217808972345,-22.90631368916241
159,/gpfs/scratch/tug87422/smithlab-shared/sharedreward-aging/derivatives/fsl/sub-159/L2_task-sharedreward_model-1_type-REPLACEME_sm-5.gfeat/copeCOPENUM.feat/stats/cope1.nii.gz,1,-19.24590163934426,-0.8770491803278688,-0.7459016393442623,45.80610236794078,-0.0848025641766251,-0.3811475409836065,0.3975409836065574,-0.1760450402580264,3.3881455289003783
10317,/gpfs/scratch/tug87422/smithlab-shared/sharedreward-aging/derivatives/fsl/sub-10317/L2_task-sharedreward_model-1_type-REPLACEME_sm-5.gfeat/copeCOPENUM.feat/stats/cope1.nii.gz,1,19.75409836065574,0.1229508196721311,-0.7459016393442623,-15.705669852082195,0.0055208595469859,-0.3811475409836065,0.3975409836065574,-0.2397919501152632,-4.736873768670364
10369,/gpfs/scratch/tug87422/smithlab-shared/sharedreward-aging/derivatives/fsl/sub-10369/L2_task-sharedreward_model-1_type-REPLACEME_sm-5.gfeat/copeCOPENUM.feat/stats/cope1.nii.gz,1,-11.24590163934426,0.1229508196721311,-0.7459016393442623,-14.730029024001254,-0.0616321525369414,0.6188524590163935,-0.6024590163934426,0.034056248636499,-0.3829932223711202
10402,/gpfs/scratch/tug87422/smithlab-shared/sharedreward-aging/derivatives/fsl/sub-10402/L2_task-sharedreward_model-1_type-REPLACEME_sm-5.gfeat/copeCOPENUM.feat/stats/cope1.nii.gz,1,-7.245901639344261,0.1229508196721311,-0.7459016393442623,-14.344277460585856,0.0045117462865373,0.6188524590163935,-0.6024590163934426,-1.0143886193567466,7.350160159929212
10462,/gpfs/scratch/tug87422/smithlab-shared/sharedreward-aging/derivatives/fsl/sub-10462/L1_task-sharedreward_model-1_type-REPLACEME_run-1_sm-5.feat/stats/copeCOPENUM.nii.gz,1,18.75409836065574,0.1229508196721311,-0.7459016393442623,-14.86667330690338,-0.0401161178349165,0.6188524590163935,-0.6024590163934426,-1.0143886193567466,-19.0239439433462
10486,/gpfs/scratch/tug87422/smithlab-shared/sharedreward-aging/derivatives/fsl/sub-10486/L2_task-sharedreward_model-1_type-REPLACEME_sm-5.gfeat/copeCOPENUM.feat/stats/cope1.nii.gz,1,-1.245901639344261,0.1229508196721311,-0.7459016393442623,-14.18939598945812,-0.0288675367903306,-0.3811475409836065,0.3975409836065574,-0.2597893646861733,0.3236719953467074
10529,/gpfs/scratch/tug87422/smithlab-shared/sharedreward-aging/derivatives/fsl/sub-10529/L2_task-sharedreward_model-1_type-REPLACEME_sm-5.gfeat/copeCOPENUM.feat/stats/cope1.nii.gz,1,24.75409836065574,0.1229508196721311,-0.7459016393442623,-13.695938793235968,0.0124001896232448,0.6188524590163935,-0.6024590163934426,-0.7939731118455531,-19.65408850634074
10541,/gpfs/scratch/tug87422/smithlab-shared/sharedreward-aging/derivatives/fsl/sub-10541/L2_task-sharedreward_model-1_type-REPLACEME_sm-5.gfeat/copeCOPENUM.feat/stats/cope1.nii.gz,1,25.75409836065574,0.1229508196721311,-0.7459016393442623,-18.630635335393293,0.1531756519121648,0.6188524590163935,-0.6024590163934426,0.0690840584151761,1.779197635577734
10559,/gpfs/scratch/tug87422/smithlab-shared/sharedreward-aging/derivatives/fsl/sub-10559/L2_task-sharedreward_model-1_type-REPLACEME_sm-5.gfeat/copeCOPENUM.feat/stats/cope1.nii.gz,1,-15.24590163934426,0.1229508196721311,-0.7459016393442623,-18.030557803452524,0.0548660229457743,0.6188524590163935,-0.6024590163934426,0.6826676554909679,-10.40788392797705
10572,/gpfs/scratch/tug87422/smithlab-shared/sharedreward-aging/derivatives/fsl/sub-10572/L2_task-sharedreward_model-1_type-REPLACEME_sm-5.gfeat/copeCOPENUM.feat/stats/cope1.nii.gz,1,26.75409836065574,0.1229508196721311,-0.7459016393442623,-18.93395835387432,0.1209896123491176,-0.3811475409836065,0.3975409836065574,-1.0143886193567466,-27.139052898200173
10585,/gpfs/scratch/tug87422/smithlab-shared/sharedreward-aging/derivatives/fsl/sub-10585/L2_task-sharedreward_model-1_type-REPLACEME_sm-5.gfeat/copeCOPENUM.feat/stats/cope1.nii.gz,1,19.75409836065574,0.1229508196721311,-0.7459016393442623,-17.257199163307945,0.0647802348345761,-0.3811475409836065,0.3975409836065574,-1.0143886193567466,-20.038332562702948
10589,/gpfs/scratch/tug87422/smithlab-shared/sharedreward-aging/derivatives/fsl/sub-10589/L2_task-sharedreward_model-1_type-REPLACEME_sm-5.gfeat/copeCOPENUM.feat/stats/cope1.nii.gz,1,-9.24590163934426,0.1229508196721311,-0.7459016393442623,-15.194504628706769,-0.0659825679158641,0.6188524590163935,-0.6024590163934426,0.380583045569085,-3.5188334049338352
10590,/gpfs/scratch/tug87422/smithlab-shared/sharedreward-aging/derivatives/fsl/sub-10590/L2_task-sharedreward_model-1_type-REPLACEME_sm-5.gfeat/copeCOPENUM.feat/stats/cope1.nii.gz,1,12.75409836065574,0.1229508196721311,-0.7459016393442623,-12.093481245559218,-0.0419808143433511,-0.3811475409836065,0.3975409836065574,0.2216742669423053,2.827255404608419
10596,/gpfs/scratch/tug87422/smithlab-shared/sharedreward-aging/derivatives/fsl/sub-10596/L2_task-sharedreward_model-1_type-REPLACEME_sm-5.gfeat/copeCOPENUM.feat/stats/cope1.nii.gz,1,-16.24590163934426,0.1229508196721311,-0.7459016393442623,-13.742277097647587,0.070144895638536,-0.3811475409836065,0.3975409836065574,0.7382300941542117,-11.993213496833176
10608,/gpfs/scratch/tug87422/smithlab-shared/sharedreward-aging/derivatives/fsl/sub-10608/L1_task-sharedreward_model-1_type-REPLACEME_run-1_sm-5.feat/stats/copeCOPENUM.nii.gz,1,-14.24590163934426,0.1229508196721311,-0.7459016393442623,-10.505839954937386,-0.0480189376314874,-0.3811475409836065,0.3975409836065574,1.4351011234264313,-20.444309446845388
10617,/gpfs/scratch/tug87422/smithlab-shared/sharedreward-aging/derivatives/fsl/sub-10617/L1_task-sharedreward_model-1_type-REPLACEME_run-1_sm-5.feat/stats/copeCOPENUM.nii.gz,1,29.75409836065574,0.1229508196721311,-0.7459016393442623,-15.489604609195652,0.0389229804899613,-0.3811475409836065,0.3975409836065574,-1.0143886193567466,-30.18221875627041
10636,/gpfs/scratch/tug87422/smithlab-shared/sharedreward-aging/derivatives/fsl/sub-10636/L2_task-sharedreward_model-1_type-REPLACEME_sm-5.gfeat/copeCOPENUM.feat/stats/cope1.nii.gz,1,-16.24590163934426,0.1229508196721311,-0.7459016393442623,-15.044019203392368,-0.034272118062968,-0.3811475409836065,0.3975409836065574,0.8936075646547015,-14.517460599554248
10638,/gpfs/scratch/tug87422/smithlab-shared/sharedreward-aging/derivatives/fsl/sub-10638/L2_task-sharedreward_model-1_type-REPLACEME_sm-5.gfeat/copeCOPENUM.feat/stats/cope1.nii.gz,1,28.75409836065574,0.1229508196721311,-0.7459016393442623,-12.788962894053242,-0.0024153009745873,-0.3811475409836065,0.3975409836065574,-0.5277243559644593,-15.174238038715766
10640,/gpfs/scratch/tug87422/smithlab-shared/sharedreward-aging/derivatives/fsl/sub-10640/L2_task-sharedreward_model-1_type-REPLACEME_sm-5.gfeat/copeCOPENUM.feat/stats/cope1.nii.gz,1,-12.24590163934426,0.1229508196721311,0.2540983606557376,-1.3903117179791875,-0.0917328453613883,-0.3811475409836065,0.3975409836065574,0.327252167143127,-4.007497850096981
10641,/gpfs/scratch/tug87422/smithlab-shared/sharedreward-aging/derivatives/fsl/sub-10641/L1_task-sharedreward_model-1_type-REPLACEME_run-1_sm-5.feat/stats/copeCOPENUM.nii.gz,1,0.754098360655739,0.1229508196721311,-0.7459016393442623,-14.7900641440568,0.0346768961086121,-0.3811475409836065,0.3975409836065574,-0.7405273406041637,-0.5584304535703539
10642,/gpfs/scratch/tug87422/smithlab-shared/sharedreward-aging/derivatives/fsl/sub-10642/L2_task-sharedreward_model-1_type-REPLACEME_sm-5.gfeat/copeCOPENUM.feat/stats/cope1.nii.gz,1,-11.24590163934426,0.1229508196721311,0.2540983606557376,0.852889923910567,0.0655029443277469,-0.3811475409836065,0.3975409836065574,1.631937043459116,-18.3526034723435
10644,/gpfs/scratch/tug87422/smithlab-shared/sharedreward-aging/derivatives/fsl/sub-10644/L2_task-sharedreward_model-1_type-REPLACEME_sm-5.gfeat/copeCOPENUM.feat/stats/cope1.nii.gz,1,25.75409836065574,0.1229508196721311,-0.7459016393442623,-18.832276699067137,0.0042228602207208,-0.3811475409836065,0.3975409836065574,2.449712995781008,63.09014944872071
10647,/gpfs/scratch/tug87422/smithlab-shared/sharedreward-aging/derivatives/fsl/sub-10647/L2_task-sharedreward_model-1_type-REPLACEME_sm-5.gfeat/copeCOPENUM.feat/stats/cope1.nii.gz,1,-19.24590163934426,0.1229508196721311,0.2540983606557376,3.659749122810041,-0.0795430347866775,-0.3811475409836065,0.3975409836065574,-0.2920735008421316,5.621217868666597
10649,/gpfs/scratch/tug87422/smithlab-shared/sharedreward-aging/derivatives/fsl/sub-10649/L2_task-sharedreward_model-1_type-REPLACEME_sm-5.gfeat/copeCOPENUM.feat/stats/cope1.nii.gz,1,19.75409836065574,0.1229508196721311,-0.7459016393442623,-17.556078306536932,0.0522418286032478,-0.3811475409836065,0.3975409836065574,-1.0143886193567466,-20.038332562702948
10652,/gpfs/scratch/tug87422/smithlab-shared/sharedreward-aging/derivatives/fsl/sub-10652/L2_task-sharedreward_model-1_type-REPLACEME_sm-5.gfeat/copeCOPENUM.feat/stats/cope1.nii.gz,1,26.75409836065574,0.1229508196721311,-0.7459016393442623,-12.364526134383908,-0.0087073094739366,-0.3811475409836065,0.3975409836065574,1.3211082131278222,35.345059079091904
10656,/gpfs/scratch/tug87422/smithlab-shared/sharedreward-aging/derivatives/fsl/sub-10656/L2_task-sharedreward_model-1_type-REPLACEME_sm-5.gfeat/copeCOPENUM.feat/stats/cope1.nii.gz,1,-22.24590163934426,0.1229508196721311,-0.7459016393442623,-15.401507698777408,-0.0632633814833752,0.6188524590163935,-0.6024590163934426,0.2103562520348423,-4.679564491988213
10657,/gpfs/scratch/tug87422/smithlab-shared/sharedreward-aging/derivatives/fsl/sub-10657/L2_task-sharedreward_model-1_type-REPLACEME_sm-5.gfeat/copeCOPENUM.feat/stats/cope1.nii.gz,1,15.75409836065574,0.1229508196721311,-0.7459016393442623,-17.28455476229223,0.1051642980585047,0.6188524590163935,-0.6024590163934426,-0.4777323047567976,-7.526241719201353
10661,/gpfs/scratch/tug87422/smithlab-shared/sharedreward-aging/derivatives/fsl/sub-10661/L2_task-sharedreward_model-1_type-REPLACEME_sm-5.gfeat/copeCOPENUM.feat/stats/cope1.nii.gz,1,6.754098360655739,0.1229508196721311,-0.7459016393442623,-13.40499065373237,-0.0891399406857694,0.6188524590163935,-0.6024590163934426,-1.0143886193567466,-6.851280511065241
10663,/gpfs/scratch/tug87422/smithlab-shared/sharedreward-aging/derivatives/fsl/sub-10663/L2_task-sharedreward_model-1_type-REPLACEME_sm-5.gfeat/copeCOPENUM.feat/stats/cope1.nii.gz,1,-21.24590163934426,0.1229508196721311,-0.7459016393442623,-12.55028861283003,-0.0100752479874555,-0.3811475409836065,0.3975409836065574,-0.1443257792156493,3.0663313092374027
10668,/gpfs/scratch/tug87422/smithlab-shared/sharedreward-aging/derivatives/fsl/sub-10668/L1_task-sharedreward_model-1_type-REPLACEME_run-1_sm-5.feat/stats/copeCOPENUM.nii.gz,1,-6.245901639344261,0.1229508196721311,0.2540983606557376,-3.1399089632244284,-0.1038561162837196,-0.3811475409836065,0.3975409836065574,-1.0143886193567466,6.335771540572465
10673,/gpfs/scratch/tug87422/smithlab-shared/sharedreward-aging/derivatives/fsl/sub-10673/L2_task-sharedreward_model-1_type-REPLACEME_sm-5.gfeat/copeCOPENUM.feat/stats/cope1.nii.gz,1,4.754098360655739,0.1229508196721311,-0.7459016393442623,-14.08419435843038,0.1312614797509529,-0.3811475409836065,0.3975409836065574,1.4581015317196555,6.9319581016180365
10674,/gpfs/scratch/tug87422/smithlab-shared/sharedreward-aging/derivatives/fsl/sub-10674/L2_task-sharedreward_model-1_type-REPLACEME_sm-5.gfeat/copeCOPENUM.feat/stats/cope1.nii.gz,1,-10.24590163934426,0.1229508196721311,-0.7459016393442623,-13.911502911643169,-0.0651040770790505,0.6188524590163935,-0.6024590163934426,-0.642284415589121,6.580782946609845
10677,/gpfs/scratch/tug87422/smithlab-shared/sharedreward-aging/derivatives/fsl/sub-10677/L2_task-sharedreward_model-1_type-REPLACEME_sm-5.gfeat/copeCOPENUM.feat/stats/cope1.nii.gz,1,-10.24590163934426,0.1229508196721311,-0.7459016393442623,-18.52612314907978,0.0266616844244219,-0.3811475409836065,0.3975409836065574,2.449712995781008,-25.09951839939557
10685,/gpfs/scratch/tug87422/smithlab-shared/sharedreward-aging/derivatives/fsl/sub-10685/L2_task-sharedreward_model-1_type-REPLACEME_sm-5.gfeat/copeCOPENUM.feat/stats/cope1.nii.gz,1,-9.24590163934426,0.1229508196721311,0.2540983606557376,-8.305832085424612,-0.0580920585160676,0.6188524590163935,-0.6024590163934426,1.6688929536430015,-15.430420095977912
10690,/gpfs/scratch/tug87422/smithlab-shared/sharedreward-aging/derivatives/fsl/sub-10690/L2_task-sharedreward_model-1_type-REPLACEME_sm-5.gfeat/copeCOPENUM.feat/stats/cope1.nii.gz,1,12.75409836065574,0.1229508196721311,0.2540983606557376,-3.840772299786608,0.0566314719104432,-0.3811475409836065,0.3975409836065574,-1.0143886193567466,-12.93761222720572
10691,/gpfs/scratch/tug87422/smithlab-shared/sharedreward-aging/derivatives/fsl/sub-10691/L2_task-sharedreward_model-1_type-REPLACEME_sm-5.gfeat/copeCOPENUM.feat/stats/cope1.nii.gz,1,14.75409836065574,0.1229508196721311,-0.7459016393442623,-12.952751133874102,-0.0342513667039646,-0.3811475409836065,0.3975409836065574,-0.4343467259293483,-6.408394316990385
10701,/gpfs/scratch/tug87422/smithlab-shared/sharedreward-aging/derivatives/fsl/sub-10701/L2_task-sharedreward_model-1_type-REPLACEME_sm-5.gfeat/copeCOPENUM.feat/stats/cope1.nii.gz,1,-16.24590163934426,0.1229508196721311,-0.7459016393442623,-13.926628258304248,-0.1100713674306614,0.6188524590163935,-0.6024590163934426,-0.5017740247266902,8.151771450887704
10713,/gpfs/scratch/tug87422/smithlab-shared/sharedreward-aging/derivatives/fsl/sub-10713/L2_task-sharedreward_model-1_type-REPLACEME_sm-5.gfeat/copeCOPENUM.feat/stats/cope1.nii.gz,1,27.75409836065574,0.1229508196721311,0.2540983606557376,-8.817350990305698,0.1669775070161066,-0.3811475409836065,0.3975409836065574,0.4408251308612514,12.23470404177211
10716,/gpfs/scratch/tug87422/smithlab-shared/sharedreward-aging/derivatives/fsl/sub-10716/L2_task-sharedreward_model-1_type-REPLACEME_sm-5.gfeat/copeCOPENUM.feat/stats/cope1.nii.gz,1,25.75409836065574,0.1229508196721311,0.2540983606557376,0.1062375322877926,-0.0138555201859705,0.6188524590163935,-0.6024590163934426,2.449712995781008,63.09014944872071
10718,/gpfs/scratch/tug87422/smithlab-shared/sharedreward-aging/derivatives/fsl/sub-10718/L2_task-sharedreward_model-1_type-REPLACEME_sm-5.gfeat/copeCOPENUM.feat/stats/cope1.nii.gz,1,-15.24590163934426,0.1229508196721311,0.2540983606557376,-7.983565881083763,0.0709745605583127,-0.3811475409836065,-0.6024590163934426,2.8016037486661487,-42.71297518458226
10720,/gpfs/scratch/tug87422/smithlab-shared/sharedreward-aging/derivatives/fsl/sub-10720/L2_task-sharedreward_model-1_type-REPLACEME_sm-5.gfeat/copeCOPENUM.feat/stats/cope1.nii.gz,1,-10.24590163934426,0.1229508196721311,0.2540983606557376,7.259401552910873,-0.0784088027141604,-0.3811475409836065,0.3975409836065574,2.414614809648397,-24.739905836561448
10723,/gpfs/scratch/tug87422/smithlab-shared/sharedreward-aging/derivatives/fsl/sub-10723/L2_task-sharedreward_model-1_type-REPLACEME_sm-5.gfeat/copeCOPENUM.feat/stats/cope1.nii.gz,1,-22.24590163934426,0.1229508196721311,-0.7459016393442623,-16.77006049622227,-0.0574043468149616,0.6188524590163935,-0.6024590163934426,-1.752937565232743,38.99567665607922
10741,/gpfs/scratch/tug87422/smithlab-shared/sharedreward-aging/derivatives/fsl/sub-10741/L2_task-sharedreward_model-1_type-REPLACEME_sm-5.gfeat/copeCOPENUM.feat/stats/cope1.nii.gz,1,-6.245901639344261,0.1229508196721311,-0.7459016393442623,-16.580824268159034,0.0207870391973692,-0.3811475409836065,0.3975409836065574,-0.1902252356646121,1.1881281112822493
10748,/gpfs/scratch/tug87422/smithlab-shared/sharedreward-aging/derivatives/fsl/sub-10748/L2_task-sharedreward_model-1_type-REPLACEME_sm-5.gfeat/copeCOPENUM.feat/stats/cope1.nii.gz,1,-10.24590163934426,0.1229508196721311,0.2540983606557376,2.133767259606117,-0.085173496511669,-0.3811475409836065,0.3975409836065574,-1.0143886193567466,10.393326017999453
10767,/gpfs/scratch/tug87422/smithlab-shared/sharedreward-aging/derivatives/fsl/sub-10767/L2_task-sharedreward_model-1_type-REPLACEME_sm-5.gfeat/copeCOPENUM.feat/stats/cope1.nii.gz,1,-18.24590163934426,0.1229508196721311,0.2540983606557376,0.3796431185989206,-0.0885385085870655,-0.3811475409836065,0.3975409836065574,-0.5472892528598328,9.985785875950718
10770,/gpfs/scratch/tug87422/smithlab-shared/sharedreward-aging/derivatives/fsl/sub-10770/L2_task-sharedreward_model-1_type-REPLACEME_sm-5.gfeat/copeCOPENUM.feat/stats/cope1.nii.gz,1,20.75409836065574,0.1229508196721311,0.2540983606557376,-9.99834213774679,0.0508838264127825,0.6188524590163935,-0.6024590163934426,2.449712995781008,50.84158446981567
10777,/gpfs/scratch/tug87422/smithlab-shared/sharedreward-aging/derivatives/fsl/sub-10777/L2_task-sharedreward_model-1_type-REPLACEME_sm-5.gfeat/copeCOPENUM.feat/stats/cope1.nii.gz,1,-5.245901639344261,0.1229508196721311,0.2540983606557376,-1.41269950038199,-0.0455189839461846,0.6188524590163935,-0.6024590163934426,-0.6773950455757083,3.5535477800692887
10781,/gpfs/scratch/tug87422/smithlab-shared/sharedreward-aging/derivatives/fsl/sub-10781/L2_task-sharedreward_model-1_type-REPLACEME_sm-5.gfeat/copeCOPENUM.feat/stats/cope1.nii.gz,1,-6.245901639344261,0.1229508196721311,0.2540983606557376,-3.1727699725518903,-0.0889532985272247,0.6188524590163935,-0.6024590163934426,-0.0002035136825266,0.0012711264433224
10783,/gpfs/scratch/tug87422/smithlab-shared/sharedreward-aging/derivatives/fsl/sub-10783/L2_task-sharedreward_model-1_type-REPLACEME_sm-5.gfeat/copeCOPENUM.feat/stats/cope1.nii.gz,1,7.754098360655739,0.1229508196721311,0.2540983606557376,-2.53717208233806,0.1331822535765135,-0.3811475409836065,0.3975409836065574,-0.4505794364748192,-3.4938372697145827
10785,/gpfs/scratch/tug87422/smithlab-shared/sharedreward-aging/derivatives/fsl/sub-10785/L2_task-sharedreward_model-1_type-REPLACEME_sm-5.gfeat/copeCOPENUM.feat/stats/cope1.nii.gz,1,17.75409836065574,0.1229508196721311,0.2540983606557376,-2.524542046004484,0.0165736874029666,-0.3811475409836065,0.3975409836065574,-0.0438936605258005,-0.7792923663842954
10794,/gpfs/scratch/tug87422/smithlab-shared/sharedreward-aging/derivatives/fsl/sub-10794/L2_task-sharedreward_model-1_type-REPLACEME_sm-5.gfeat/copeCOPENUM.feat/stats/cope1.nii.gz,1,-4.245901639344261,0.1229508196721311,0.2540983606557376,-2.08109678426203,-0.1237249125858859,0.6188524590163935,-0.6024590163934426,2.404428674432392,-10.208967650458842
10800,/gpfs/scratch/tug87422/smithlab-shared/sharedreward-aging/derivatives/fsl/sub-10800/L2_task-sharedreward_model-1_type-REPLACEME_sm-5.gfeat/copeCOPENUM.feat/stats/cope1.nii.gz,1,-17.24590163934426,0.1229508196721311,0.2540983606557376,-10.59312368922778,-0.0059427182324748,-0.3811475409836065,0.3975409836065574,-0.4151372160300401,7.159415594485282
10801,/gpfs/scratch/tug87422/smithlab-shared/sharedreward-aging/derivatives/fsl/sub-10801/L2_task-sharedreward_model-1_type-REPLACEME_sm-5.gfeat/copeCOPENUM.feat/stats/cope1.nii.gz,1,-9.24590163934426,0.1229508196721311,0.2540983606557376,-3.286744660107928,-0.0046071610769579,-0.3811475409836065,0.3975409836065574,-0.4717298613813852,4.361567898673791
10802,/gpfs/scratch/tug87422/smithlab-shared/sharedreward-aging/derivatives/fsl/sub-10802/L2_task-sharedreward_model-1_type-REPLACEME_sm-5.gfeat/copeCOPENUM.feat/stats/cope1.nii.gz,1,-1.245901639344261,0.1229508196721311,0.2540983606557376,-6.375958111012864,-0.0457658003488588,-0.3811475409836065,0.3975409836065574,-0.2369070363335224,0.2951628649401259
10804,/gpfs/scratch/tug87422/smithlab-shared/sharedreward-aging/derivatives/fsl/sub-10804/L2_task-sharedreward_model-1_type-REPLACEME_sm-5.gfeat/copeCOPENUM.feat/stats/cope1.nii.gz,1,-18.24590163934426,0.1229508196721311,0.2540983606557376,4.0573481271937055,-0.0545514756015253,-0.3811475409836065,0.3975409836065574,-3.27211870347738,59.70275601590695
10806,/gpfs/scratch/tug87422/smithlab-shared/sharedreward-aging/derivatives/fsl/sub-10806/L2_task-sharedreward_model-1_type-REPLACEME_sm-5.gfeat/copeCOPENUM.feat/stats/cope1.nii.gz,1,-16.24590163934426,0.1229508196721311,0.2540983606557376,-16.660765162719457,0.1393257554017125,0.6188524590163935,-0.6024590163934426,0.5234551645334229,-8.504001115616754
10809,/gpfs/scratch/tug87422/smithlab-shared/sharedreward-aging/derivatives/fsl/sub-10809/L1_task-sharedreward_model-1_type-REPLACEME_run-2_sm-5.feat/stats/copeCOPENUM.nii.gz,1,24.75409836065574,0.1229508196721311,0.2540983606557376,3.869497113752601,-0.0996802508445922,0.6188524590163935,-0.6024590163934426,-0.1098545856234556,-2.719351217892098
10812,/gpfs/scratch/tug87422/smithlab-shared/sharedreward-aging/derivatives/fsl/sub-10812/L2_task-sharedreward_model-1_type-REPLACEME_sm-5.gfeat/copeCOPENUM.feat/stats/cope1.nii.gz,1,18.75409836065574,0.1229508196721311,0.2540983606557376,-6.737460862022402,-0.0211194781090573,0.6188524590163935,-0.6024590163934426,-1.0143886193567466,-19.0239439433462
10831,/gpfs/scratch/tug87422/smithlab-shared/sharedreward-aging/derivatives/fsl/sub-10831/L2_task-sharedreward_model-1_type-REPLACEME_sm-5.gfeat/copeCOPENUM.feat/stats/cope1.nii.gz,1,-18.24590163934426,0.1229508196721311,0.2540983606557376,-8.446433831347662,0.125357578842658,-0.3811475409836065,0.3975409836065574,1.6688929536430015,-30.45045667876493
10843,/gpfs/scratch/tug87422/smithlab-shared/sharedreward-aging/derivatives/fsl/sub-10843/L2_task-sharedreward_model-1_type-REPLACEME_sm-5.gfeat/copeCOPENUM.feat/stats/cope1.nii.gz,1,-16.24590163934426,0.1229508196721311,0.2540983606557376,6.5025483875148495,-0.0635245738327762,0.6188524590163935,-0.6024590163934426,-1.0143886193567466,16.47965773413993
10850,/gpfs/scratch/tug87422/smithlab-shared/sharedreward-aging/derivatives/fsl/sub-10850/L2_task-sharedreward_model-1_type-REPLACEME_sm-5.gfeat/copeCOPENUM.feat/stats/cope1.nii.gz,1,-11.24590163934426,0.1229508196721311,0.2540983606557376,3.785076310516757,-0.0989953457344129,-0.3811475409836065,-0.6024590163934426,0.1456951674980497,-1.6384735230108547
10854,/gpfs/scratch/tug87422/smithlab-shared/sharedreward-aging/derivatives/fsl/sub-10854/L2_task-sharedreward_model-1_type-REPLACEME_sm-5.gfeat/copeCOPENUM.feat/stats/cope1.nii.gz,1,2.754098360655739,0.1229508196721311,0.2540983606557376,-2.915809808465696,-0.0473839614592613,-0.3811475409836065,0.3975409836065574,-1.0143886193567466,-2.7937260336382543
10857,/gpfs/scratch/tug87422/smithlab-shared/sharedreward-aging/derivatives/fsl/sub-10857/L2_task-sharedreward_model-1_type-REPLACEME_sm-5.gfeat/copeCOPENUM.feat/stats/cope1.nii.gz,1,-21.24590163934426,0.1229508196721311,0.2540983606557376,-5.915918165897296,0.0056908202263114,0.6188524590163935,-0.6024590163934426,0.4408251308612512,-9.365727370429203
10858,/gpfs/scratch/tug87422/smithlab-shared/sharedreward-aging/derivatives/fsl/sub-10858/L2_task-sharedreward_model-1_type-REPLACEME_sm-5.gfeat/copeCOPENUM.feat/stats/cope1.nii.gz,1,36.75409836065574,0.1229508196721311,0.2540983606557376,-13.551467481527055,0.0579678456751127,0.6188524590163935,-0.6024590163934426,1.8908121288807664,69.49509496640457
10862,/gpfs/scratch/tug87422/smithlab-shared/sharedreward-aging/derivatives/fsl/sub-10862/L2_task-sharedreward_model-1_type-REPLACEME_sm-5.gfeat/copeCOPENUM.feat/stats/cope1.nii.gz,1,16.75409836065574,0.1229508196721311,0.2540983606557376,-7.288432309279727,-0.0131434863039814,0.6188524590163935,-0.6024590163934426,-0.2624278316969044,-4.396741704823547
10863,/gpfs/scratch/tug87422/smithlab-shared/sharedreward-aging/derivatives/fsl/sub-10863/L2_task-sharedreward_model-1_type-REPLACEME_sm-5.gfeat/copeCOPENUM.feat/stats/cope1.nii.gz,1,-1.245901639344261,0.1229508196721311,0.2540983606557376,-4.105453879680994,-0.0429375828840832,0.6188524590163935,-0.6024590163934426,-1.0143886193567466,1.2638284437887322
10875,/gpfs/scratch/tug87422/smithlab-shared/sharedreward-aging/derivatives/fsl/sub-10875/L2_task-sharedreward_model-1_type-REPLACEME_sm-5.gfeat/copeCOPENUM.feat/stats/cope1.nii.gz,1,-11.24590163934426,0.1229508196721311,0.2540983606557376,-8.402085013563322,-0.0312490642808362,0.6188524590163935,-0.6024590163934426,2.255306946121649,-25.36296008261396
10887,/gpfs/scratch/tug87422/smithlab-shared/sharedreward-aging/derivatives/fsl/sub-10887/L2_task-sharedreward_model-1_type-REPLACEME_sm-5.gfeat/copeCOPENUM.feat/stats/cope1.nii.gz,1,-8.245901639344261,0.1229508196721311,0.2540983606557376,-18.139840055423832,0.1133022451402049,-0.3811475409836065,0.3975409836065574,-1.0143886193567466,8.36454877928596
10896,/gpfs/scratch/tug87422/smithlab-shared/sharedreward-aging/derivatives/fsl/sub-10896/L2_task-sharedreward_model-1_type-REPLACEME_sm-5.gfeat/copeCOPENUM.feat/stats/cope1.nii.gz,1,-15.24590163934426,0.1229508196721311,0.2540983606557376,-2.337898985503984,0.0027989923460577,-0.3811475409836065,0.3975409836065574,-1.0143886193567466,15.465269114783183
10897,/gpfs/scratch/tug87422/smithlab-shared/sharedreward-aging/derivatives/fsl/sub-10897/L1_task-sharedreward_model-1_type-REPLACEME_run-1_sm-5.feat/stats/copeCOPENUM.nii.gz,1,-12.24590163934426,0.1229508196721311,0.2540983606557376,-8.366014199265322,-0.0313198565795487,-0.3811475409836065,0.3975409836065574,0.938445045355611,-11.492105719354775
10898,/gpfs/scratch/tug87422/smithlab-shared/sharedreward-aging/derivatives/fsl/sub-10898/L2_task-sharedreward_model-1_type-REPLACEME_sm-5.gfeat/copeCOPENUM.feat/stats/cope1.nii.gz,1,17.75409836065574,0.1229508196721311,0.2540983606557376,-10.405942986595022,0.0965139951916127,-0.3811475409836065,0.3975409836065574,0.5306899885170673,9.421922255147278
10908,/gpfs/scratch/tug87422/smithlab-shared/sharedreward-aging/derivatives/fsl/sub-10908/L2_task-sharedreward_model-1_type-REPLACEME_sm-5.gfeat/copeCOPENUM.feat/stats/cope1.nii.gz,1,-1.245901639344261,0.1229508196721311,0.2540983606557376,-16.748524304587903,0.1211393000377467,-0.3811475409836065,0.3975409836065574,-1.6027370247712986,1.9968526866003045
10918,/gpfs/scratch/tug87422/smithlab-shared/sharedreward-aging/derivatives/fsl/sub-10918/L2_task-sharedreward_model-1_type-REPLACEME_sm-5.gfeat/copeCOPENUM.feat/stats/cope1.nii.gz,1,-19.24590163934426,0.1229508196721311,0.2540983606557376,-2.565765015773053,-0.0688828468247065,-0.3811475409836065,-0.6024590163934426,2.404428674432392,-46.27539776694472
10919,/gpfs/scratch/tug87422/smithlab-shared/sharedreward-aging/derivatives/fsl/sub-10919/L2_task-sharedreward_model-1_type-REPLACEME_sm-5.gfeat/copeCOPENUM.feat/stats/cope1.nii.gz,1,5.754098360655739,0.1229508196721311,0.2540983606557376,-14.518930050827606,0.0791531214401242,-0.3811475409836065,0.3975409836065574,0.0318401293376264,0.1832112360247032
10924,/gpfs/scratch/tug87422/smithlab-shared/sharedreward-aging/derivatives/fsl/sub-10924/L2_task-sharedreward_model-1_type-REPLACEME_sm-5.gfeat/copeCOPENUM.feat/stats/cope1.nii.gz,1,-11.24590163934426,0.1229508196721311,0.2540983606557376,5.3384834693357845,-0.0372478193322165,-0.3811475409836065,0.3975409836065574,-1.0143886193567466,11.407714637356198
10928,/gpfs/scratch/tug87422/smithlab-shared/sharedreward-aging/derivatives/fsl/sub-10928/L2_task-sharedreward_model-1_type-REPLACEME_sm-5.gfeat/copeCOPENUM.feat/stats/cope1.nii.gz,1,11.75409836065574,0.1229508196721311,0.2540983606557376,-3.6158473683093177,0.0540276328848519,-0.3811475409836065,0.3975409836065574,0.0421524682340017,0.4954642577668732
10929,/gpfs/scratch/tug87422/smithlab-shared/sharedreward-aging/derivatives/fsl/sub-10929/L2_task-sharedreward_model-1_type-REPLACEME_sm-5.gfeat/copeCOPENUM.feat/stats/cope1.nii.gz,1,-1.245901639344261,0.1229508196721311,0.2540983606557376,-1.590961588189515,-0.0115512102681882,-0.3811475409836065,0.3975409836065574,-0.5265192424477019,0.6559911873118902
10930,/gpfs/scratch/tug87422/smithlab-shared/sharedreward-aging/derivatives/fsl/sub-10930/L2_task-sharedreward_model-1_type-REPLACEME_sm-5.gfeat/copeCOPENUM.feat/stats/cope1.nii.gz,1,5.754098360655739,0.1229508196721311,0.2540983606557376,-2.1740082567187926,-0.0810950154039416,-0.3811475409836065,0.3975409836065574,-0.5340041579414854,-3.0727124497944494
10950,/gpfs/scratch/tug87422/smithlab-shared/sharedreward-aging/derivatives/fsl/sub-10950/L2_task-sharedreward_model-1_type-REPLACEME_sm-5.gfeat/copeCOPENUM.feat/stats/cope1.nii.gz,1,-19.24590163934426,0.1229508196721311,0.2540983606557376,-14.089791952566287,0.18034038077937,-0.3811475409836065,0.3975409836065574,2.404428674432392,-46.27539776694472
10951,/gpfs/scratch/tug87422/smithlab-shared/sharedreward-aging/derivatives/fsl/sub-10951/L2_task-sharedreward_model-1_type-REPLACEME_sm-5.gfeat/copeCOPENUM.feat/stats/cope1.nii.gz,1,-22.24590163934426,0.1229508196721311,0.2540983606557376,-10.44219453987111,0.091115765210549,0.6188524590163935,-0.6024590163934426,1.2600388971535592,-28.0307013678259
10952,/gpfs/scratch/tug87422/smithlab-shared/sharedreward-aging/derivatives/fsl/sub-10952/L2_task-sharedreward_model-1_type-REPLACEME_sm-5.gfeat/copeCOPENUM.feat/stats/cope1.nii.gz,1,-11.24590163934426,0.1229508196721311,0.2540983606557376,-9.646641761871564,-0.0262221407881463,0.6188524590163935,-0.6024590163934426,-1.0143886193567466,11.407714637356198
10953,/gpfs/scratch/tug87422/smithlab-shared/sharedreward-aging/derivatives/fsl/sub-10953/L1_task-sharedreward_model-1_type-REPLACEME_run-1_sm-5.feat/stats/copeCOPENUM.nii.gz,1,19.75409836065574,0.1229508196721311,0.2540983606557376,-8.589898065539586,0.1923556199697464,-0.3811475409836065,0.3975409836065574,-1.0143886193567466,-20.038332562702948
10954,/gpfs/scratch/tug87422/smithlab-shared/sharedreward-aging/derivatives/fsl/sub-10954/L1_task-sharedreward_model-1_type-REPLACEME_run-1_sm-5.feat/stats/copeCOPENUM.nii.gz,1,2.754098360655739,0.1229508196721311,0.2540983606557376,-15.862424287355084,0.2663464401780873,-0.3811475409836065,0.3975409836065574,-5.215228871440776,-14.36325328527952
10956,/gpfs/scratch/tug87422/smithlab-shared/sharedreward-aging/derivatives/fsl/sub-10956/L2_task-sharedreward_model-1_type-REPLACEME_sm-5.gfeat/copeCOPENUM.feat/stats/cope1.nii.gz,1,-15.24590163934426,0.1229508196721311,0.2540983606557376,5.95961220819359,-0.0985512941992263,-0.3811475409836065,0.3975409836065574,-1.0143886193567466,15.465269114783183
10958,/gpfs/scratch/tug87422/smithlab-shared/sharedreward-aging/derivatives/fsl/sub-10958/L2_task-sharedreward_model-1_type-REPLACEME_sm-5.gfeat/copeCOPENUM.feat/stats/cope1.nii.gz,1,-9.24590163934426,0.1229508196721311,0.2540983606557376,-9.020777338351166,0.0511846680621375,-0.3811475409836065,0.3975409836065574,-0.1483632155723078,1.3717516980783868
10961,/gpfs/scratch/tug87422/smithlab-shared/sharedreward-aging/derivatives/fsl/sub-10961/L2_task-sharedreward_model-1_type-REPLACEME_sm-5.gfeat/copeCOPENUM.feat/stats/cope1.nii.gz,1,-20.24590163934426,0.1229508196721311,0.2540983606557376,1.8997359999126784,-0.0449162688725528,-0.3811475409836065,0.3975409836065574,-0.7654666752632402,15.497563015575436
10964,/gpfs/scratch/tug87422/smithlab-shared/sharedreward-aging/derivatives/fsl/sub-10964/L2_task-sharedreward_model-1_type-REPLACEME_sm-5.gfeat/copeCOPENUM.feat/stats/cope1.nii.gz,1,16.75409836065574,0.1229508196721311,0.2540983606557376,-8.08069945143447,0.0779708652068339,-0.3811475409836065,0.3975409836065574,-1.7406616585593095,-29.163216640124823
10966,/gpfs/scratch/tug87422/smithlab-shared/sharedreward-aging/derivatives/fsl/sub-10966/L2_task-sharedreward_model-1_type-REPLACEME_sm-5.gfeat/copeCOPENUM.feat/stats/cope1.nii.gz,1,-9.24590163934426,0.1229508196721311,0.2540983606557376,-5.8695754852008974,-0.0491802577516925,-0.3811475409836065,0.3975409836065574,1.458101531719656,-13.481463342457143
10969,/gpfs/scratch/tug87422/smithlab-shared/sharedreward-aging/derivatives/fsl/sub-10969/L2_task-sharedreward_model-1_type-REPLACEME_sm-5.gfeat/copeCOPENUM.feat/stats/cope1.nii.gz,1,-17.24590163934426,0.1229508196721311,0.2540983606557376,5.0513585886298245,-0.1261723242235015,-0.3811475409836065,0.3975409836065574,2.449712995781008,-42.24750936986262
10974,/gpfs/scratch/tug87422/smithlab-shared/sharedreward-aging/derivatives/fsl/sub-10974/L1_task-sharedreward_model-1_type-REPLACEME_run-2_sm-5.feat/stats/copeCOPENUM.nii.gz,1,36.75409836065574,0.1229508196721311,0.2540983606557376,-4.755342827170665,0.1399330265922066,-0.3811475409836065,0.3975409836065574,0.7034063835848581,25.853067409791013
10979,/gpfs/scratch/tug87422/smithlab-shared/sharedreward-aging/derivatives/fsl/sub-10979/L2_task-sharedreward_model-1_type-REPLACEME_sm-5.gfeat/copeCOPENUM.feat/stats/cope1.nii.gz,1,-11.24590163934426,0.1229508196721311,0.2540983606557376,5.258816383204845,-0.0698658784631229,-0.3811475409836065,0.3975409836065574,1.8490513147483427,-20.79424921176005
10983,/gpfs/scratch/tug87422/smithlab-shared/sharedreward-aging/derivatives/fsl/sub-10983/L2_task-sharedreward_model-1_type-REPLACEME_sm-5.gfeat/copeCOPENUM.feat/stats/cope1.nii.gz,1,-19.24590163934426,0.1229508196721311,0.2540983606557376,-8.326390000023224,0.1355000842132984,-0.3811475409836065,0.3975409836065574,-0.3528072036527813,6.790092739153528
10984,/gpfs/scratch/tug87422/smithlab-shared/sharedreward-aging/derivatives/fsl/sub-10984/L2_task-sharedreward_model-1_type-REPLACEME_sm-5.gfeat/copeCOPENUM.feat/stats/cope1.nii.gz,1,8.754098360655739,0.1229508196721311,0.2540983606557376,-7.7778712866050626,0.0403734954404307,0.6188524590163935,-0.6024590163934426,-4.356904706543681,-38.14077234908731
10998,/gpfs/scratch/tug87422/smithlab-shared/sharedreward-aging/derivatives/fsl/sub-10998/L2_task-sharedreward_model-1_type-REPLACEME_sm-5.gfeat/copeCOPENUM.feat/stats/cope1.nii.gz,1,-22.24590163934426,0.1229508196721311,0.2540983606557376,3.4462611300483843,-0.0750274593679619,-0.3811475409836065,0.3975409836065574,2.0336144286478257,-45.23958655205081
11007,/gpfs/scratch/tug87422/smithlab-shared/sharedreward-aging/derivatives/fsl/sub-11007/L1_task-sharedreward_model-1_type-REPLACEME_run-1_sm-5.feat/stats/copeCOPENUM.nii.gz,1,2.754098360655739,0.1229508196721311,0.2540983606557376,-10.867776666992851,0.0323154027782072,-0.3811475409836065,0.3975409836065574,1.6992134818431262,4.679801064748284
11012,/gpfs/scratch/tug87422/smithlab-shared/sharedreward-aging/derivatives/fsl/sub-11012/L2_task-sharedreward_model-1_type-REPLACEME_sm-5.gfeat/copeCOPENUM.feat/stats/cope1.nii.gz,1,14.75409836065574,0.1229508196721311,0.2540983606557376,-3.8292531432155954,-0.038983505520504,-0.3811475409836065,0.3975409836065574,-0.3635972459007779,-5.364549529683609
11016,/gpfs/scratch/tug87422/smithlab-shared/sharedreward-aging/derivatives/fsl/sub-11016/L2_task-sharedreward_model-1_type-REPLACEME_sm-5.gfeat/copeCOPENUM.feat/stats/cope1.nii.gz,1,-21.24590163934426,0.1229508196721311,0.2540983606557376,2.9766296192325683,-0.0834833860247347,-0.3811475409836065,0.3975409836065574,-0.3435682261068096,7.299416738269266
11021,/gpfs/scratch/tug87422/smithlab-shared/sharedreward-aging/derivatives/fsl/sub-11021/L2_task-sharedreward_model-1_type-REPLACEME_sm-5.gfeat/copeCOPENUM.feat/stats/cope1.nii.gz,1,-18.24590163934426,0.1229508196721311,0.2540983606557376,-0.7237368475683468,-0.0478742814823609,-0.3811475409836065,0.3975409836065574,0.1497823808176512,-2.73291458770567
11030,/gpfs/scratch/tug87422/smithlab-shared/sharedreward-aging/derivatives/fsl/sub-11030/L2_task-sharedreward_model-1_type-REPLACEME_sm-5.gfeat/copeCOPENUM.feat/stats/cope1.nii.gz,1,-20.24590163934426,0.1229508196721311,0.2540983606557376,-5.407994194006591,-0.0703666933886351,-0.3811475409836065,0.3975409836065574,0.0108405699033666,-0.2194771119779975
11031,/gpfs/scratch/tug87422/smithlab-shared/sharedreward-aging/derivatives/fsl/sub-11031/L2_task-sharedreward_model-1_type-REPLACEME_sm-5.gfeat/copeCOPENUM.feat/stats/cope1.nii.gz,1,-20.24590163934426,0.1229508196721311,0.2540983606557376,3.734852809117598,-0.0501144860248216,-0.3811475409836065,0.3975409836065574,-0.5077482222518477,10.279820565262815
11036,/gpfs/scratch/tug87422/smithlab-shared/sharedreward-aging/derivatives/fsl/sub-11036/L2_task-sharedreward_model-1_type-REPLACEME_sm-5.gfeat/copeCOPENUM.feat/stats/cope1.nii.gz,1,-21.24590163934426,0.1229508196721311,0.2540983606557376,0.8996617317685889,-0.103898485526211,-0.3811475409836065,0.3975409836065574,-1.752937565232743,37.24273909084647
11039,/gpfs/scratch/tug87422/smithlab-shared/sharedreward-aging/derivatives/fsl/sub-11039/L2_task-sharedreward_model-1_type-REPLACEME_sm-5.gfeat/copeCOPENUM.feat/stats/cope1.nii.gz,1,-2.245901639344261,0.1229508196721311,0.2540983606557376,3.4383359610298214,0.0592632892411335,-0.3811475409836065,0.3975409836065574,-0.7915542135442846,1.777752905828966
11042,/gpfs/scratch/tug87422/smithlab-shared/sharedreward-aging/derivatives/fsl/sub-11042/L2_task-sharedreward_model-1_type-REPLACEME_sm-5.gfeat/copeCOPENUM.feat/stats/cope1.nii.gz,1,-14.24590163934426,0.1229508196721311,0.2540983606557376,-5.719275306611365,0.1050611433666941,-0.3811475409836065,0.3975409836065574,2.4263854468232235,-34.56604841458002
11053,/gpfs/scratch/tug87422/smithlab-shared/sharedreward-aging/derivatives/fsl/sub-11053/L2_task-sharedreward_model-1_type-REPLACEME_sm-5.gfeat/copeCOPENUM.feat/stats/cope1.nii.gz,1,-13.24590163934426,0.1229508196721311,0.2540983606557376,-10.583347463972444,-0.0543519231959771,-0.3811475409836065,0.3975409836065574,0.5165424698827399,-6.842070748610718
11058,/gpfs/scratch/tug87422/smithlab-shared/sharedreward-aging/derivatives/fsl/sub-11058/L2_task-sharedreward_model-1_type-REPLACEME_sm-5.gfeat/copeCOPENUM.feat/stats/cope1.nii.gz,1,-5.245901639344261,0.1229508196721311,0.2540983606557376,-10.452588535837409,0.1405915211901954,-0.3811475409836065,0.3975409836065574,-0.8006474693930179,4.2001178722256665
11060,/gpfs/scratch/tug87422/smithlab-shared/sharedreward-aging/derivatives/fsl/sub-11060/L2_task-sharedreward_model-1_type-REPLACEME_sm-5.gfeat/copeCOPENUM.feat/stats/cope1.nii.gz,1,-14.24590163934426,0.1229508196721311,0.2540983606557376,4.385151780043685,-0.1153769150150629,-0.3811475409836065,0.3975409836065574,2.379723930338682,-33.9013130403986
11063,/gpfs/scratch/tug87422/smithlab-shared/sharedreward-aging/derivatives/fsl/sub-11063/L2_task-sharedreward_model-1_type-REPLACEME_sm-5.gfeat/copeCOPENUM.feat/stats/cope1.nii.gz,1,-22.24590163934426,0.1229508196721311,0.2540983606557376,4.56725626823814,-0.0936003238417999,-0.3811475409836065,0.3975409836065574,0.2366978649857021,-5.265557422714717
11065,/gpfs/scratch/tug87422/smithlab-shared/sharedreward-aging/derivatives/fsl/sub-11065/L2_task-sharedreward_model-1_type-REPLACEME_sm-5.gfeat/copeCOPENUM.feat/stats/cope1.nii.gz,1,-22.24590163934426,0.1229508196721311,0.2540983606557376,1.6065277996900988,-0.015352561744712,-0.3811475409836065,0.3975409836065574,1.4577371532413563,-32.42867732702493
11066,/gpfs/scratch/tug87422/smithlab-shared/sharedreward-aging/derivatives/fsl/sub-11066/L2_task-sharedreward_model-1_type-REPLACEME_sm-5.gfeat/copeCOPENUM.feat/stats/cope1.nii.gz,1,-21.24590163934426,0.1229508196721311,0.2540983606557376,-4.39187090237769,-0.003794111159709,0.6188524590163935,-0.6024590163934426,-0.3783898913529306,8.039234413006527
11068,/gpfs/scratch/tug87422/smithlab-shared/sharedreward-aging/derivatives/fsl/sub-11068/L2_task-sharedreward_model-1_type-REPLACEME_sm-5.gfeat/copeCOPENUM.feat/stats/cope1.nii.gz,1,-0.245901639344261,0.1229508196721311,0.2540983606557376,-1.3931933473716924,-0.0442072785811431,-0.3811475409836065,0.3975409836065574,-3.014388619356746,0.7412431031205076
11072,/gpfs/scratch/tug87422/smithlab-shared/sharedreward-aging/derivatives/fsl/sub-11072/L2_task-sharedreward_model-1_type-REPLACEME_sm-5.gfeat/copeCOPENUM.feat/stats/cope1.nii.gz,1,-18.24590163934426,0.1229508196721311,0.2540983606557376,-9.80318347037914,-0.0394059331067595,0.6188524590163935,-0.6024590163934426,1.6688929536430015,-30.45045667876493
11074,/gpfs/scratch/tug87422/smithlab-shared/sharedreward-aging/derivatives/fsl/sub-11074/L2_task-sharedreward_model-1_type-REPLACEME_sm-5.gfeat/copeCOPENUM.feat/stats/cope1.nii.gz,1,-2.245901639344261,0.1229508196721311,0.2540983606557376,-0.4407491554660225,-0.0308636290860903,0.6188524590163935,-0.6024590163934426,1.6688929536430015,-3.748169420476903
11075,/gpfs/scratch/tug87422/smithlab-shared/sharedreward-aging/derivatives/fsl/sub-11075/L2_task-sharedreward_model-1_type-REPLACEME_sm-5.gfeat/copeCOPENUM.feat/stats/cope1.nii.gz,1,33.75409836065574,0.1229508196721311,0.2540983606557376,-1.5730214550779635,-0.0767770864203429,0.6188524590163935,-0.6024590163934426,0.6408931441813834,21.632770227368336
11076,/gpfs/scratch/tug87422/smithlab-shared/sharedreward-aging/derivatives/fsl/sub-11076/L1_task-sharedreward_model-1_type-REPLACEME_run-1_sm-5.feat/stats/copeCOPENUM.nii.gz,1,29.75409836065574,0.1229508196721311,0.2540983606557376,-3.118507076163354,0.0644067152526488,-0.3811475409836065,0.3975409836065574,-1.3337363966041569,-39.68412393174663
11078,/gpfs/scratch/tug87422/smithlab-shared/sharedreward-aging/derivatives/fsl/sub-11078/L2_task-sharedreward_model-1_type-REPLACEME_sm-5.gfeat/copeCOPENUM.feat/stats/cope1.nii.gz,1,28.75409836065574,0.1229508196721311,0.2540983606557376,-0.887454988077792,0.0648192108595775,-0.3811475409836065,0.3975409836065574,0.7359912786179881,21.16276561796641
11083,/gpfs/scratch/tug87422/smithlab-shared/sharedreward-aging/derivatives/fsl/sub-11083/L2_task-sharedreward_model-1_type-REPLACEME_sm-5.gfeat/copeCOPENUM.feat/stats/cope1.nii.gz,1,24.75409836065574,0.1229508196721311,0.2540983606557376,-0.1529768467511019,0.017968126146717,-0.3811475409836065,0.3975409836065574,1.5311957929148248,37.90337126723583
11084,/gpfs/scratch/tug87422/smithlab-shared/sharedreward-aging/derivatives/fsl/sub-11084/L2_task-sharedreward_model-1_type-REPLACEME_sm-5.gfeat/copeCOPENUM.feat/stats/cope1.nii.gz,1,24.75409836065574,0.1229508196721311,0.2540983606557376,6.355381016336338,-0.0660407570404603,-0.3811475409836065,0.3975409836065574,2.449712995781008,60.6404364529397
11090,/gpfs/scratch/tug87422/smithlab-shared/sharedreward-aging/derivatives/fsl/sub-11090/L2_task-sharedreward_model-1_type-REPLACEME_sm-5.gfeat/copeCOPENUM.feat/stats/cope1.nii.gz,1,25.75409836065574,0.1229508196721311,0.2540983606557376,-14.94325703899753,0.2528837883764555,0.6188524590163935,-0.6024590163934426,-1.3186006952947829,-33.95937200505089
11110,/gpfs/scratch/tug87422/smithlab-shared/sharedreward-aging/derivatives/fsl/sub-11110/L2_task-sharedreward_model-1_type-REPLACEME_sm-5.gfeat/copeCOPENUM.feat/stats/cope1.nii.gz,1,23.75409836065574,0.1229508196721311,0.2540983606557376,-1.886884388040329,-0.0047934408720674,-0.3811475409836065,0.3975409836065574,2.379723930338682,56.52819631247132
11113,/gpfs/scratch/tug87422/smithlab-shared/sharedreward-aging/derivatives/fsl/sub-11113/L2_task-sharedreward_model-1_type-REPLACEME_sm-5.gfeat/copeCOPENUM.feat/stats/cope1.nii.gz,1,-22.24590163934426,0.1229508196721311,0.2540983606557376,0.6519037914482908,-0.0916960214171951,0.6188524590163935,-0.6024590163934426,1.1331913312220705,-25.20886289292376
11116,/gpfs/scratch/tug87422/smithlab-shared/sharedreward-aging/derivatives/fsl/sub-11116/L2_task-sharedreward_model-1_type-REPLACEME_sm-5.gfeat/copeCOPENUM.feat/stats/cope1.nii.gz,1,15.75409836065574,0.1229508196721311,0.2540983606557376,-6.104880199061284,-0.0091910944532029,0.6188524590163935,-0.6024590163934426,0.8461323994813803,13.33005304756732
11120,/gpfs/scratch/tug87422/smithlab-shared/sharedreward-aging/derivatives/fsl/sub-11120/L2_task-sharedreward_model-1_type-REPLACEME_sm-5.gfeat/copeCOPENUM.feat/stats/cope1.nii.gz,1,22.75409836065574,0.1229508196721311,0.2540983606557376,-7.410585390570617,0.0088831911924503,0.6188524590163935,-0.6024590163934426,-1.0143886193567468,-23.08149842077319
11126,/gpfs/scratch/tug87422/smithlab-shared/sharedreward-aging/derivatives/fsl/sub-11126/L1_task-sharedreward_model-1_type-REPLACEME_run-1_sm-5.feat/stats/copeCOPENUM.nii.gz,1,14.75409836065574,0.1229508196721311,0.2540983606557376,-11.61983629198889,0.0478188734706488,0.6188524590163935,-0.6024590163934426,1.0745432521116274,15.853916834433848
11128,/gpfs/scratch/tug87422/smithlab-shared/sharedreward-aging/derivatives/fsl/sub-11128/L2_task-sharedreward_model-1_type-REPLACEME_sm-5.gfeat/copeCOPENUM.feat/stats/cope1.nii.gz,1,16.75409836065574,0.1229508196721311,0.2540983606557376,-4.10835841745515,0.0991409892435082,0.6188524590163935,-0.6024590163934426,-0.7751529525080767,-12.986988810873024
11139,/gpfs/scratch/tug87422/smithlab-shared/sharedreward-aging/derivatives/fsl/sub-11139/L2_task-sharedreward_model-1_type-REPLACEME_sm-5.gfeat/copeCOPENUM.feat/stats/cope1.nii.gz,1,-23.24590163934426,0.1229508196721311,0.2540983606557376,6.679426524563183,-0.0010889802587534,-0.3811475409836065,0.3975409836065574,0.9589435207299996,-22.291506760576056
11145,/gpfs/scratch/tug87422/smithlab-shared/sharedreward-aging/derivatives/fsl/sub-11145/L2_task-sharedreward_model-1_type-REPLACEME_sm-5.gfeat/copeCOPENUM.feat/stats/cope1.nii.gz,1,20.75409836065574,0.1229508196721311,0.2540983606557376,-6.248188958844679,0.0428459447176855,0.6188524590163935,-0.6024590163934426,-1.0143886193567466,-21.05272118205969
11164,/gpfs/scratch/tug87422/smithlab-shared/sharedreward-aging/derivatives/fsl/sub-11164/L1_task-sharedreward_model-1_type-REPLACEME_run-1_sm-5.feat/stats/copeCOPENUM.nii.gz,1,40.75409836065574,0.1229508196721311,0.2540983606557376,-2.3794589511738597,0.0314270346327749,0.6188524590163935,-0.6024590163934426,-2.469602369574744,-100.6464178813576
11167,/gpfs/scratch/tug87422/smithlab-shared/sharedreward-aging/derivatives/fsl/sub-11167/L2_task-sharedreward_model-1_type-REPLACEME_sm-5.gfeat/copeCOPENUM.feat/stats/cope1.nii.gz,1,13.75409836065574,0.1229508196721311,0.2540983606557376,-8.521080102414402,0.0126431288520478,-0.3811475409836065,0.3975409836065574,-1.0143886193567466,-13.952000846562466
11168,/gpfs/scratch/tug87422/smithlab-shared/sharedreward-aging/derivatives/fsl/sub-11168/L2_task-sharedreward_model-1_type-REPLACEME_sm-5.gfeat/copeCOPENUM.feat/stats/cope1.nii.gz,1,-16.24590163934426,0.1229508196721311,0.2540983606557376,-10.179719466475348,0.0992077827369425,-0.3811475409836065,0.3975409836065574,-0.1594240195018308,2.589986939775645
11171,/gpfs/scratch/tug87422/smithlab-shared/sharedreward-aging/derivatives/fsl/sub-11171/L2_task-sharedreward_model-1_type-REPLACEME_sm-5.gfeat/copeCOPENUM.feat/stats/cope1.nii.gz,1,-18.24590163934426,0.1229508196721311,0.2540983606557376,-2.7113583465028057,-0.0824937565710353,0.6188524590163935,-0.6024590163934426,2.7422055828428995,-50.03401333941225
11177,/gpfs/scratch/tug87422/smithlab-shared/sharedreward-aging/derivatives/fsl/sub-11177/L2_task-sharedreward_model-1_type-REPLACEME_sm-5.gfeat/copeCOPENUM.feat/stats/cope1.nii.gz,1,11.75409836065574,0.1229508196721311,0.2540983606557376,-2.8129695753953854,-0.0759193344560514,0.6188524590163935,-0.6024590163934426,1.1069317242028958,13.010984364811089
11192,/gpfs/scratch/tug87422/smithlab-shared/sharedreward-aging/derivatives/fsl/sub-11192/L2_task-sharedreward_model-1_type-REPLACEME_sm-5.gfeat/copeCOPENUM.feat/stats/cope1.nii.gz,1,25.75409836065574,0.1229508196721311,0.2540983606557376,-7.191304525177969,0.0855224307766533,0.6188524590163935,-0.6024590163934426,-1.380215075866562,-35.546194822727365
11193,/gpfs/scratch/tug87422/smithlab-shared/sharedreward-aging/derivatives/fsl/sub-11193/L2_task-sharedreward_model-1_type-REPLACEME_sm-5.gfeat/copeCOPENUM.feat/stats/cope1.nii.gz,1,11.75409836065574,0.1229508196721311,0.2540983606557376,-17.299040963166902,0.0905333106864804,-0.3811475409836065,0.3975409836065574,-1.0143886193567466,-11.923223607848971
11227,/gpfs/scratch/tug87422/smithlab-shared/sharedreward-aging/derivatives/fsl/sub-11227/L2_task-sharedreward_model-1_type-REPLACEME_sm-5.gfeat/copeCOPENUM.feat/stats/cope1.nii.gz,1,-13.24590163934426,0.1229508196721311,0.2540983606557376,-1.1631275809989745,-0.109690394405689,-0.3811475409836065,0.3975409836065574,0.5955803244431024,-7.888998395902076
11238,/gpfs/scratch/tug87422/smithlab-shared/sharedreward-aging/derivatives/fsl/sub-11238/L2_task-sharedreward_model-1_type-REPLACEME_sm-5.gfeat/copeCOPENUM.feat/stats/cope1.nii.gz,1,1.754098360655739,0.1229508196721311,0.2540983606557376,-4.197306629960934,-0.0219906615258205,0.6188524590163935,-0.6024590163934426,-1.5270032139868033,-2.678513834370296
11241,/gpfs/scratch/tug87422/smithlab-shared/sharedreward-aging/derivatives/fsl/sub-11241/L2_task-sharedreward_model-1_type-REPLACEME_sm-5.gfeat/copeCOPENUM.feat/stats/cope1.nii.gz,1,-17.24590163934426,0.1229508196721311,0.2540983606557376,2.271001668363766,-0.0728387226263534,-0.3811475409836065,0.3975409836065574,-0.5340041579414854,9.209383182859714
11246,/gpfs/scratch/tug87422/smithlab-shared/sharedreward-aging/derivatives/fsl/sub-11246/L2_task-sharedreward_model-1_type-REPLACEME_sm-5.gfeat/copeCOPENUM.feat/stats/cope1.nii.gz,1,-4.245901639344261,0.1229508196721311,0.2540983606557376,-6.029561979688282,-0.0503173425413002,0.6188524590163935,-0.6024590163934426,-1.6604469018265449,7.050094222509426
11286,/gpfs/scratch/tug87422/smithlab-shared/sharedreward-aging/derivatives/fsl/sub-11286/L1_task-sharedreward_model-1_type-REPLACEME_run-1_sm-5.feat/stats/copeCOPENUM.nii.gz,1,-20.24590163934426,0.1229508196721311,0.2540983606557376,2.597680815736254,-0.0956232121006178,-0.3811475409836065,0.3975409836065574,-0.1199614283568306,2.428727279027637
11301,/gpfs/scratch/tug87422/smithlab-shared/sharedreward-aging/derivatives/fsl/sub-11301/L2_task-sharedreward_model-1_type-REPLACEME_sm-5.gfeat/copeCOPENUM.feat/stats/cope1.nii.gz,1,-21.24590163934426,0.1229508196721311,0.2540983606557376,1.1520842578981103,-0.0622466999072927,-0.3811475409836065,0.3975409836065574,1.6688929536430015,-35.45713553969393
11311,/gpfs/scratch/tug87422/smithlab-shared/sharedreward-aging/derivatives/fsl/sub-11311/L2_task-sharedreward_model-1_type-REPLACEME_sm-5.gfeat/copeCOPENUM.feat/stats/cope1.nii.gz,1,-22.24590163934426,0.1229508196721311,0.2540983606557376,1.912446567156309,-0.0724212030668764,-0.3811475409836065,0.3975409836065574,0.9724099162408192,-21.63213534981625
11312,/gpfs/scratch/tug87422/smithlab-shared/sharedreward-aging/derivatives/fsl/sub-11312/L2_task-sharedreward_model-1_type-REPLACEME_sm-5.gfeat/copeCOPENUM.feat/stats/cope1.nii.gz,1,-21.24590163934426,0.1229508196721311,0.2540983606557376,-0.9166607860746296,-0.0780219950717883,-0.3811475409836065,0.3975409836065574,0.3541260389287233,-7.5237269910102516
11316,/gpfs/scratch/tug87422/smithlab-shared/sharedreward-aging/derivatives/fsl/sub-11316/L2_task-sharedreward_model-1_type-REPLACEME_sm-5.gfeat/copeCOPENUM.feat/stats/cope1.nii.gz,1,-2.245901639344261,0.1229508196721311,0.2540983606557376,-7.4725207879886,0.1058563109404627,0.6188524590163935,-0.6024590163934426,-1.0143886193567466,2.278217063145479
11318,/gpfs/scratch/tug87422/smithlab-shared/sharedreward-aging/derivatives/fsl/sub-11318/L2_task-sharedreward_model-1_type-REPLACEME_sm-5.gfeat/copeCOPENUM.feat/stats/cope1.nii.gz,1,-22.24590163934426,0.1229508196721311,0.2540983606557376,5.178695551535071,-0.0851211366594565,-0.3811475409836065,0.3975409836065574,1.3440497961327598,-29.89959956315008
11321,/gpfs/scratch/tug87422/smithlab-shared/sharedreward-aging/derivatives/fsl/sub-11321/L2_task-sharedreward_model-1_type-REPLACEME_sm-5.gfeat/copeCOPENUM.feat/stats/cope1.nii.gz,1,-21.24590163934426,0.1229508196721311,0.2540983606557376,6.384397393391424,-0.1250823368893058,-0.3811475409836065,0.3975409836065574,-1.0143886193567466,21.551600830923665
11325,/gpfs/scratch/tug87422/smithlab-shared/sharedreward-aging/derivatives/fsl/sub-11325/L2_task-sharedreward_model-1_type-REPLACEME_sm-5.gfeat/copeCOPENUM.feat/stats/cope1.nii.gz,1,-16.24590163934426,0.1229508196721311,0.2540983606557376,-2.8667183462451646,-0.0738140593666539,0.6188524590163935,-0.6024590163934426,1.3499425993605554,-21.9310346879723
11326,/gpfs/scratch/tug87422/smithlab-shared/sharedreward-aging/derivatives/fsl/sub-11326/L2_task-sharedreward_model-1_type-REPLACEME_sm-5.gfeat/copeCOPENUM.feat/stats/cope1.nii.gz,1,-18.24590163934426,0.1229508196721311,0.2540983606557376,-9.213639585933691,-0.0141665867165871,0.6188524590163935,-0.6024590163934426,-0.6913594781218473,12.614477035239606
11329,/gpfs/scratch/tug87422/smithlab-shared/sharedreward-aging/derivatives/fsl/sub-11329/L2_task-sharedreward_model-1_type-REPLACEME_sm-5.gfeat/copeCOPENUM.feat/stats/cope1.nii.gz,1,-20.24590163934426,0.1229508196721311,0.2540983606557376,-0.5935855725468571,-0.079941121557107,0.6188524590163935,-0.6024590163934426,-0.5621216024901012,11.380658673365163
11330,/gpfs/scratch/tug87422/smithlab-shared/sharedreward-aging/derivatives/fsl/sub-11330/L2_task-sharedreward_model-1_type-REPLACEME_sm-5.gfeat/copeCOPENUM.feat/stats/cope1.nii.gz,1,-17.24590163934426,0.1229508196721311,0.2540983606557376,7.214067607776684,-0.1054749933715864,0.6188524590163935,-0.6024590163934426,-1.0143886193567466,17.494046353496678
11337,/gpfs/scratch/tug87422/smithlab-shared/sharedreward-aging/derivatives/fsl/sub-11337/L2_task-sharedreward_model-1_type-REPLACEME_sm-5.gfeat/copeCOPENUM.feat/stats/cope1.nii.gz,1,-13.24590163934426,0.1229508196721311,0.2540983606557376,-12.622437349629166,-0.0400030854272016,0.6188524590163935,-0.6024590163934426,-0.555557151615623,7.3588553853348095
11338,/gpfs/scratch/tug87422/smithlab-shared/sharedreward-aging/derivatives/fsl/sub-11338/L2_task-sharedreward_model-1_type-REPLACEME_sm-5.gfeat/copeCOPENUM.feat/stats/cope1.nii.gz,1,-22.24590163934426,0.1229508196721311,0.2540983606557376,0.0511978786750262,-0.0840869748053033,0.6188524590163935,-0.6024590163934426,-0.4946109211676943,11.003065902041987
11340,/gpfs/scratch/tug87422/smithlab-shared/sharedreward-aging/derivatives/fsl/sub-11340/L2_task-sharedreward_model-1_type-REPLACEME_sm-5.gfeat/copeCOPENUM.feat/stats/cope1.nii.gz,1,-12.24590163934426,0.1229508196721311,0.2540983606557376,-0.4000523369680593,-0.0073086354274814,-0.3811475409836065,0.3975409836065574,-0.2867817442477474,3.511901032017496
11343,/gpfs/scratch/tug87422/smithlab-shared/sharedreward-aging/derivatives/fsl/sub-11343/L2_task-sharedreward_model-1_type-REPLACEME_sm-5.gfeat/copeCOPENUM.feat/stats/cope1.nii.gz,1,-11.24590163934426,0.1229508196721311,0.2540983606557376,-3.008959041202018,-0.0698483338020466,-0.3811475409836065,0.3975409836065574,-0.1155115143666867,1.2990311287794605
11345,/gpfs/scratch/tug87422/smithlab-shared/sharedreward-aging/derivatives/fsl/sub-11345/L2_task-sharedreward_model-1_type-REPLACEME_sm-5.gfeat/copeCOPENUM.feat/stats/cope1.nii.gz,1,-10.24590163934426,0.1229508196721311,0.2540983606557376,13.849219010801477,-0.1311750005147227,-0.3811475409836065,0.3975409836065574,0.1566914681814935,-1.605445370712023
11348,/gpfs/scratch/tug87422/smithlab-shared/sharedreward-aging/derivatives/fsl/sub-11348/L2_task-sharedreward_model-1_type-REPLACEME_sm-5.gfeat/copeCOPENUM.feat/stats/cope1.nii.gz,1,-8.245901639344261,0.1229508196721311,0.2540983606557376,-5.540035983481488,-0.0434249336808597,0.6188524590163935,-0.6024590163934426,-1.0143886193567466,8.36454877928596
11358,/gpfs/scratch/tug87422/smithlab-shared/sharedreward-aging/derivatives/fsl/sub-11358/L2_task-sharedreward_model-1_type-REPLACEME_sm-5.gfeat/copeCOPENUM.feat/stats/cope1.nii.gz,1,4.754098360655739,0.1229508196721311,0.2540983606557376,6.705629175245718,-0.047241766059958,-0.3811475409836065,0.3975409836065574,-1.9601211068436677,-9.318608540732193
11364,/gpfs/scratch/tug87422/smithlab-shared/sharedreward-aging/derivatives/fsl/sub-11364/L2_task-sharedreward_model-1_type-REPLACEME_sm-5.gfeat/copeCOPENUM.feat/stats/cope1.nii.gz,1,10.75409836065574,0.1229508196721311,0.2540983606557376,-20.83693284069099,-0.0318460963749873,-0.3811475409836065,0.3975409836065574,-1.0143886193567466,-10.908834988492227
11367,/gpfs/scratch/tug87422/smithlab-shared/sharedreward-aging/derivatives/fsl/sub-11367/L2_task-sharedreward_model-1_type-REPLACEME_sm-5.gfeat/copeCOPENUM.feat/stats/cope1.nii.gz,1,14.75409836065574,0.1229508196721311,0.2540983606557376,-15.568365410748214,-0.1114463514511576,-0.3811475409836065,0.3975409836065574,-0.7710564876606029,-11.376243260566271
11376,/gpfs/scratch/tug87422/smithlab-shared/sharedreward-aging/derivatives/fsl/sub-11376/L2_task-sharedreward_model-1_type-REPLACEME_sm-5.gfeat/copeCOPENUM.feat/stats/cope1.nii.gz,1,26.75409836065574,0.1229508196721311,0.2540983606557376,-13.2548789335045,-0.0450959339244244,0.6188524590163935,-0.6024590163934426,-1.0143886193567466,-27.139052898200173
11377,/gpfs/scratch/tug87422/smithlab-shared/sharedreward-aging/derivatives/fsl/sub-11377/L2_task-sharedreward_model-1_type-REPLACEME_sm-5.gfeat/copeCOPENUM.feat/stats/cope1.nii.gz,1,25.75409836065574,0.1229508196721311,0.2540983606557376,-0.5908407071759427,-0.0019111042911463,-0.3811475409836065,0.3975409836065574,-1.2348041268679402,-31.80126693950056
11387,/gpfs/scratch/tug87422/smithlab-shared/sharedreward-aging/derivatives/fsl/sub-11387/L2_task-sharedreward_model-1_type-REPLACEME_sm-5.gfeat/copeCOPENUM.feat/stats/cope1.nii.gz,1,9.75409836065574,0.1229508196721311,0.2540983606557376,2.908961661400696,0.0327238675553317,-0.3811475409836065,0.3975409836065574,2.255306946121649,21.998485785940684
11410,/gpfs/scratch/tug87422/smithlab-shared/sharedreward-aging/derivatives/fsl/sub-11410/L2_task-sharedreward_model-1_type-REPLACEME_sm-5.gfeat/copeCOPENUM.feat/stats/cope1.nii.gz,1,1.754098360655739,0.1229508196721311,0.2540983606557376,-16.495130763817855,0.1695411512335548,0.6188524590163935,-0.6024590163934426,-1.0143886193567466,-1.7793374142815075
11416,/gpfs/scratch/tug87422/smithlab-shared/sharedreward-aging/derivatives/fsl/sub-11416/L1_task-sharedreward_model-1_type-REPLACEME_run-1_sm-5.feat/stats/copeCOPENUM.nii.gz,1,-1.245901639344261,0.1229508196721311,0.2540983606557376,-20.72230733965202,0.2146154399871282,-0.3811475409836065,0.3975409836065574,-0.7803063249644855,0.972184929463948
11426,/gpfs/scratch/tug87422/smithlab-shared/sharedreward-aging/derivatives/fsl/sub-11426/L1_task-sharedreward_model-1_type-REPLACEME_run-1_sm-5.feat/stats/copeCOPENUM.nii.gz,1,-6.245901639344261,0.1229508196721311,0.2540983606557376,-5.226683637468653,0.1013538895863191,-0.3811475409836065,0.3975409836065574,1.3909625578550728,-8.687815320373486
11430,/gpfs/scratch/tug87422/smithlab-shared/sharedreward-aging/derivatives/fsl/sub-11430/L1_task-sharedreward_model-1_type-REPLACEME_run-1_sm-5.feat/stats/copeCOPENUM.nii.gz,1,-8.245901639344261,0.1229508196721311,0.2540983606557376,-12.207808523081752,-0.0429017549996161,-0.3811475409836065,0.3975409836065574,2.3712703367645256,-19.55326195725502
11432,/gpfs/scratch/tug87422/smithlab-shared/sharedreward-aging/derivatives/fsl/sub-11432/L2_task-sharedreward_model-1_type-REPLACEME_sm-5.gfeat/copeCOPENUM.feat/stats/cope1.nii.gz,1,-8.245901639344261,0.1229508196721311,0.2540983606557376,-5.554591156476221,-0.0860960119189934,-0.3811475409836065,0.3975409836065574,1.0469653841731792,-8.633173577690313
11433,/gpfs/scratch/tug87422/smithlab-shared/sharedreward-aging/derivatives/fsl/sub-11433/L2_task-sharedreward_model-1_type-REPLACEME_sm-5.gfeat/copeCOPENUM.feat/stats/cope1.nii.gz,1,-8.245901639344261,0.1229508196721311,0.2540983606557376,-0.8543405432641009,-0.0725641044060143,0.6188524590163935,-0.6024590163934426,-0.4761150545372388,3.9259979087251
11435,/gpfs/scratch/tug87422/smithlab-shared/sharedreward-aging/derivatives/fsl/sub-11435/L2_task-sharedreward_model-1_type-REPLACEME_sm-5.gfeat/copeCOPENUM.feat/stats/cope1.nii.gz,1,-10.24590163934426,0.1229508196721311,0.2540983606557376,0.4764066956201134,-0.0864316637617718,-0.3811475409836065,0.3975409836065574,-1.9189226530900372,19.66109275707005
11439,/gpfs/scratch/tug87422/smithlab-shared/sharedreward-aging/derivatives/fsl/sub-11439/L1_task-sharedreward_model-1_type-REPLACEME_run-1_sm-5.feat/stats/copeCOPENUM.nii.gz,1,19.75409836065574,0.1229508196721311,0.2540983606557376,-11.654476990333336,0.074016335504355,0.6188524590163935,-0.6024590163934426,0.1737884322152623,3.433033783924444
11440,/gpfs/scratch/tug87422/smithlab-shared/sharedreward-aging/derivatives/fsl/sub-11440/L2_task-sharedreward_model-1_type-REPLACEME_sm-5.gfeat/copeCOPENUM.feat/stats/cope1.nii.gz,1,19.75409836065574,0.1229508196721311,0.2540983606557376,-5.162944422270215,-0.0371154108251909,0.6188524590163935,-0.6024590163934426,-0.5472892528598328,-10.811205732722929
11443,/gpfs/scratch/tug87422/smithlab-shared/sharedreward-aging/derivatives/fsl/sub-11443/L1_task-sharedreward_model-1_type-REPLACEME_run-1_sm-5.feat/stats/copeCOPENUM.nii.gz,1,13.75409836065574,0.1229508196721311,0.2540983606557376,-8.688051779339133,0.2623486469250903,-0.3811475409836065,0.3975409836065574,3.278861897442849,45.09778904843525
11450,/gpfs/scratch/tug87422/smithlab-shared/sharedreward-aging/derivatives/fsl/sub-11450/L1_task-sharedreward_model-1_type-REPLACEME_run-1_sm-5.feat/stats/copeCOPENUM.nii.gz,1,1.754098360655739,0.1229508196721311,0.2540983606557376,-8.845869940348479,-0.0617959097409823,0.6188524590163935,-0.6024590163934426,-2.128560648419058,-3.733704743948186
11451,/gpfs/scratch/tug87422/smithlab-shared/sharedreward-aging/derivatives/fsl/sub-11451/L2_task-sharedreward_model-1_type-REPLACEME_sm-5.gfeat/copeCOPENUM.feat/stats/cope1.nii.gz,1,4.754098360655739,0.1229508196721311,0.2540983606557376,5.4746003332044495,0.0720206250152032,0.6188524590163935,-0.6024590163934426,-0.1572457622138898,-0.747561820361116
11461,/gpfs/scratch/tug87422/smithlab-shared/sharedreward-aging/derivatives/fsl/sub-11461/L2_task-sharedreward_model-1_type-REPLACEME_sm-5.gfeat/copeCOPENUM.feat/stats/cope1.nii.gz,1,30.75409836065574,0.1229508196721311,0.2540983606557376,-13.363771398427474,0.1836728629099588,0.6188524590163935,-0.6024590163934426,1.8960388810792492,58.310966244338886
11462,/gpfs/scratch/tug87422/smithlab-shared/sharedreward-aging/derivatives/fsl/sub-11462/L1_task-sharedreward_model-1_type-REPLACEME_run-1_sm-5.feat/stats/copeCOPENUM.nii.gz,1,25.75409836065574,0.1229508196721311,0.2540983606557376,-4.130702776011589,-0.0055892394543897,0.6188524590163935,-0.6024590163934426,0.9856113806432534,25.38353244246805
11498,/gpfs/scratch/tug87422/smithlab-shared/sharedreward-aging/derivatives/fsl/sub-11498/L1_task-sharedreward_model-1_type-REPLACEME_run-1_sm-5.feat/stats/copeCOPENUM.nii.gz,1,2.754098360655739,0.1229508196721311,0.2540983606557376,-14.559455731293696,-0.0265031336209215,0.6188524590163935,-0.6024590163934426,-0.61349675648811,-1.6896304113115168
11517,/gpfs/scratch/tug87422/smithlab-shared/sharedreward-aging/derivatives/fsl/sub-11517/L2_task-sharedreward_model-1_type-REPLACEME_sm-5.gfeat/copeCOPENUM.feat/stats/cope1.nii.gz,1,-20.24590163934426,0.1229508196721311,0.2540983606557376,-0.6841222688011328,-0.0112732737411704,-0.3811475409836065,0.3975409836065574,0.8622411071569263,-17.456848644898425
11518,/gpfs/scratch/tug87422/smithlab-shared/sharedreward-aging/derivatives/fsl/sub-11518/L2_task-sharedreward_model-1_type-REPLACEME_sm-5.gfeat/copeCOPENUM.feat/stats/cope1.nii.gz,1,-22.24590163934426,0.1229508196721311,0.2540983606557376,-10.706136519256091,0.0341527925314879,-0.3811475409836065,0.3975409836065574,1.7967390946381627,-39.97008117088503
11523,/gpfs/scratch/tug87422/smithlab-shared/sharedreward-aging/derivatives/fsl/sub-11523/L2_task-sharedreward_model-1_type-REPLACEME_sm-5.gfeat/copeCOPENUM.feat/stats/cope1.nii.gz,1,-7.245901639344261,0.1229508196721311,0.2540983606557376,-5.787024572250942,0.0520977427684646,-0.3811475409836065,0.3975409836065574,1.6688929536430015,-12.09263418869191
11526,/gpfs/scratch/tug87422/smithlab-shared/sharedreward-aging/derivatives/fsl/sub-11526/L2_task-sharedreward_model-1_type-REPLACEME_sm-5.gfeat/copeCOPENUM.feat/stats/cope1.nii.gz,1,-19.24590163934426,0.1229508196721311,0.2540983606557376,19.853475581629624,-0.1142601186916705,-0.3811475409836065,0.3975409836065574,1.5296062926585172,-29.43865225542785
11527,/gpfs/scratch/tug87422/smithlab-shared/sharedreward-aging/derivatives/fsl/sub-11527/L2_task-sharedreward_model-1_type-REPLACEME_sm-5.gfeat/copeCOPENUM.feat/stats/cope1.nii.gz,1,-21.24590163934426,0.1229508196721311,0.2540983606557376,-12.02782416831846,0.0481937605718042,0.6188524590163935,-0.6024590163934426,-1.0143886193567466,21.551600830923665
11529,/gpfs/scratch/tug87422/smithlab-shared/sharedreward-aging/derivatives/fsl/sub-11529/L2_task-sharedreward_model-1_type-REPLACEME_sm-5.gfeat/copeCOPENUM.feat/stats/cope1.nii.gz,1,-21.24590163934426,0.1229508196721311,0.2540983606557376,17.786221973373046,-0.0883280212125025,-0.3811475409836065,0.3975409836065574,1.1218183653921896,-23.83404264833242
11530,/gpfs/scratch/tug87422/smithlab-shared/sharedreward-aging/derivatives/fsl/sub-11530/L2_task-sharedreward_model-1_type-REPLACEME_sm-5.gfeat/copeCOPENUM.feat/stats/cope1.nii.gz,1,-18.24590163934426,0.1229508196721311,0.2540983606557376,-3.8585054080388943,-0.0199523788440829,-0.3811475409836065,-0.6024590163934426,-0.4499560983265884,8.209854712090047
11532,/gpfs/scratch/tug87422/smithlab-shared/sharedreward-aging/derivatives/fsl/sub-11532/L2_task-sharedreward_model-1_type-REPLACEME_sm-5.gfeat/copeCOPENUM.feat/stats/cope1.nii.gz,1,-7.245901639344261,0.1229508196721311,0.2540983606557376,10.777735313233876,-0.0847591031066206,-0.3811475409836065,0.3975409836065574,-1.0143886193567466,7.350160159929212
11533,/gpfs/scratch/tug87422/smithlab-shared/sharedreward-aging/derivatives/fsl/sub-11533/L2_task-sharedreward_model-1_type-REPLACEME_sm-5.gfeat/copeCOPENUM.feat/stats/cope1.nii.gz,1,-10.24590163934426,0.1229508196721311,0.2540983606557376,13.083696002381345,-0.0836333802975988,-0.3811475409836065,0.3975409836065574,0.0421524682340017,-0.4318900433811655
11534,/gpfs/scratch/tug87422/smithlab-shared/sharedreward-aging/derivatives/fsl/sub-11534/L2_task-sharedreward_model-1_type-REPLACEME_sm-5.gfeat/copeCOPENUM.feat/stats/cope1.nii.gz,1,-21.24590163934426,0.1229508196721311,0.2540983606557376,-9.437719808999958,-0.0125564164299149,0.6188524590163935,-0.6024590163934426,-0.2282424808602445,4.849217298276671
11535,/gpfs/scratch/tug87422/smithlab-shared/sharedreward-aging/derivatives/fsl/sub-11535/L2_task-sharedreward_model-1_type-REPLACEME_sm-5.gfeat/copeCOPENUM.feat/stats/cope1.nii.gz,1,-9.24590163934426,0.1229508196721311,0.2540983606557376,5.124622979558495,-0.0417220371390702,-0.3811475409836065,0.3975409836065574,2.435544831642929,-22.5188079515838
11536,/gpfs/scratch/tug87422/smithlab-shared/sharedreward-aging/derivatives/fsl/sub-11536/L2_task-sharedreward_model-1_type-REPLACEME_sm-5.gfeat/copeCOPENUM.feat/stats/cope1.nii.gz,1,-6.245901639344261,0.1229508196721311,0.2540983606557376,-1.5577078811978424,0.0014298059086427,0.6188524590163935,-0.6024590163934426,0.4381574590483792,-2.7366883917611875
11540,/gpfs/scratch/tug87422/smithlab-shared/sharedreward-aging/derivatives/fsl/sub-11540/L2_task-sharedreward_model-1_type-REPLACEME_sm-5.gfeat/copeCOPENUM.feat/stats/cope1.nii.gz,1,-8.245901639344261,0.1229508196721311,0.2540983606557376,10.97959919885821,-0.0888884123539008,-0.3811475409836065,0.3975409836065574,-1.2962932107977103,10.689106311987675
11542,/gpfs/scratch/tug87422/smithlab-shared/sharedreward-aging/derivatives/fsl/sub-11542/L2_task-sharedreward_model-1_type-REPLACEME_sm-5.gfeat/copeCOPENUM.feat/stats/cope1.nii.gz,1,17.75409836065574,0.1229508196721311,0.2540983606557376,0.0584605163973321,0.0495636359011591,0.6188524590163935,-0.6024590163934426,0.1623081914723578,2.8816355961403866
11545,/gpfs/scratch/tug87422/smithlab-shared/sharedreward-aging/derivatives/fsl/sub-11545/L2_task-sharedreward_model-1_type-REPLACEME_sm-5.gfeat/copeCOPENUM.feat/stats/cope1.nii.gz,1,23.75409836065574,0.1229508196721311,0.2540983606557376,8.752660596634684,-0.0037093144017157,-0.3811475409836065,0.3975409836065574,-1.0143886193567466,-24.09588704012993
11551,/gpfs/scratch/tug87422/smithlab-shared/sharedreward-aging/derivatives/fsl/sub-11551/L2_task-sharedreward_model-1_type-REPLACEME_sm-5.gfeat/copeCOPENUM.feat/stats/cope1.nii.gz,1,21.75409836065574,0.1229508196721311,0.2540983606557376,-2.4384722416210423,-0.0020779638602402,-0.3811475409836065,0.3975409836065574,-1.5621111768619127,-33.98232019173374
11559,/gpfs/scratch/tug87422/smithlab-shared/sharedreward-aging/derivatives/fsl/sub-11559/L2_task-sharedreward_model-1_type-REPLACEME_sm-5.gfeat/copeCOPENUM.feat/stats/cope1.nii.gz,1,23.75409836065574,0.1229508196721311,0.2540983606557376,-7.529768194529737,0.2002655224558503,-0.3811475409836065,0.3975409836065574,-0.1321310728441771,-3.138654500839552
11563,/gpfs/scratch/tug87422/smithlab-shared/sharedreward-aging/derivatives/fsl/sub-11563/L2_task-sharedreward_model-1_type-REPLACEME_sm-5.gfeat/copeCOPENUM.feat/stats/cope1.nii.gz,1,11.75409836065574,0.1229508196721311,0.2540983606557376,-2.460376736118036,-0.0697837535573876,0.6188524590163935,-0.6024590163934426,-1.0143886193567466,-11.923223607848971
11570,/gpfs/scratch/tug87422/smithlab-shared/sharedreward-aging/derivatives/fsl/sub-11570/L2_task-sharedreward_model-1_type-REPLACEME_sm-5.gfeat/copeCOPENUM.feat/stats/cope1.nii.gz,1,-2.245901639344261,0.1229508196721311,0.2540983606557376,-0.5739957715771595,0.0357754041300093,0.6188524590163935,-0.6024590163934426,1.1735862531116714,-2.635759289775392
11572,/gpfs/scratch/tug87422/smithlab-shared/sharedreward-aging/derivatives/fsl/sub-11572/L2_task-sharedreward_model-1_type-REPLACEME_sm-5.gfeat/copeCOPENUM.feat/stats/cope1.nii.gz,1,-1.245901639344261,0.1229508196721311,0.2540983606557376,5.811548973790792,-0.0323781848492427,0.6188524590163935,-0.6024590163934426,-0.0034078980136316,0.0042459057219016
11579,/gpfs/scratch/tug87422/smithlab-shared/sharedreward-aging/derivatives/fsl/sub-11579/L2_task-sharedreward_model-1_type-REPLACEME_sm-5.gfeat/copeCOPENUM.feat/stats/cope1.nii.gz,1,3.754098360655739,0.1229508196721311,0.2540983606557376,3.3446293658422803,-0.0318404138586721,0.6188524590163935,-0.6024590163934426,0.3027825005195375,1.136675288835641
11586,/gpfs/scratch/tug87422/smithlab-shared/sharedreward-aging/derivatives/fsl/sub-11586/L1_task-sharedreward_model-1_type-REPLACEME_run-1_sm-5.feat/stats/copeCOPENUM.nii.gz,1,9.75409836065574,0.1229508196721311,0.2540983606557376,3.052607479163868,-0.0920126764307328,0.6188524590163935,-0.6024590163934426,-1.0143886193567466,-9.89444636913548
11588,/gpfs/scratch/tug87422/smithlab-shared/sharedreward-aging/derivatives/fsl/sub-11588/L2_task-sharedreward_model-1_type-REPLACEME_sm-5.gfeat/copeCOPENUM.feat/stats/cope1.nii.gz,1,10.75409836065574,0.1229508196721311,0.2540983606557376,19.492637917232656,-0.0690284746925455,0.6188524590163935,-0.6024590163934426,1.1218183653921896,12.064145044217646
11591,/gpfs/scratch/tug87422/smithlab-shared/sharedreward-aging/derivatives/fsl/sub-11591/L2_task-sharedreward_model-1_type-REPLACEME_sm-5.gfeat/copeCOPENUM.feat/stats/cope1.nii.gz,1,15.75409836065574,0.1229508196721311,0.2540983606557376,-0.7131549785766254,0.0619411709474573,-0.3811475409836065,0.3975409836065574,-1.5621111768619127,-24.609653130562265
11597,/gpfs/scratch/tug87422/smithlab-shared/sharedreward-aging/derivatives/fsl/sub-11597/L1_task-sharedreward_model-1_type-REPLACEME_run-2_sm-5.feat/stats/copeCOPENUM.nii.gz,1,8.754098360655739,0.1229508196721311,0.2540983606557376,-3.1409233257794256,0.182425713073006,-0.3811475409836065,0.3975409836065574,-1.0143886193567466,-8.880057749778734
11598,/gpfs/scratch/tug87422/smithlab-shared/sharedreward-aging/derivatives/fsl/sub-11598/L1_task-sharedreward_model-1_type-REPLACEME_run-1_sm-5.feat/stats/copeCOPENUM.nii.gz,1,8.754098360655739,0.1229508196721311,0.2540983606557376,0.2407083689546709,0.201023013781967,-0.3811475409836065,0.3975409836065574,-1.0143886193567466,-8.880057749778734
11600,/gpfs/scratch/tug87422/smithlab-shared/sharedreward-aging/derivatives/fsl/sub-11600/L2_task-sharedreward_model-1_type-REPLACEME_sm-5.gfeat/copeCOPENUM.feat/stats/cope1.nii.gz,1,9.75409836065574,0.1229508196721311,0.2540983606557376,7.237912583405574,-0.0172705982355338,-0.3811475409836065,0.3975409836065574,0.4340250293990562,4.233522827744893
11622,/gpfs/scratch/tug87422/smithlab-shared/sharedreward-aging/derivatives/fsl/sub-11622/L2_task-sharedreward_model-1_type-REPLACEME_sm-5.gfeat/copeCOPENUM.feat/stats/cope1.nii.gz,1,24.75409836065574,0.1229508196721311,0.2540983606557376,16.37236557523343,-0.0451736608351193,-0.3811475409836065,0.3975409836065574,-0.2126048936194734,-5.262842448613196
11623,/gpfs/scratch/tug87422/smithlab-shared/sharedreward-aging/derivatives/fsl/sub-11623/L1_task-sharedreward_model-1_type-REPLACEME_run-1_sm-5.feat/stats/copeCOPENUM.nii.gz,1,35.75409836065574,0.1229508196721311,0.2540983606557376,-3.3872148707663143,0.0102494933364215,-0.3811475409836065,0.3975409836065574,-1.0143886193567466,-36.268550472410894
11625,/gpfs/scratch/tug87422/smithlab-shared/sharedreward-aging/derivatives/fsl/sub-11625/L2_task-sharedreward_model-1_type-REPLACEME_sm-5.gfeat/copeCOPENUM.feat/stats/cope1.nii.gz,1,28.75409836065574,0.1229508196721311,0.2540983606557376,-4.140321898469978,0.0166041084622337,0.6188524590163935,-0.6024590163934426,0.5306899885170673,15.259512128835016
11626,/gpfs/scratch/tug87422/smithlab-shared/sharedreward-aging/derivatives/fsl/sub-11626/L2_task-sharedreward_model-1_type-REPLACEME_sm-5.gfeat/copeCOPENUM.feat/stats/cope1.nii.gz,1,27.75409836065574,0.1229508196721311,0.2540983606557376,11.921326941702006,-0.0801037949055868,0.6188524590163935,-0.6024590163934426,1.763071679960908,48.9324648225216
11628,/gpfs/scratch/tug87422/smithlab-shared/sharedreward-aging/derivatives/fsl/sub-11628/L2_task-sharedreward_model-1_type-REPLACEME_sm-5.gfeat/copeCOPENUM.feat/stats/cope1.nii.gz,1,11.75409836065574,0.1229508196721311,0.2540983606557376,16.97027371353093,-0.0461378434694121,-0.3811475409836065,0.3975409836065574,-1.0143886193567466,-11.923223607848971
11631,/gpfs/scratch/tug87422/smithlab-shared/sharedreward-aging/derivatives/fsl/sub-11631/L2_task-sharedreward_model-1_type-REPLACEME_sm-5.gfeat/copeCOPENUM.feat/stats/cope1.nii.gz,1,12.75409836065574,0.1229508196721311,0.2540983606557376,16.69394583872841,-0.0888957864098204,-0.3811475409836065,0.3975409836065574,1.1069317242028958,14.117916089013985
11651,/gpfs/scratch/tug87422/smithlab-shared/sharedreward-aging/derivatives/fsl/sub-11651/L2_task-sharedreward_model-1_type-REPLACEME_sm-5.gfeat/copeCOPENUM.feat/stats/cope1.nii.gz,1,18.75409836065574,0.1229508196721311,0.2540983606557376,-0.1920918250028478,-0.0103137487904662,0.6188524590163935,-0.6024590163934426,-0.7601604601925249,-14.256124040331944
11660,/gpfs/scratch/tug87422/smithlab-shared/sharedreward-aging/derivatives/fsl/sub-11660/L2_task-sharedreward_model-1_type-REPLACEME_sm-5.gfeat/copeCOPENUM.feat/stats/cope1.nii.gz,1,-2.245901639344261,0.1229508196721311,0.2540983606557376,10.109316908413035,-0.0981439684469487,-0.3811475409836065,0.3975409836065574,2.2159027929922464,-4.976699715408813
11670,/gpfs/scratch/tug87422/smithlab-shared/sharedreward-aging/derivatives/fsl/sub-11670/L2_task-sharedreward_model-1_type-REPLACEME_sm-5.gfeat/copeCOPENUM.feat/stats/cope1.nii.gz,1,1.754098360655739,0.1229508196721311,0.2540983606557376,4.119653445792807,0.0830034416704156,-0.3811475409836065,0.3975409836065574,0.3911752376407083,0.6861598430746855
11679,/gpfs/scratch/tug87422/smithlab-shared/sharedreward-aging/derivatives/fsl/sub-11679/L2_task-sharedreward_model-1_type-REPLACEME_sm-5.gfeat/copeCOPENUM.feat/stats/cope1.nii.gz,1,13.75409836065574,0.1229508196721311,0.2540983606557376,17.88607392612235,-0.0750924932796909,-0.3811475409836065,0.3975409836065574,-1.438652688068675,-19.78737057851833
11705,/gpfs/scratch/tug87422/smithlab-shared/sharedreward-aging/derivatives/fsl/sub-11705/L2_task-sharedreward_model-1_type-REPLACEME_sm-5.gfeat/copeCOPENUM.feat/stats/cope1.nii.gz,1,10.75409836065574,0.1229508196721311,0.2540983606557376,0.9467723341155364,0.0681047568487165,0.6188524590163935,-0.6024590163934426,-0.1321310728441771,-1.4209505538652494
11709,/gpfs/scratch/tug87422/smithlab-shared/sharedreward-aging/derivatives/fsl/sub-11709/L2_task-sharedreward_model-1_type-REPLACEME_sm-5.gfeat/copeCOPENUM.feat/stats/cope1.nii.gz,1,9.75409836065574,0.1229508196721311,0.2540983606557376,10.383551965708335,0.0290073710729768,-0.3811475409836065,0.3975409836065574,0.776678323021234,7.575796757338266
11710,/gpfs/scratch/tug87422/smithlab-shared/sharedreward-aging/derivatives/fsl/sub-11710/L2_task-sharedreward_model-1_type-REPLACEME_sm-5.gfeat/copeCOPENUM.feat/stats/cope1.nii.gz,1,27.75409836065574,0.1229508196721311,0.2540983606557376,16.122703524430705,0.0364354426207398,0.6188524590163935,-0.6024590163934426,-0.4886590741507584,-13.562292008807114
