sub,path,ones,age_demeaned,study_demeaned,flip_demeaned,tsnr_demeaned,fd_mean_demeaned,gender_M_demeaned,gender_F_demeaned,FminC_win_z_demeaned,age_x_FminC_win_z_demeaned
104,/gpfs/scratch/tug87422/smithlab-shared/sharedreward-aging/derivatives/fsl/sub-104/L2_task-sharedreward_model-1_type-REPLACEME_sm-5.gfeat/copeCOPENUM.feat/stats/cope1.nii.gz,1,-23.41803278688525,-0.8770491803278688,-0.7459016393442623,43.97997211041831,-0.1045632033476497,0.6188524590163935,-0.6024590163934426,-0.9997073531698066,23.411179573820803
107,/gpfs/scratch/tug87422/smithlab-shared/sharedreward-aging/derivatives/fsl/sub-107/L2_task-sharedreward_model-1_type-REPLACEME_sm-5.gfeat/copeCOPENUM.feat/stats/cope1.nii.gz,1,-20.41803278688525,-0.8770491803278688,-0.7459016393442623,50.28693918679812,-0.0976859612171046,0.6188524590163935,-0.6024590163934426,0.8608136656683203,-17.57612164901464
108,/gpfs/scratch/tug87422/smithlab-shared/sharedreward-aging/derivatives/fsl/sub-108/L2_task-sharedreward_model-1_type-REPLACEME_sm-5.gfeat/copeCOPENUM.feat/stats/cope1.nii.gz,1,-22.41803278688525,-0.8770491803278688,-0.7459016393442623,18.525759123204917,-0.0346153245066848,-0.3811475409836065,0.3975409836065574,0.1291576888905101,-2.895461304225781
111,/gpfs/scratch/tug87422/smithlab-shared/sharedreward-aging/derivatives/fsl/sub-111/L1_task-sharedreward_model-1_type-REPLACEME_run-02_sm-5.feat/stats/copeCOPENUM.nii.gz,1,36.58196721311475,-0.8770491803278688,-0.7459016393442623,3.312127660666299,0.1695146813499338,0.6188524590163935,-0.6024590163934426,-0.9997073531698066,-36.57126161636759
112,/gpfs/scratch/tug87422/smithlab-shared/sharedreward-aging/derivatives/fsl/sub-112/L2_task-sharedreward_model-1_type-REPLACEME_sm-5.gfeat/copeCOPENUM.feat/stats/cope1.nii.gz,1,-20.41803278688525,-0.8770491803278688,-0.7459016393442623,43.83452859922283,-0.0595645730046235,-0.3811475409836065,0.3975409836065574,-0.9997073531698066,20.412057514311385
113,/gpfs/scratch/tug87422/smithlab-shared/sharedreward-aging/derivatives/fsl/sub-113/L2_task-sharedreward_model-1_type-REPLACEME_sm-5.gfeat/copeCOPENUM.feat/stats/cope1.nii.gz,1,-9.418032786885249,-0.8770491803278688,-0.7459016393442623,31.82360467110731,-0.0374322604777163,-0.3811475409836065,0.3975409836065574,-0.9997073531698066,9.41527662944351
115,/gpfs/scratch/tug87422/smithlab-shared/sharedreward-aging/derivatives/fsl/sub-115/L2_task-sharedreward_model-1_type-REPLACEME_sm-5.gfeat/copeCOPENUM.feat/stats/cope1.nii.gz,1,-22.41803278688525,-0.8770491803278688,-0.7459016393442623,51.73841001849825,-0.0401351923937699,-0.3811475409836065,0.3975409836065574,-0.9997073531698066,22.411472220651
116,/gpfs/scratch/tug87422/smithlab-shared/sharedreward-aging/derivatives/fsl/sub-116/L2_task-sharedreward_model-1_type-REPLACEME_sm-5.gfeat/copeCOPENUM.feat/stats/cope1.nii.gz,1,-18.41803278688525,-0.8770491803278688,-0.7459016393442623,4.612696467372295,0.1044638740742181,-0.3811475409836065,0.3975409836065574,1.25523073083868,-23.11888075569274
117,/gpfs/scratch/tug87422/smithlab-shared/sharedreward-aging/derivatives/fsl/sub-117/L2_task-sharedreward_model-1_type-REPLACEME_sm-5.gfeat/copeCOPENUM.feat/stats/cope1.nii.gz,1,-23.41803278688525,-0.8770491803278688,-0.7459016393442623,42.04008447687112,-0.0443853066706893,-0.3811475409836065,0.3975409836065574,-0.3912832012937338,9.16308283685408
121,/gpfs/scratch/tug87422/smithlab-shared/sharedreward-aging/derivatives/fsl/sub-121/L2_task-sharedreward_model-1_type-REPLACEME_sm-5.gfeat/copeCOPENUM.feat/stats/cope1.nii.gz,1,-23.41803278688525,-0.8770491803278688,-0.7459016393442623,56.85356703732133,-0.0799347372902211,-0.3811475409836065,0.3975409836065574,-0.0951733194365158,2.2287719150010314
122,/gpfs/scratch/tug87422/smithlab-shared/sharedreward-aging/derivatives/fsl/sub-122/L2_task-sharedreward_model-1_type-REPLACEME_sm-5.gfeat/copeCOPENUM.feat/stats/cope1.nii.gz,1,-23.41803278688525,-0.8770491803278688,-0.7459016393442623,60.54435264068626,-0.0471433591654286,-0.3811475409836065,0.3975409836065574,0.6806287476638049,-15.93898632848763
124,/gpfs/scratch/tug87422/smithlab-shared/sharedreward-aging/derivatives/fsl/sub-124/L2_task-sharedreward_model-1_type-REPLACEME_sm-5.gfeat/copeCOPENUM.feat/stats/cope1.nii.gz,1,-23.41803278688525,-0.8770491803278688,-0.7459016393442623,34.41072877094586,-0.0149467655403675,0.6188524590163935,-0.6024590163934426,0.4160801813792198,-9.743779329511732
125,/gpfs/scratch/tug87422/smithlab-shared/sharedreward-aging/derivatives/fsl/sub-125/L2_task-sharedreward_model-1_type-REPLACEME_sm-5.gfeat/copeCOPENUM.feat/stats/cope1.nii.gz,1,-22.41803278688525,-0.8770491803278688,-0.7459016393442623,58.36961939622153,-0.0802427320393089,-0.3811475409836065,0.3975409836065574,0.3678195643458486,-8.245791053163083
128,/gpfs/scratch/tug87422/smithlab-shared/sharedreward-aging/derivatives/fsl/sub-128/L2_task-sharedreward_model-1_type-REPLACEME_sm-5.gfeat/copeCOPENUM.feat/stats/cope1.nii.gz,1,19.58196721311475,-0.8770491803278688,-0.7459016393442623,27.84585310757131,0.1347251047147898,0.6188524590163935,-0.6024590163934426,0.0609528186100145,1.1935760955682355
136,/gpfs/scratch/tug87422/smithlab-shared/sharedreward-aging/derivatives/fsl/sub-136/L2_task-sharedreward_model-1_type-REPLACEME_sm-5.gfeat/copeCOPENUM.feat/stats/cope1.nii.gz,1,21.58196721311475,-0.8770491803278688,-0.7459016393442623,32.65287882456061,-0.0133059871952316,-0.3811475409836065,0.3975409836065574,-0.2202235902158495,-4.752858303592884
137,/gpfs/scratch/tug87422/smithlab-shared/sharedreward-aging/derivatives/fsl/sub-137/L2_task-sharedreward_model-1_type-REPLACEME_sm-5.gfeat/copeCOPENUM.feat/stats/cope1.nii.gz,1,28.58196721311475,-0.8770491803278688,-0.7459016393442623,36.061987706224606,0.0766807354270575,0.6188524590163935,-0.6024590163934426,0.272290102837825,7.78258679176636
141,/gpfs/scratch/tug87422/smithlab-shared/sharedreward-aging/derivatives/fsl/sub-141/L2_task-sharedreward_model-1_type-REPLACEME_sm-5.gfeat/copeCOPENUM.feat/stats/cope1.nii.gz,1,32.58196721311475,-0.8770491803278688,-0.7459016393442623,46.64460653607704,-0.0096427908924705,-0.3811475409836065,0.3975409836065574,-0.9997073531698066,-32.57243220368837
142,/gpfs/scratch/tug87422/smithlab-shared/sharedreward-aging/derivatives/fsl/sub-142/L2_task-sharedreward_model-1_type-REPLACEME_sm-5.gfeat/copeCOPENUM.feat/stats/cope1.nii.gz,1,26.58196721311475,-0.8770491803278688,-0.7459016393442623,27.529283622975637,0.0894177147506961,-0.3811475409836065,0.3975409836065574,-0.3637086251659907,-9.668090749289409
144,/gpfs/scratch/tug87422/smithlab-shared/sharedreward-aging/derivatives/fsl/sub-144/L2_task-sharedreward_model-1_type-REPLACEME_sm-5.gfeat/copeCOPENUM.feat/stats/cope1.nii.gz,1,28.58196721311475,-0.8770491803278688,-0.7459016393442623,2.165079566763886,0.1912030882038009,0.6188524590163935,-0.6024590163934426,-0.9997073531698066,-28.573602791009144
147,/gpfs/scratch/tug87422/smithlab-shared/sharedreward-aging/derivatives/fsl/sub-147/L2_task-sharedreward_model-1_type-REPLACEME_sm-5.gfeat/copeCOPENUM.feat/stats/cope1.nii.gz,1,21.58196721311475,-0.8770491803278688,-0.7459016393442623,24.51009540806728,0.03544825980645,-0.3811475409836065,0.3975409836065574,-0.0626647818381702,-1.3524292670483793
149,/gpfs/scratch/tug87422/smithlab-shared/sharedreward-aging/derivatives/fsl/sub-149/L1_task-sharedreward_model-1_type-REPLACEME_run-02_sm-5.feat/stats/copeCOPENUM.nii.gz,1,22.58196721311475,-0.8770491803278688,-0.7459016393442623,12.128167640822646,0.12416859173131,0.6188524590163935,-0.6024590163934426,-0.9997073531698066,-22.5753586719903
150,/gpfs/scratch/tug87422/smithlab-shared/sharedreward-aging/derivatives/fsl/sub-150/L2_task-sharedreward_model-1_type-REPLACEME_sm-5.gfeat/copeCOPENUM.feat/stats/cope1.nii.gz,1,-20.41803278688525,-0.8770491803278688,-0.7459016393442623,13.249991751971828,0.0194032516570114,-0.3811475409836065,0.3975409836065574,0.7323434543990708,-14.95301266318103
151,/gpfs/scratch/tug87422/smithlab-shared/sharedreward-aging/derivatives/fsl/sub-151/L2_task-sharedreward_model-1_type-REPLACEME_sm-5.gfeat/copeCOPENUM.feat/stats/cope1.nii.gz,1,21.58196721311475,-0.8770491803278688,-0.7459016393442623,22.687997602913235,0.1598116404455755,-0.3811475409836065,0.3975409836065574,-1.6543610238777835,-35.70436537598528
153,/gpfs/scratch/tug87422/smithlab-shared/sharedreward-aging/derivatives/fsl/sub-153/L2_task-sharedreward_model-1_type-REPLACEME_sm-5.gfeat/copeCOPENUM.feat/stats/cope1.nii.gz,1,-14.418032786885249,-0.8770491803278688,-0.7459016393442623,14.284719688291368,0.0922924191205626,0.6188524590163935,-0.6024590163934426,0.0144777525044133,-0.2087407102890409
154,/gpfs/scratch/tug87422/smithlab-shared/sharedreward-aging/derivatives/fsl/sub-154/L2_task-sharedreward_model-1_type-REPLACEME_sm-5.gfeat/copeCOPENUM.feat/stats/cope1.nii.gz,1,23.58196721311475,-0.8770491803278688,-0.7459016393442623,19.785706450345167,0.063064171847202,-0.3811475409836065,0.3975409836065574,1.3357894793147622,31.50054370482435
155,/gpfs/scratch/tug87422/smithlab-shared/sharedreward-aging/derivatives/fsl/sub-155/L2_task-sharedreward_model-1_type-REPLACEME_sm-5.gfeat/copeCOPENUM.feat/stats/cope1.nii.gz,1,-13.418032786885249,-0.8770491803278688,-0.7459016393442623,36.00485362193751,-0.0824739842091912,0.6188524590163935,-0.6024590163934426,-0.9997073531698066,13.414106042122736
156,/gpfs/scratch/tug87422/smithlab-shared/sharedreward-aging/derivatives/fsl/sub-156/L2_task-sharedreward_model-1_type-REPLACEME_sm-5.gfeat/copeCOPENUM.feat/stats/cope1.nii.gz,1,-13.418032786885249,-0.8770491803278688,-0.7459016393442623,4.074106735931416,0.0481537277601009,-0.3811475409836065,0.3975409836065574,-0.9997073531698066,13.414106042122736
157,/gpfs/scratch/tug87422/smithlab-shared/sharedreward-aging/derivatives/fsl/sub-157/L2_task-sharedreward_model-1_type-REPLACEME_sm-5.gfeat/copeCOPENUM.feat/stats/cope1.nii.gz,1,-18.41803278688525,-0.8770491803278688,-0.7459016393442623,10.130375836216553,-0.0237711969702389,0.6188524590163935,-0.6024590163934426,-0.9997073531698066,18.412642807971768
158,/gpfs/scratch/tug87422/smithlab-shared/sharedreward-aging/derivatives/fsl/sub-158/L2_task-sharedreward_model-1_type-REPLACEME_sm-5.gfeat/copeCOPENUM.feat/stats/cope1.nii.gz,1,-17.41803278688525,-0.8770491803278688,-0.7459016393442623,17.22626650344784,-0.0151399703193022,0.6188524590163935,-0.6024590163934426,0.4058565038276478,-7.069221890440589
159,/gpfs/scratch/tug87422/smithlab-shared/sharedreward-aging/derivatives/fsl/sub-159/L2_task-sharedreward_model-1_type-REPLACEME_sm-5.gfeat/copeCOPENUM.feat/stats/cope1.nii.gz,1,-19.41803278688525,-0.8770491803278688,-0.7459016393442623,45.859453450594735,-0.0848719242143433,-0.3811475409836065,0.3975409836065574,-0.7202594934702332,13.98602245927035
10317,/gpfs/scratch/tug87422/smithlab-shared/sharedreward-aging/derivatives/fsl/sub-10317/L2_task-sharedreward_model-1_type-REPLACEME_sm-5.gfeat/copeCOPENUM.feat/stats/cope1.nii.gz,1,19.58196721311475,0.1229508196721311,-0.7459016393442623,-15.65231876942824,0.0054514995092677,-0.3811475409836065,0.3975409836065574,0.936784319933902,18.344079838705667
10369,/gpfs/scratch/tug87422/smithlab-shared/sharedreward-aging/derivatives/fsl/sub-10369/L2_task-sharedreward_model-1_type-REPLACEME_sm-5.gfeat/copeCOPENUM.feat/stats/cope1.nii.gz,1,-11.418032786885249,0.1229508196721311,-0.7459016393442623,-14.6766779413473,-0.0617015125746596,0.6188524590163935,-0.6024590163934426,-0.7375961361714954,8.421896866286012
10402,/gpfs/scratch/tug87422/smithlab-shared/sharedreward-aging/derivatives/fsl/sub-10402/L2_task-sharedreward_model-1_type-REPLACEME_sm-5.gfeat/copeCOPENUM.feat/stats/cope1.nii.gz,1,-7.418032786885249,0.1229508196721311,-0.7459016393442623,-14.290926377931903,0.0044423862488191,0.6188524590163935,-0.6024590163934426,-0.5754432844578783,4.268657151101476
10462,/gpfs/scratch/tug87422/smithlab-shared/sharedreward-aging/derivatives/fsl/sub-10462/L1_task-sharedreward_model-1_type-REPLACEME_run-1_sm-5.feat/stats/copeCOPENUM.nii.gz,1,18.58196721311475,0.1229508196721311,-0.7459016393442623,-14.813322224249426,-0.0401854778726347,0.6188524590163935,-0.6024590163934426,0.4555063970481914,8.464204935313523
10486,/gpfs/scratch/tug87422/smithlab-shared/sharedreward-aging/derivatives/fsl/sub-10486/L2_task-sharedreward_model-1_type-REPLACEME_sm-5.gfeat/copeCOPENUM.feat/stats/cope1.nii.gz,1,-1.4180327868852487,0.1229508196721311,-0.7459016393442623,-14.136044906804166,-0.0289368968280488,-0.3811475409836065,0.3975409836065574,-0.7481742682796155,1.060935642724375
10529,/gpfs/scratch/tug87422/smithlab-shared/sharedreward-aging/derivatives/fsl/sub-10529/L2_task-sharedreward_model-1_type-REPLACEME_sm-5.gfeat/copeCOPENUM.feat/stats/cope1.nii.gz,1,23.58196721311475,0.1229508196721311,-0.7459016393442623,-13.642587710582012,0.0123308295855266,0.6188524590163935,-0.6024590163934426,-0.9997073531698066,-23.57506602516011
10541,/gpfs/scratch/tug87422/smithlab-shared/sharedreward-aging/derivatives/fsl/sub-10541/L2_task-sharedreward_model-1_type-REPLACEME_sm-5.gfeat/copeCOPENUM.feat/stats/cope1.nii.gz,1,25.58196721311475,0.1229508196721311,-0.7459016393442623,-18.57728425273934,0.1531062918744466,0.6188524590163935,-0.6024590163934426,-0.9997073531698066,-25.57448073149972
10559,/gpfs/scratch/tug87422/smithlab-shared/sharedreward-aging/derivatives/fsl/sub-10559/L2_task-sharedreward_model-1_type-REPLACEME_sm-5.gfeat/copeCOPENUM.feat/stats/cope1.nii.gz,1,-15.418032786885249,0.1229508196721311,-0.7459016393442623,-17.97720672079857,0.0547966629080561,0.6188524590163935,-0.6024590163934426,0.273084852965979,-4.210431216631203
10572,/gpfs/scratch/tug87422/smithlab-shared/sharedreward-aging/derivatives/fsl/sub-10572/L2_task-sharedreward_model-1_type-REPLACEME_sm-5.gfeat/copeCOPENUM.feat/stats/cope1.nii.gz,1,26.58196721311475,0.1229508196721311,-0.7459016393442623,-18.880607271220363,0.1209202523113993,-0.3811475409836065,0.3975409836065574,-0.3299326665466696,-8.770259324679094
10585,/gpfs/scratch/tug87422/smithlab-shared/sharedreward-aging/derivatives/fsl/sub-10585/L2_task-sharedreward_model-1_type-REPLACEME_sm-5.gfeat/copeCOPENUM.feat/stats/cope1.nii.gz,1,19.58196721311475,0.1229508196721311,-0.7459016393442623,-17.20384808065399,0.0647108747968579,-0.3811475409836065,0.3975409836065574,-0.4408116337706598,-8.631958959656608
10589,/gpfs/scratch/tug87422/smithlab-shared/sharedreward-aging/derivatives/fsl/sub-10589/L2_task-sharedreward_model-1_type-REPLACEME_sm-5.gfeat/copeCOPENUM.feat/stats/cope1.nii.gz,1,-9.418032786885249,0.1229508196721311,-0.7459016393442623,-15.141153546052813,-0.0660519279535823,0.6188524590163935,-0.6024590163934426,0.0465213955245671,-0.4381400283420299
10590,/gpfs/scratch/tug87422/smithlab-shared/sharedreward-aging/derivatives/fsl/sub-10590/L2_task-sharedreward_model-1_type-REPLACEME_sm-5.gfeat/copeCOPENUM.feat/stats/cope1.nii.gz,1,12.581967213114751,0.1229508196721311,-0.7459016393442623,-12.040130162905264,-0.0420501743810693,-0.3811475409836065,0.3975409836065574,1.4724184194282963,18.52592027723307
10596,/gpfs/scratch/tug87422/smithlab-shared/sharedreward-aging/derivatives/fsl/sub-10596/L2_task-sharedreward_model-1_type-REPLACEME_sm-5.gfeat/copeCOPENUM.feat/stats/cope1.nii.gz,1,-16.41803278688525,0.1229508196721311,-0.7459016393442623,-13.688926014993632,0.0700755356008178,-0.3811475409836065,0.3975409836065574,0.7529113603411515,-12.3613233996994
10608,/gpfs/scratch/tug87422/smithlab-shared/sharedreward-aging/derivatives/fsl/sub-10608/L1_task-sharedreward_model-1_type-REPLACEME_run-1_sm-5.feat/stats/copeCOPENUM.nii.gz,1,-14.418032786885249,0.1229508196721311,-0.7459016393442623,-10.452488872283432,-0.0480882976692056,-0.3811475409836065,0.3975409836065574,-0.6935211353219095,9.999210467469172
10617,/gpfs/scratch/tug87422/smithlab-shared/sharedreward-aging/derivatives/fsl/sub-10617/L1_task-sharedreward_model-1_type-REPLACEME_run-1_sm-5.feat/stats/copeCOPENUM.nii.gz,1,29.58196721311475,0.1229508196721311,-0.7459016393442623,-15.436253526541698,0.0388536204522431,-0.3811475409836065,0.3975409836065574,0.2250375182217823,6.657052485757478
10636,/gpfs/scratch/tug87422/smithlab-shared/sharedreward-aging/derivatives/fsl/sub-10636/L2_task-sharedreward_model-1_type-REPLACEME_sm-5.gfeat/copeCOPENUM.feat/stats/cope1.nii.gz,1,-16.41803278688525,0.1229508196721311,-0.7459016393442623,-14.990668120738412,-0.0343414781006863,-0.3811475409836065,0.3975409836065574,0.5902894668397334,-9.691391820327755
10638,/gpfs/scratch/tug87422/smithlab-shared/sharedreward-aging/derivatives/fsl/sub-10638/L2_task-sharedreward_model-1_type-REPLACEME_sm-5.gfeat/copeCOPENUM.feat/stats/cope1.nii.gz,1,28.58196721311475,0.1229508196721311,-0.7459016393442623,-12.735611811399288,-0.0024846610123055,-0.3811475409836065,0.3975409836065574,-0.5130430897775191,-14.66378077093614
10640,/gpfs/scratch/tug87422/smithlab-shared/sharedreward-aging/derivatives/fsl/sub-10640/L2_task-sharedreward_model-1_type-REPLACEME_sm-5.gfeat/copeCOPENUM.feat/stats/cope1.nii.gz,1,-12.418032786885249,0.1229508196721311,0.2540983606557376,-1.3369606353252337,-0.0918022053991065,-0.3811475409836065,0.3975409836065574,0.3419334333300672,-4.246140586025016
10641,/gpfs/scratch/tug87422/smithlab-shared/sharedreward-aging/derivatives/fsl/sub-10641/L1_task-sharedreward_model-1_type-REPLACEME_run-1_sm-5.feat/stats/copeCOPENUM.nii.gz,1,0.5819672131147513,0.1229508196721311,-0.7459016393442623,-14.736713061402844,0.0346075360708939,-0.3811475409836065,0.3975409836065574,-0.7258460744172235,-0.4224186170788739
10642,/gpfs/scratch/tug87422/smithlab-shared/sharedreward-aging/derivatives/fsl/sub-10642/L2_task-sharedreward_model-1_type-REPLACEME_sm-5.gfeat/copeCOPENUM.feat/stats/cope1.nii.gz,1,-11.418032786885249,0.1229508196721311,0.2540983606557376,0.906241006564521,0.0654335842900286,-0.3811475409836065,0.3975409836065574,0.9850368939420902,-11.247183551322392
10644,/gpfs/scratch/tug87422/smithlab-shared/sharedreward-aging/derivatives/fsl/sub-10644/L2_task-sharedreward_model-1_type-REPLACEME_sm-5.gfeat/copeCOPENUM.feat/stats/cope1.nii.gz,1,25.58196721311475,0.1229508196721311,-0.7459016393442623,-18.778925616413183,0.0041535001830025,-0.3811475409836065,0.3975409836065574,0.7323434543990706,18.73478623917622
10647,/gpfs/scratch/tug87422/smithlab-shared/sharedreward-aging/derivatives/fsl/sub-10647/L2_task-sharedreward_model-1_type-REPLACEME_sm-5.gfeat/copeCOPENUM.feat/stats/cope1.nii.gz,1,-19.41803278688525,0.1229508196721311,0.2540983606557376,3.713100205463995,-0.0796123948243957,-0.3811475409836065,0.3975409836065574,-0.9997073531698066,19.41235016114157
10649,/gpfs/scratch/tug87422/smithlab-shared/sharedreward-aging/derivatives/fsl/sub-10649/L2_task-sharedreward_model-1_type-REPLACEME_sm-5.gfeat/copeCOPENUM.feat/stats/cope1.nii.gz,1,19.58196721311475,0.1229508196721311,-0.7459016393442623,-17.502727223882978,0.0521724685655296,-0.3811475409836065,0.3975409836065574,-0.9997073531698066,-19.576236612480884
10652,/gpfs/scratch/tug87422/smithlab-shared/sharedreward-aging/derivatives/fsl/sub-10652/L2_task-sharedreward_model-1_type-REPLACEME_sm-5.gfeat/copeCOPENUM.feat/stats/cope1.nii.gz,1,26.58196721311475,0.1229508196721311,-0.7459016393442623,-12.311175051729954,-0.0087766695116548,-0.3811475409836065,0.3975409836065574,1.3357894793147622,35.50791214276863
10656,/gpfs/scratch/tug87422/smithlab-shared/sharedreward-aging/derivatives/fsl/sub-10656/L2_task-sharedreward_model-1_type-REPLACEME_sm-5.gfeat/copeCOPENUM.feat/stats/cope1.nii.gz,1,-22.41803278688525,0.1229508196721311,-0.7459016393442623,-15.348156616123454,-0.0633327415210935,0.6188524590163935,-0.6024590163934426,-2.224452224561396,49.8678429030772
10657,/gpfs/scratch/tug87422/smithlab-shared/sharedreward-aging/derivatives/fsl/sub-10657/L2_task-sharedreward_model-1_type-REPLACEME_sm-5.gfeat/copeCOPENUM.feat/stats/cope1.nii.gz,1,15.581967213114751,0.1229508196721311,-0.7459016393442623,-17.231203679638277,0.1050949380207865,0.6188524590163935,-0.6024590163934426,0.3419334333300672,5.327995547216866
10661,/gpfs/scratch/tug87422/smithlab-shared/sharedreward-aging/derivatives/fsl/sub-10661/L2_task-sharedreward_model-1_type-REPLACEME_sm-5.gfeat/copeCOPENUM.feat/stats/cope1.nii.gz,1,6.581967213114751,0.1229508196721311,-0.7459016393442623,-13.351639571078415,-0.0892093007234876,0.6188524590163935,-0.6024590163934426,-0.9997073531698066,-6.580041021273397
10663,/gpfs/scratch/tug87422/smithlab-shared/sharedreward-aging/derivatives/fsl/sub-10663/L2_task-sharedreward_model-1_type-REPLACEME_sm-5.gfeat/copeCOPENUM.feat/stats/cope1.nii.gz,1,-21.41803278688525,0.1229508196721311,-0.7459016393442623,-12.496937530176076,-0.0101446080251738,-0.3811475409836065,0.3975409836065574,-0.4196654597424086,8.98840857628618
10668,/gpfs/scratch/tug87422/smithlab-shared/sharedreward-aging/derivatives/fsl/sub-10668/L1_task-sharedreward_model-1_type-REPLACEME_run-1_sm-5.feat/stats/copeCOPENUM.nii.gz,1,-6.418032786885249,0.1229508196721311,0.2540983606557376,-3.0865578805704743,-0.1039254763214379,-0.3811475409836065,0.3975409836065574,-0.9997073531698066,6.41615456993409
10673,/gpfs/scratch/tug87422/smithlab-shared/sharedreward-aging/derivatives/fsl/sub-10673/L2_task-sharedreward_model-1_type-REPLACEME_sm-5.gfeat/copeCOPENUM.feat/stats/cope1.nii.gz,1,4.581967213114751,0.1229508196721311,-0.7459016393442623,-14.030843275776428,0.1311921197132347,-0.3811475409836065,0.3975409836065574,0.2365377223683944,1.083808088556823
10674,/gpfs/scratch/tug87422/smithlab-shared/sharedreward-aging/derivatives/fsl/sub-10674/L2_task-sharedreward_model-1_type-REPLACEME_sm-5.gfeat/copeCOPENUM.feat/stats/cope1.nii.gz,1,-10.418032786885249,0.1229508196721311,-0.7459016393442623,-13.858151828989214,-0.0651734371167687,0.6188524590163935,-0.6024590163934426,-0.6276031494021812,6.538390187624365
10677,/gpfs/scratch/tug87422/smithlab-shared/sharedreward-aging/derivatives/fsl/sub-10677/L2_task-sharedreward_model-1_type-REPLACEME_sm-5.gfeat/copeCOPENUM.feat/stats/cope1.nii.gz,1,-10.418032786885249,0.1229508196721311,-0.7459016393442623,-18.472772066425826,0.0265923243867037,-0.3811475409836065,0.3975409836065574,0.7323434543990708,-7.629578119190321
10685,/gpfs/scratch/tug87422/smithlab-shared/sharedreward-aging/derivatives/fsl/sub-10685/L2_task-sharedreward_model-1_type-REPLACEME_sm-5.gfeat/copeCOPENUM.feat/stats/cope1.nii.gz,1,-9.418032786885249,0.1229508196721311,0.2540983606557376,-8.252481002770658,-0.0581614185537858,0.6188524590163935,-0.6024590163934426,1.6835742198299417,-15.855957201513142
10690,/gpfs/scratch/tug87422/smithlab-shared/sharedreward-aging/derivatives/fsl/sub-10690/L2_task-sharedreward_model-1_type-REPLACEME_sm-5.gfeat/copeCOPENUM.feat/stats/cope1.nii.gz,1,12.581967213114751,0.1229508196721311,0.2540983606557376,-3.787421217132653,0.056562111872725,-0.3811475409836065,0.3975409836065574,-0.9997073531698066,-12.578285140292236
10691,/gpfs/scratch/tug87422/smithlab-shared/sharedreward-aging/derivatives/fsl/sub-10691/L2_task-sharedreward_model-1_type-REPLACEME_sm-5.gfeat/copeCOPENUM.feat/stats/cope1.nii.gz,1,14.581967213114751,0.1229508196721311,-0.7459016393442623,-12.899400051220148,-0.0343207267416829,-0.3811475409836065,0.3975409836065574,-0.7096864064561077,-10.348623910536192
10701,/gpfs/scratch/tug87422/smithlab-shared/sharedreward-aging/derivatives/fsl/sub-10701/L2_task-sharedreward_model-1_type-REPLACEME_sm-5.gfeat/copeCOPENUM.feat/stats/cope1.nii.gz,1,-16.41803278688525,0.1229508196721311,-0.7459016393442623,-13.873277175650294,-0.1101407274683796,0.6188524590163935,-0.6024590163934426,-0.4870927585397498,7.997104879959993
10713,/gpfs/scratch/tug87422/smithlab-shared/sharedreward-aging/derivatives/fsl/sub-10713/L2_task-sharedreward_model-1_type-REPLACEME_sm-5.gfeat/copeCOPENUM.feat/stats/cope1.nii.gz,1,27.58196721311475,0.1229508196721311,0.2540983606557376,-8.763999907651744,0.1669081469783883,-0.3811475409836065,0.3975409836065574,-2.454921103387804,-67.71155338442591
10716,/gpfs/scratch/tug87422/smithlab-shared/sharedreward-aging/derivatives/fsl/sub-10716/L2_task-sharedreward_model-1_type-REPLACEME_sm-5.gfeat/copeCOPENUM.feat/stats/cope1.nii.gz,1,25.58196721311475,0.1229508196721311,0.2540983606557376,0.1595886149417467,-0.0139248802236887,0.6188524590163935,-0.6024590163934426,0.7323434543990706,18.73478623917622
10718,/gpfs/scratch/tug87422/smithlab-shared/sharedreward-aging/derivatives/fsl/sub-10718/L2_task-sharedreward_model-1_type-REPLACEME_sm-5.gfeat/copeCOPENUM.feat/stats/cope1.nii.gz,1,-15.418032786885249,0.1229508196721311,0.2540983606557376,-7.930214798429809,0.0709052005205944,-0.3811475409836065,-0.6024590163934426,0.9082888308416416,-14.004026973878098
10720,/gpfs/scratch/tug87422/smithlab-shared/sharedreward-aging/derivatives/fsl/sub-10720/L2_task-sharedreward_model-1_type-REPLACEME_sm-5.gfeat/copeCOPENUM.feat/stats/cope1.nii.gz,1,-10.418032786885249,0.1229508196721311,0.2540983606557376,7.312752635564827,-0.0784781627518786,-0.3811475409836065,0.3975409836065574,0.5242941708324793,-5.4621138617055855
10723,/gpfs/scratch/tug87422/smithlab-shared/sharedreward-aging/derivatives/fsl/sub-10723/L2_task-sharedreward_model-1_type-REPLACEME_sm-5.gfeat/copeCOPENUM.feat/stats/cope1.nii.gz,1,-22.41803278688525,0.1229508196721311,-0.7459016393442623,-16.716709413568317,-0.0574737068526798,0.6188524590163935,-0.6024590163934426,-1.3689818261078048,30.689879462334808
10741,/gpfs/scratch/tug87422/smithlab-shared/sharedreward-aging/derivatives/fsl/sub-10741/L2_task-sharedreward_model-1_type-REPLACEME_sm-5.gfeat/copeCOPENUM.feat/stats/cope1.nii.gz,1,-7.418032786885249,0.1229508196721311,-0.7459016393442623,-16.52747318550508,0.020717679159651,-0.3811475409836065,0.3975409836065574,-0.1755439694776722,1.3021909211253562
10748,/gpfs/scratch/tug87422/smithlab-shared/sharedreward-aging/derivatives/fsl/sub-10748/L2_task-sharedreward_model-1_type-REPLACEME_sm-5.gfeat/copeCOPENUM.feat/stats/cope1.nii.gz,1,-10.418032786885249,0.1229508196721311,0.2540983606557376,2.187118342260071,-0.0852428565493873,-0.3811475409836065,0.3975409836065574,-0.9997073531698066,10.414983982613316
10767,/gpfs/scratch/tug87422/smithlab-shared/sharedreward-aging/derivatives/fsl/sub-10767/L2_task-sharedreward_model-1_type-REPLACEME_sm-5.gfeat/copeCOPENUM.feat/stats/cope1.nii.gz,1,-18.41803278688525,0.1229508196721311,0.2540983606557376,0.4329942012528747,-0.0886078686247838,-0.3811475409836065,0.3975409836065574,1.3357894793147622,-24.602614426395665
10770,/gpfs/scratch/tug87422/smithlab-shared/sharedreward-aging/derivatives/fsl/sub-10770/L2_task-sharedreward_model-1_type-REPLACEME_sm-5.gfeat/copeCOPENUM.feat/stats/cope1.nii.gz,1,20.58196721311475,0.1229508196721311,0.2540983606557376,-9.944991055092837,0.0508144663750643,0.6188524590163935,-0.6024590163934426,0.7323434543990706,15.073068967180868
10777,/gpfs/scratch/tug87422/smithlab-shared/sharedreward-aging/derivatives/fsl/sub-10777/L2_task-sharedreward_model-1_type-REPLACEME_sm-5.gfeat/copeCOPENUM.feat/stats/cope1.nii.gz,1,-5.418032786885249,0.1229508196721311,0.2540983606557376,-1.359348417728036,-0.0455883439839028,0.6188524590163935,-0.6024590163934426,-0.3257202056077299,1.7647627533336854
10781,/gpfs/scratch/tug87422/smithlab-shared/sharedreward-aging/derivatives/fsl/sub-10781/L2_task-sharedreward_model-1_type-REPLACEME_sm-5.gfeat/copeCOPENUM.feat/stats/cope1.nii.gz,1,-6.418032786885249,0.1229508196721311,0.2540983606557376,-3.1194188898979363,-0.089022658564943,0.6188524590163935,-0.6024590163934426,1.5357554110157432,-9.856528580535471
10783,/gpfs/scratch/tug87422/smithlab-shared/sharedreward-aging/derivatives/fsl/sub-10783/L2_task-sharedreward_model-1_type-REPLACEME_sm-5.gfeat/copeCOPENUM.feat/stats/cope1.nii.gz,1,7.581967213114751,0.1229508196721311,0.2540983606557376,-2.483820999684106,0.1331128935387953,-0.3811475409836065,0.3975409836065574,-0.9997073531698066,-7.579748374443203
10785,/gpfs/scratch/tug87422/smithlab-shared/sharedreward-aging/derivatives/fsl/sub-10785/L2_task-sharedreward_model-1_type-REPLACEME_sm-5.gfeat/copeCOPENUM.feat/stats/cope1.nii.gz,1,17.58196721311475,0.1229508196721311,0.2540983606557376,-2.47119096335053,0.0165043273652484,-0.3811475409836065,0.3975409836065574,-0.3527107139491762,-6.201348208368712
10794,/gpfs/scratch/tug87422/smithlab-shared/sharedreward-aging/derivatives/fsl/sub-10794/L2_task-sharedreward_model-1_type-REPLACEME_sm-5.gfeat/copeCOPENUM.feat/stats/cope1.nii.gz,1,-4.418032786885249,0.1229508196721311,0.2540983606557376,-2.027745701608076,-0.1237942726236042,0.6188524590163935,-0.6024590163934426,1.0515830231036771,-4.645928274203953
10800,/gpfs/scratch/tug87422/smithlab-shared/sharedreward-aging/derivatives/fsl/sub-10800/L2_task-sharedreward_model-1_type-REPLACEME_sm-5.gfeat/copeCOPENUM.feat/stats/cope1.nii.gz,1,-17.41803278688525,0.1229508196721311,0.2540983606557376,-10.539772606573829,-0.006012078270193,-0.3811475409836065,0.3975409836065574,-0.7000816515064534,12.19404515943618
10801,/gpfs/scratch/tug87422/smithlab-shared/sharedreward-aging/derivatives/fsl/sub-10801/L2_task-sharedreward_model-1_type-REPLACEME_sm-5.gfeat/copeCOPENUM.feat/stats/cope1.nii.gz,1,-9.418032786885249,0.1229508196721311,0.2540983606557376,-3.233393577453974,-0.0046765211146761,-0.3811475409836065,0.3975409836065574,-0.9997073531698066,9.41527662944351
10802,/gpfs/scratch/tug87422/smithlab-shared/sharedreward-aging/derivatives/fsl/sub-10802/L2_task-sharedreward_model-1_type-REPLACEME_sm-5.gfeat/copeCOPENUM.feat/stats/cope1.nii.gz,1,-1.4180327868852487,0.1229508196721311,0.2540983606557376,-6.3226070283589095,-0.045835160386577,-0.3811475409836065,0.3975409836065574,-0.4813862978209907,0.6826215534674718
10804,/gpfs/scratch/tug87422/smithlab-shared/sharedreward-aging/derivatives/fsl/sub-10804/L2_task-sharedreward_model-1_type-REPLACEME_sm-5.gfeat/copeCOPENUM.feat/stats/cope1.nii.gz,1,-18.41803278688525,0.1229508196721311,0.2540983606557376,4.11069920984766,-0.0546208356392436,-0.3811475409836065,0.3975409836065574,-2.1285723952301234,39.20411616460728
10806,/gpfs/scratch/tug87422/smithlab-shared/sharedreward-aging/derivatives/fsl/sub-10806/L2_task-sharedreward_model-1_type-REPLACEME_sm-5.gfeat/copeCOPENUM.feat/stats/cope1.nii.gz,1,-16.41803278688525,0.1229508196721311,0.2540983606557376,-16.607414080065503,0.1392563953639942,0.6188524590163935,-0.6024590163934426,1.563365619980476,-25.66738800672864
10809,/gpfs/scratch/tug87422/smithlab-shared/sharedreward-aging/derivatives/fsl/sub-10809/L1_task-sharedreward_model-1_type-REPLACEME_run-2_sm-5.feat/stats/copeCOPENUM.nii.gz,1,24.58196721311475,0.1229508196721311,0.2540983606557376,3.922848196406555,-0.0997496108823104,0.6188524590163935,-0.6024590163934426,0.3570936974301297,8.77806556223737
10812,/gpfs/scratch/tug87422/smithlab-shared/sharedreward-aging/derivatives/fsl/sub-10812/L2_task-sharedreward_model-1_type-REPLACEME_sm-5.gfeat/copeCOPENUM.feat/stats/cope1.nii.gz,1,18.58196721311475,0.1229508196721311,0.2540983606557376,-6.684109779368448,-0.0211888381467756,0.6188524590163935,-0.6024590163934426,-0.9997073531698066,-18.57652925931108
10831,/gpfs/scratch/tug87422/smithlab-shared/sharedreward-aging/derivatives/fsl/sub-10831/L2_task-sharedreward_model-1_type-REPLACEME_sm-5.gfeat/copeCOPENUM.feat/stats/cope1.nii.gz,1,-18.41803278688525,0.1229508196721311,0.2540983606557376,-8.393082748693708,0.1252882188049398,-0.3811475409836065,0.3975409836065574,0.6773436299550353,-12.47533718449971
10843,/gpfs/scratch/tug87422/smithlab-shared/sharedreward-aging/derivatives/fsl/sub-10843/L2_task-sharedreward_model-1_type-REPLACEME_sm-5.gfeat/copeCOPENUM.feat/stats/cope1.nii.gz,1,-16.41803278688525,0.1229508196721311,0.2540983606557376,6.555899470168804,-0.0635939338704944,0.6188524590163935,-0.6024590163934426,0.1943372750821803,-3.1906357540131745
10850,/gpfs/scratch/tug87422/smithlab-shared/sharedreward-aging/derivatives/fsl/sub-10850/L2_task-sharedreward_model-1_type-REPLACEME_sm-5.gfeat/copeCOPENUM.feat/stats/cope1.nii.gz,1,-11.418032786885249,0.1229508196721311,0.2540983606557376,3.838427393170712,-0.0990647057721312,-0.3811475409836065,-0.6024590163934426,-0.1296445130287096,1.480285300401578
10854,/gpfs/scratch/tug87422/smithlab-shared/sharedreward-aging/derivatives/fsl/sub-10854/L2_task-sharedreward_model-1_type-REPLACEME_sm-5.gfeat/copeCOPENUM.feat/stats/cope1.nii.gz,1,2.5819672131147517,0.1229508196721311,0.2540983606557376,-2.862458725811741,-0.0474533214969795,-0.3811475409836065,0.3975409836065574,-0.9997073531698066,-2.58121160859417
10857,/gpfs/scratch/tug87422/smithlab-shared/sharedreward-aging/derivatives/fsl/sub-10857/L2_task-sharedreward_model-1_type-REPLACEME_sm-5.gfeat/copeCOPENUM.feat/stats/cope1.nii.gz,1,-21.41803278688525,0.1229508196721311,0.2540983606557376,-5.862567083243341,0.0056214601885931,0.6188524590163935,-0.6024590163934426,-0.1265791030390078,2.7110753790239968
10858,/gpfs/scratch/tug87422/smithlab-shared/sharedreward-aging/derivatives/fsl/sub-10858/L2_task-sharedreward_model-1_type-REPLACEME_sm-5.gfeat/copeCOPENUM.feat/stats/cope1.nii.gz,1,36.58196721311475,0.1229508196721311,0.2540983606557376,-13.4981163988731,0.0578984856373945,0.6188524590163935,-0.6024590163934426,1.0754360384284172,39.34156589759037
10862,/gpfs/scratch/tug87422/smithlab-shared/sharedreward-aging/derivatives/fsl/sub-10862/L2_task-sharedreward_model-1_type-REPLACEME_sm-5.gfeat/copeCOPENUM.feat/stats/cope1.nii.gz,1,16.58196721311475,0.1229508196721311,0.2540983606557376,-7.235081226625773,-0.0132128463416996,0.6188524590163935,-0.6024590163934426,-0.4984001613965784,-8.264455135289163
10863,/gpfs/scratch/tug87422/smithlab-shared/sharedreward-aging/derivatives/fsl/sub-10863/L2_task-sharedreward_model-1_type-REPLACEME_sm-5.gfeat/copeCOPENUM.feat/stats/cope1.nii.gz,1,-1.4180327868852487,0.1229508196721311,0.2540983606557376,-4.05210279702704,-0.0430069429218014,0.6188524590163935,-0.6024590163934426,-0.9997073531698066,1.4176178040850564
10875,/gpfs/scratch/tug87422/smithlab-shared/sharedreward-aging/derivatives/fsl/sub-10875/L2_task-sharedreward_model-1_type-REPLACEME_sm-5.gfeat/copeCOPENUM.feat/stats/cope1.nii.gz,1,-11.418032786885249,0.1229508196721311,0.2540983606557376,-8.348733930909368,-0.0313184243185544,0.6188524590163935,-0.6024590163934426,1.3357894793147622,-15.252088071192327
10887,/gpfs/scratch/tug87422/smithlab-shared/sharedreward-aging/derivatives/fsl/sub-10887/L2_task-sharedreward_model-1_type-REPLACEME_sm-5.gfeat/copeCOPENUM.feat/stats/cope1.nii.gz,1,-8.418032786885249,0.1229508196721311,0.2540983606557376,-18.08648897276988,0.1132328851024866,-0.3811475409836065,0.3975409836065574,-0.9997073531698066,8.415569276273702
10896,/gpfs/scratch/tug87422/smithlab-shared/sharedreward-aging/derivatives/fsl/sub-10896/L2_task-sharedreward_model-1_type-REPLACEME_sm-5.gfeat/copeCOPENUM.feat/stats/cope1.nii.gz,1,-15.418032786885249,0.1229508196721311,0.2540983606557376,-2.2845479028500293,0.0027296323083394,-0.3811475409836065,0.3975409836065574,-0.9997073531698066,15.41352074846235
10897,/gpfs/scratch/tug87422/smithlab-shared/sharedreward-aging/derivatives/fsl/sub-10897/L1_task-sharedreward_model-1_type-REPLACEME_run-1_sm-5.feat/stats/copeCOPENUM.nii.gz,1,-12.418032786885249,0.1229508196721311,0.2540983606557376,-8.312663116611368,-0.031389216617267,-0.3811475409836065,0.3975409836065574,1.3436930444850232,-16.686024281924677
10898,/gpfs/scratch/tug87422/smithlab-shared/sharedreward-aging/derivatives/fsl/sub-10898/L2_task-sharedreward_model-1_type-REPLACEME_sm-5.gfeat/copeCOPENUM.feat/stats/cope1.nii.gz,1,17.58196721311475,0.1229508196721311,0.2540983606557376,-10.352591903941068,0.0964446351538945,-0.3811475409836065,0.3975409836065574,0.5453712547040073,9.58869951918111
10908,/gpfs/scratch/tug87422/smithlab-shared/sharedreward-aging/derivatives/fsl/sub-10908/L2_task-sharedreward_model-1_type-REPLACEME_sm-5.gfeat/copeCOPENUM.feat/stats/cope1.nii.gz,1,-1.4180327868852487,0.1229508196721311,0.2540983606557376,-16.69517322193395,0.1210699400000285,-0.3811475409836065,0.3975409836065574,0.7653378630738494,-1.0852741828834116
10918,/gpfs/scratch/tug87422/smithlab-shared/sharedreward-aging/derivatives/fsl/sub-10918/L2_task-sharedreward_model-1_type-REPLACEME_sm-5.gfeat/copeCOPENUM.feat/stats/cope1.nii.gz,1,-19.41803278688525,0.1229508196721311,0.2540983606557376,-2.512413933119099,-0.0689522068624247,-0.3811475409836065,-0.6024590163934426,1.0515830231036771,-20.41967362075911
10919,/gpfs/scratch/tug87422/smithlab-shared/sharedreward-aging/derivatives/fsl/sub-10919/L2_task-sharedreward_model-1_type-REPLACEME_sm-5.gfeat/copeCOPENUM.feat/stats/cope1.nii.gz,1,5.581967213114751,0.1229508196721311,0.2540983606557376,-14.465578968173652,0.079083761402406,-0.3811475409836065,0.3975409836065574,0.0465213955245664,0.2596809045264733
10924,/gpfs/scratch/tug87422/smithlab-shared/sharedreward-aging/derivatives/fsl/sub-10924/L2_task-sharedreward_model-1_type-REPLACEME_sm-5.gfeat/copeCOPENUM.feat/stats/cope1.nii.gz,1,-11.418032786885249,0.1229508196721311,0.2540983606557376,5.391834551989739,-0.0373171793699348,-0.3811475409836065,0.3975409836065574,1.4219147052169183,-16.23546872432105
10928,/gpfs/scratch/tug87422/smithlab-shared/sharedreward-aging/derivatives/fsl/sub-10928/L2_task-sharedreward_model-1_type-REPLACEME_sm-5.gfeat/copeCOPENUM.feat/stats/cope1.nii.gz,1,11.581967213114751,0.1229508196721311,0.2540983606557376,-3.562496285655364,0.0539582728471337,-0.3811475409836065,0.3975409836065574,1.1133748220116906,12.895070684446871
10929,/gpfs/scratch/tug87422/smithlab-shared/sharedreward-aging/derivatives/fsl/sub-10929/L2_task-sharedreward_model-1_type-REPLACEME_sm-5.gfeat/copeCOPENUM.feat/stats/cope1.nii.gz,1,-1.4180327868852487,0.1229508196721311,0.2540983606557376,-1.537610505535561,-0.0116205703059064,-0.3811475409836065,0.3975409836065574,-0.9997073531698066,1.4176178040850564
10930,/gpfs/scratch/tug87422/smithlab-shared/sharedreward-aging/derivatives/fsl/sub-10930/L2_task-sharedreward_model-1_type-REPLACEME_sm-5.gfeat/copeCOPENUM.feat/stats/cope1.nii.gz,1,5.581967213114751,0.1229508196721311,0.2540983606557376,-2.1206571740648386,-0.0811643754416598,-0.3811475409836065,0.3975409836065574,-0.9997073531698066,-5.58033366810359
10950,/gpfs/scratch/tug87422/smithlab-shared/sharedreward-aging/derivatives/fsl/sub-10950/L2_task-sharedreward_model-1_type-REPLACEME_sm-5.gfeat/copeCOPENUM.feat/stats/cope1.nii.gz,1,-19.41803278688525,0.1229508196721311,0.2540983606557376,-14.036440869912331,0.1802710207416518,-0.3811475409836065,0.3975409836065574,0.3678195643458486,-7.142332360125537
10951,/gpfs/scratch/tug87422/smithlab-shared/sharedreward-aging/derivatives/fsl/sub-10951/L2_task-sharedreward_model-1_type-REPLACEME_sm-5.gfeat/copeCOPENUM.feat/stats/cope1.nii.gz,1,-22.41803278688525,0.1229508196721311,0.2540983606557376,-10.388843457217156,0.0910464051728308,0.6188524590163935,-0.6024590163934426,0.299965513407511,-6.724636714504448
10952,/gpfs/scratch/tug87422/smithlab-shared/sharedreward-aging/derivatives/fsl/sub-10952/L2_task-sharedreward_model-1_type-REPLACEME_sm-5.gfeat/copeCOPENUM.feat/stats/cope1.nii.gz,1,-11.418032786885249,0.1229508196721311,0.2540983606557376,-9.59329067921761,-0.0262915008258645,0.6188524590163935,-0.6024590163934426,1.1216129903898362,-12.80661389846756
10953,/gpfs/scratch/tug87422/smithlab-shared/sharedreward-aging/derivatives/fsl/sub-10953/L1_task-sharedreward_model-1_type-REPLACEME_run-1_sm-5.feat/stats/copeCOPENUM.nii.gz,1,18.58196721311475,0.1229508196721311,0.2540983606557376,-8.536546982885632,0.1922862599320282,-0.3811475409836065,0.3975409836065574,-0.9997073531698066,-18.57652925931108
10954,/gpfs/scratch/tug87422/smithlab-shared/sharedreward-aging/derivatives/fsl/sub-10954/L1_task-sharedreward_model-1_type-REPLACEME_run-1_sm-5.feat/stats/copeCOPENUM.nii.gz,1,2.5819672131147517,0.1229508196721311,0.2540983606557376,-15.809073204701129,0.266277080140369,-0.3811475409836065,0.3975409836065574,-2.6800434540034184,-6.919784327959638
10956,/gpfs/scratch/tug87422/smithlab-shared/sharedreward-aging/derivatives/fsl/sub-10956/L2_task-sharedreward_model-1_type-REPLACEME_sm-5.gfeat/copeCOPENUM.feat/stats/cope1.nii.gz,1,-15.418032786885249,0.1229508196721311,0.2540983606557376,6.012963290847544,-0.0986206542369445,-0.3811475409836065,0.3975409836065574,0.1144646758925045,-1.7648201258508285
10958,/gpfs/scratch/tug87422/smithlab-shared/sharedreward-aging/derivatives/fsl/sub-10958/L2_task-sharedreward_model-1_type-REPLACEME_sm-5.gfeat/copeCOPENUM.feat/stats/cope1.nii.gz,1,-9.418032786885249,0.1229508196721311,0.2540983606557376,-8.967426255697212,0.0511153080244193,-0.3811475409836065,0.3975409836065574,2.031381560075729,-19.131618135467328
10961,/gpfs/scratch/tug87422/smithlab-shared/sharedreward-aging/derivatives/fsl/sub-10961/L2_task-sharedreward_model-1_type-REPLACEME_sm-5.gfeat/copeCOPENUM.feat/stats/cope1.nii.gz,1,-20.41803278688525,0.1229508196721311,0.2540983606557376,1.9530870825666329,-0.0449856289102711,-0.3811475409836065,0.3975409836065574,-1.2486292972633135,25.494553930187823
10964,/gpfs/scratch/tug87422/smithlab-shared/sharedreward-aging/derivatives/fsl/sub-10964/L2_task-sharedreward_model-1_type-REPLACEME_sm-5.gfeat/copeCOPENUM.feat/stats/cope1.nii.gz,1,16.58196721311475,0.1229508196721311,0.2540983606557376,-8.027348368780515,0.0779015051691156,-0.3811475409836065,0.3975409836065574,-2.4522534315749325,-40.66318600062367
10966,/gpfs/scratch/tug87422/smithlab-shared/sharedreward-aging/derivatives/fsl/sub-10966/L2_task-sharedreward_model-1_type-REPLACEME_sm-5.gfeat/copeCOPENUM.feat/stats/cope1.nii.gz,1,-9.418032786885249,0.1229508196721311,0.2540983606557376,-5.816224402546943,-0.0492496177894108,-0.3811475409836065,0.3975409836065574,0.6486194142144617,-6.108718909282104
10969,/gpfs/scratch/tug87422/smithlab-shared/sharedreward-aging/derivatives/fsl/sub-10969/L2_task-sharedreward_model-1_type-REPLACEME_sm-5.gfeat/copeCOPENUM.feat/stats/cope1.nii.gz,1,-17.41803278688525,0.1229508196721311,0.2540983606557376,5.1047096712837785,-0.1262416842612198,-0.3811475409836065,0.3975409836065574,0.7323434543990706,-12.755982299983812
10974,/gpfs/scratch/tug87422/smithlab-shared/sharedreward-aging/derivatives/fsl/sub-10974/L1_task-sharedreward_model-1_type-REPLACEME_run-2_sm-5.feat/stats/copeCOPENUM.nii.gz,1,36.58196721311475,0.1229508196721311,0.2540983606557376,-4.701991744516711,0.1398636665544883,-0.3811475409836065,0.3975409836065574,0.0309696485951564,1.1329306695097003
10979,/gpfs/scratch/tug87422/smithlab-shared/sharedreward-aging/derivatives/fsl/sub-10979/L2_task-sharedreward_model-1_type-REPLACEME_sm-5.gfeat/copeCOPENUM.feat/stats/cope1.nii.gz,1,-11.418032786885249,0.1229508196721311,0.2540983606557376,5.312167465858799,-0.0699352385008411,-0.3811475409836065,0.3975409836065574,-0.2838473696435343,3.2409785730610112
10983,/gpfs/scratch/tug87422/smithlab-shared/sharedreward-aging/derivatives/fsl/sub-10983/L2_task-sharedreward_model-1_type-REPLACEME_sm-5.gfeat/copeCOPENUM.feat/stats/cope1.nii.gz,1,-19.41803278688525,0.1229508196721311,0.2540983606557376,-8.27303891736927,0.1354307241755802,-0.3811475409836065,0.3975409836065574,0.654246186090107,-12.704173892192324
10984,/gpfs/scratch/tug87422/smithlab-shared/sharedreward-aging/derivatives/fsl/sub-10984/L2_task-sharedreward_model-1_type-REPLACEME_sm-5.gfeat/copeCOPENUM.feat/stats/cope1.nii.gz,1,8.581967213114751,0.1229508196721311,0.2540983606557376,-7.724520203951108,0.0403041354027125,0.6188524590163935,-0.6024590163934426,-2.113879382232118,-18.1412435507953
10998,/gpfs/scratch/tug87422/smithlab-shared/sharedreward-aging/derivatives/fsl/sub-10998/L2_task-sharedreward_model-1_type-REPLACEME_sm-5.gfeat/copeCOPENUM.feat/stats/cope1.nii.gz,1,-22.41803278688525,0.1229508196721311,0.2540983606557376,3.4996122127023384,-0.0750968194056801,-0.3811475409836065,0.3975409836065574,1.6672953138341944,-37.3774810109551
11007,/gpfs/scratch/tug87422/smithlab-shared/sharedreward-aging/derivatives/fsl/sub-11007/L1_task-sharedreward_model-1_type-REPLACEME_run-1_sm-5.feat/stats/copeCOPENUM.nii.gz,1,2.5819672131147517,0.1229508196721311,0.2540983606557376,-10.8144255843389,0.032246042740489,-0.3811475409836065,0.3975409836065574,1.2616277311634203,3.257481437020303
11012,/gpfs/scratch/tug87422/smithlab-shared/sharedreward-aging/derivatives/fsl/sub-11012/L2_task-sharedreward_model-1_type-REPLACEME_sm-5.gfeat/copeCOPENUM.feat/stats/cope1.nii.gz,1,14.581967213114751,0.1229508196721311,0.2540983606557376,-3.775902060561641,-0.0390528655582223,-0.3811475409836065,0.3975409836065574,-0.9997073531698066,-14.57769984663185
11016,/gpfs/scratch/tug87422/smithlab-shared/sharedreward-aging/derivatives/fsl/sub-11016/L2_task-sharedreward_model-1_type-REPLACEME_sm-5.gfeat/copeCOPENUM.feat/stats/cope1.nii.gz,1,-21.41803278688525,0.1229508196721311,0.2540983606557376,3.0299807018865224,-0.083552746062453,-0.3811475409836065,0.3975409836065574,0.3419334333300672,-7.32354148599562
11021,/gpfs/scratch/tug87422/smithlab-shared/sharedreward-aging/derivatives/fsl/sub-11021/L2_task-sharedreward_model-1_type-REPLACEME_sm-5.gfeat/copeCOPENUM.feat/stats/cope1.nii.gz,1,-18.41803278688525,0.1229508196721311,0.2540983606557376,-0.6703857649143927,-0.0479436415200791,-0.3811475409836065,0.3975409836065574,-0.9997073531698066,18.412642807971768
11030,/gpfs/scratch/tug87422/smithlab-shared/sharedreward-aging/derivatives/fsl/sub-11030/L2_task-sharedreward_model-1_type-REPLACEME_sm-5.gfeat/copeCOPENUM.feat/stats/cope1.nii.gz,1,-20.41803278688525,0.1229508196721311,0.2540983606557376,-5.354643111352637,-0.0704360534263534,-0.3811475409836065,0.3975409836065574,-0.9997073531698066,20.412057514311385
11031,/gpfs/scratch/tug87422/smithlab-shared/sharedreward-aging/derivatives/fsl/sub-11031/L2_task-sharedreward_model-1_type-REPLACEME_sm-5.gfeat/copeCOPENUM.feat/stats/cope1.nii.gz,1,-20.41803278688525,0.1229508196721311,0.2540983606557376,3.788203891771552,-0.0501838460625399,-0.3811475409836065,0.3975409836065574,-0.2397467575124583,4.895157155438802
11036,/gpfs/scratch/tug87422/smithlab-shared/sharedreward-aging/derivatives/fsl/sub-11036/L2_task-sharedreward_model-1_type-REPLACEME_sm-5.gfeat/copeCOPENUM.feat/stats/cope1.nii.gz,1,-21.41803278688525,0.1229508196721311,0.2540983606557376,0.9530128144225428,-0.1039678455639293,-0.3811475409836065,0.3975409836065574,0.1081160656441879,-2.315633438756256
11039,/gpfs/scratch/tug87422/smithlab-shared/sharedreward-aging/derivatives/fsl/sub-11039/L2_task-sharedreward_model-1_type-REPLACEME_sm-5.gfeat/copeCOPENUM.feat/stats/cope1.nii.gz,1,-3.4180327868852487,0.1229508196721311,0.2540983606557376,3.4916870436837755,0.0591939292034152,-0.3811475409836065,0.3975409836065574,1.2286367049548157,-4.199520540706218
11042,/gpfs/scratch/tug87422/smithlab-shared/sharedreward-aging/derivatives/fsl/sub-11042/L2_task-sharedreward_model-1_type-REPLACEME_sm-5.gfeat/copeCOPENUM.feat/stats/cope1.nii.gz,1,-14.418032786885249,0.1229508196721311,0.2540983606557376,-5.665924223957411,0.1049917833289758,-0.3811475409836065,0.3975409836065574,0.9664492560758902,-13.934297060963042
11053,/gpfs/scratch/tug87422/smithlab-shared/sharedreward-aging/derivatives/fsl/sub-11053/L2_task-sharedreward_model-1_type-REPLACEME_sm-5.gfeat/copeCOPENUM.feat/stats/cope1.nii.gz,1,-13.418032786885249,0.1229508196721311,0.2540983606557376,-10.52999638131849,-0.0544212832336953,-0.3811475409836065,0.3975409836065574,0.5312237360696799,-7.127977507754641
11058,/gpfs/scratch/tug87422/smithlab-shared/sharedreward-aging/derivatives/fsl/sub-11058/L2_task-sharedreward_model-1_type-REPLACEME_sm-5.gfeat/copeCOPENUM.feat/stats/cope1.nii.gz,1,-5.418032786885249,0.1229508196721311,0.2540983606557376,-10.399237453183453,0.1405221611524772,-0.3811475409836065,0.3975409836065574,-0.9997073531698066,5.416447216764283
11060,/gpfs/scratch/tug87422/smithlab-shared/sharedreward-aging/derivatives/fsl/sub-11060/L2_task-sharedreward_model-1_type-REPLACEME_sm-5.gfeat/copeCOPENUM.feat/stats/cope1.nii.gz,1,-14.418032786885249,0.1229508196721311,0.2540983606557376,4.438502862697639,-0.1154462750527811,-0.3811475409836065,0.3975409836065574,1.1216129903898362,-16.17145286963707
11063,/gpfs/scratch/tug87422/smithlab-shared/sharedreward-aging/derivatives/fsl/sub-11063/L2_task-sharedreward_model-1_type-REPLACEME_sm-5.gfeat/copeCOPENUM.feat/stats/cope1.nii.gz,1,-22.41803278688525,0.1229508196721311,0.2540983606557376,4.620607350892094,-0.0936696838795182,-0.3811475409836065,0.3975409836065574,-0.3741641109985826,8.388023308041996
11065,/gpfs/scratch/tug87422/smithlab-shared/sharedreward-aging/derivatives/fsl/sub-11065/L2_task-sharedreward_model-1_type-REPLACEME_sm-5.gfeat/copeCOPENUM.feat/stats/cope1.nii.gz,1,-22.41803278688525,0.1229508196721311,0.2540983606557376,1.659878882344053,-0.0154219217824303,-0.3811475409836065,0.3975409836065574,-0.0726601884455178,1.6288984868728789
11066,/gpfs/scratch/tug87422/smithlab-shared/sharedreward-aging/derivatives/fsl/sub-11066/L2_task-sharedreward_model-1_type-REPLACEME_sm-5.gfeat/copeCOPENUM.feat/stats/cope1.nii.gz,1,-21.41803278688525,0.1229508196721311,0.2540983606557376,-4.338519819723736,-0.0038634711974273,0.6188524590163935,-0.6024590163934426,-0.3637086251659905,7.789923258678143
11068,/gpfs/scratch/tug87422/smithlab-shared/sharedreward-aging/derivatives/fsl/sub-11068/L2_task-sharedreward_model-1_type-REPLACEME_sm-5.gfeat/copeCOPENUM.feat/stats/cope1.nii.gz,1,-0.4180327868852487,0.1229508196721311,0.2540983606557376,-1.3398422647177384,-0.0442766386188613,-0.3811475409836065,0.3975409836065574,1.0002926468301934,-0.4181551228552476
11072,/gpfs/scratch/tug87422/smithlab-shared/sharedreward-aging/derivatives/fsl/sub-11072/L2_task-sharedreward_model-1_type-REPLACEME_sm-5.gfeat/copeCOPENUM.feat/stats/cope1.nii.gz,1,-18.41803278688525,0.1229508196721311,0.2540983606557376,-9.749832387725183,-0.0394752931444777,0.6188524590163935,-0.6024590163934426,1.6835742198299417,-31.008125179982617
11074,/gpfs/scratch/tug87422/smithlab-shared/sharedreward-aging/derivatives/fsl/sub-11074/L2_task-sharedreward_model-1_type-REPLACEME_sm-5.gfeat/copeCOPENUM.feat/stats/cope1.nii.gz,1,-2.4180327868852487,0.1229508196721311,0.2540983606557376,-0.3873980728120685,-0.0309329891238085,0.6188524590163935,-0.6024590163934426,1.6835742198299417,-4.070937662703551
11075,/gpfs/scratch/tug87422/smithlab-shared/sharedreward-aging/derivatives/fsl/sub-11075/L2_task-sharedreward_model-1_type-REPLACEME_sm-5.gfeat/copeCOPENUM.feat/stats/cope1.nii.gz,1,33.58196721311475,0.1229508196721311,0.2540983606557376,-1.5196703724240097,-0.0768464464580612,0.6188524590163935,-0.6024590163934426,-0.1720664714007417,-5.778330601056055
11076,/gpfs/scratch/tug87422/smithlab-shared/sharedreward-aging/derivatives/fsl/sub-11076/L1_task-sharedreward_model-1_type-REPLACEME_run-1_sm-5.feat/stats/copeCOPENUM.nii.gz,1,29.58196721311475,0.1229508196721311,0.2540983606557376,-3.0651559935094,0.0643373552149305,-0.3811475409836065,0.3975409836065574,0.5970315330672418,17.66136723639078
11078,/gpfs/scratch/tug87422/smithlab-shared/sharedreward-aging/derivatives/fsl/sub-11078/L2_task-sharedreward_model-1_type-REPLACEME_sm-5.gfeat/copeCOPENUM.feat/stats/cope1.nii.gz,1,28.58196721311475,0.1229508196721311,0.2540983606557376,-0.8341039054238379,0.0647498508218593,-0.3811475409836065,0.3975409836065574,0.7506725448049281,21.45569806339987
11083,/gpfs/scratch/tug87422/smithlab-shared/sharedreward-aging/derivatives/fsl/sub-11083/L2_task-sharedreward_model-1_type-REPLACEME_sm-5.gfeat/copeCOPENUM.feat/stats/cope1.nii.gz,1,24.58196721311475,0.1229508196721311,0.2540983606557376,-0.0996257640971478,0.0178987661089987,-0.3811475409836065,0.3975409836065574,1.1216129903898362,27.571453755566544
11084,/gpfs/scratch/tug87422/smithlab-shared/sharedreward-aging/derivatives/fsl/sub-11084/L2_task-sharedreward_model-1_type-REPLACEME_sm-5.gfeat/copeCOPENUM.feat/stats/cope1.nii.gz,1,24.58196721311475,0.1229508196721311,0.2540983606557376,6.408732098990292,-0.0661101170781785,-0.3811475409836065,0.3975409836065574,0.7323434543990706,18.002442784777152
11090,/gpfs/scratch/tug87422/smithlab-shared/sharedreward-aging/derivatives/fsl/sub-11090/L2_task-sharedreward_model-1_type-REPLACEME_sm-5.gfeat/copeCOPENUM.feat/stats/cope1.nii.gz,1,25.58196721311475,0.1229508196721311,0.2540983606557376,-14.889905956343576,0.2528144283387372,0.6188524590163935,-0.6024590163934426,-0.9997073531698066,-25.57448073149972
11110,/gpfs/scratch/tug87422/smithlab-shared/sharedreward-aging/derivatives/fsl/sub-11110/L2_task-sharedreward_model-1_type-REPLACEME_sm-5.gfeat/copeCOPENUM.feat/stats/cope1.nii.gz,1,22.58196721311475,0.1229508196721311,0.2540983606557376,-1.833533305386375,-0.0048628009097857,-0.3811475409836065,0.3975409836065574,1.1216129903898362,25.32822777478687
11113,/gpfs/scratch/tug87422/smithlab-shared/sharedreward-aging/derivatives/fsl/sub-11113/L2_task-sharedreward_model-1_type-REPLACEME_sm-5.gfeat/copeCOPENUM.feat/stats/cope1.nii.gz,1,-22.41803278688525,0.1229508196721311,0.2540983606557376,0.7052548741022449,-0.0917653814549133,0.6188524590163935,-0.6024590163934426,-0.2838473696435343,6.363299639139888
11116,/gpfs/scratch/tug87422/smithlab-shared/sharedreward-aging/derivatives/fsl/sub-11116/L2_task-sharedreward_model-1_type-REPLACEME_sm-5.gfeat/copeCOPENUM.feat/stats/cope1.nii.gz,1,15.581967213114751,0.1229508196721311,0.2540983606557376,-6.05152911640733,-0.0092604544909211,0.6188524590163935,-0.6024590163934426,-1.3718115569374318,-21.37552270277096
11120,/gpfs/scratch/tug87422/smithlab-shared/sharedreward-aging/derivatives/fsl/sub-11120/L2_task-sharedreward_model-1_type-REPLACEME_sm-5.gfeat/copeCOPENUM.feat/stats/cope1.nii.gz,1,22.58196721311475,0.1229508196721311,0.2540983606557376,-7.357234307916663,0.008813831154732,0.6188524590163935,-0.6024590163934426,-3.121027696729449,-70.47894511876747
11126,/gpfs/scratch/tug87422/smithlab-shared/sharedreward-aging/derivatives/fsl/sub-11126/L1_task-sharedreward_model-1_type-REPLACEME_run-1_sm-5.feat/stats/copeCOPENUM.nii.gz,1,14.581967213114751,0.1229508196721311,0.2540983606557376,-11.566485209334935,0.0477495134329305,0.6188524590163935,-0.6024590163934426,1.0892245182985674,15.883036213550415
11128,/gpfs/scratch/tug87422/smithlab-shared/sharedreward-aging/derivatives/fsl/sub-11128/L2_task-sharedreward_model-1_type-REPLACEME_sm-5.gfeat/copeCOPENUM.feat/stats/cope1.nii.gz,1,15.581967213114751,0.1229508196721311,0.2540983606557376,-4.055007334801196,0.0990716292057899,0.6188524590163935,-0.6024590163934426,-0.7604716863211368,-11.84964488275804
11145,/gpfs/scratch/tug87422/smithlab-shared/sharedreward-aging/derivatives/fsl/sub-11145/L2_task-sharedreward_model-1_type-REPLACEME_sm-5.gfeat/copeCOPENUM.feat/stats/cope1.nii.gz,1,20.58196721311475,0.1229508196721311,0.2540983606557376,-6.194837876190725,0.0427765846799672,0.6188524590163935,-0.6024590163934426,1.1216129903898362,23.0850017940072
11164,/gpfs/scratch/tug87422/smithlab-shared/sharedreward-aging/derivatives/fsl/sub-11164/L1_task-sharedreward_model-1_type-REPLACEME_run-1_sm-5.feat/stats/copeCOPENUM.nii.gz,1,40.58196721311475,0.1229508196721311,0.2540983606557376,-2.3261078685199053,0.0313576745950567,0.6188524590163935,-0.6024590163934426,0.4555063970481909,18.485345670373714
11167,/gpfs/scratch/tug87422/smithlab-shared/sharedreward-aging/derivatives/fsl/sub-11167/L2_task-sharedreward_model-1_type-REPLACEME_sm-5.gfeat/copeCOPENUM.feat/stats/cope1.nii.gz,1,13.581967213114751,0.1229508196721311,0.2540983606557376,-8.467729019760448,0.0125737688143296,-0.3811475409836065,0.3975409836065574,0.1144646758925045,1.5546554750318031
11168,/gpfs/scratch/tug87422/smithlab-shared/sharedreward-aging/derivatives/fsl/sub-11168/L2_task-sharedreward_model-1_type-REPLACEME_sm-5.gfeat/copeCOPENUM.feat/stats/cope1.nii.gz,1,-16.41803278688525,0.1229508196721311,0.2540983606557376,-10.126368383821394,0.0991384226992242,-0.3811475409836065,0.3975409836065574,0.282739546612567,-4.642027146434196
11171,/gpfs/scratch/tug87422/smithlab-shared/sharedreward-aging/derivatives/fsl/sub-11171/L2_task-sharedreward_model-1_type-REPLACEME_sm-5.gfeat/copeCOPENUM.feat/stats/cope1.nii.gz,1,-18.41803278688525,0.1229508196721311,0.2540983606557376,-2.658007263848852,-0.0825631166087535,0.6188524590163935,-0.6024590163934426,1.1469179052299912,-21.123971582391725
11177,/gpfs/scratch/tug87422/smithlab-shared/sharedreward-aging/derivatives/fsl/sub-11177/L2_task-sharedreward_model-1_type-REPLACEME_sm-5.gfeat/copeCOPENUM.feat/stats/cope1.nii.gz,1,11.581967213114751,0.1229508196721311,0.2540983606557376,-2.759618492741432,-0.0759886944937696,0.6188524590163935,-0.6024590163934426,0.0609528186100145,0.7059535466881193
11192,/gpfs/scratch/tug87422/smithlab-shared/sharedreward-aging/derivatives/fsl/sub-11192/L2_task-sharedreward_model-1_type-REPLACEME_sm-5.gfeat/copeCOPENUM.feat/stats/cope1.nii.gz,1,25.58196721311475,0.1229508196721311,0.2540983606557376,-7.137953442524015,0.085453070738935,0.6188524590163935,-0.6024590163934426,-2.463013179209068,-63.00872239599591
11193,/gpfs/scratch/tug87422/smithlab-shared/sharedreward-aging/derivatives/fsl/sub-11193/L2_task-sharedreward_model-1_type-REPLACEME_sm-5.gfeat/copeCOPENUM.feat/stats/cope1.nii.gz,1,11.581967213114751,0.1229508196721311,0.2540983606557376,-17.24568988051295,0.0904639506487622,-0.3811475409836065,0.3975409836065574,-0.9997073531698066,-11.57857778712243
11227,/gpfs/scratch/tug87422/smithlab-shared/sharedreward-aging/derivatives/fsl/sub-11227/L2_task-sharedreward_model-1_type-REPLACEME_sm-5.gfeat/copeCOPENUM.feat/stats/cope1.nii.gz,1,-13.418032786885249,0.1229508196721311,0.2540983606557376,-1.1097764983450205,-0.1097597544434073,-0.3811475409836065,0.3975409836065574,1.6835742198299417,-22.590254080832903
11238,/gpfs/scratch/tug87422/smithlab-shared/sharedreward-aging/derivatives/fsl/sub-11238/L2_task-sharedreward_model-1_type-REPLACEME_sm-5.gfeat/copeCOPENUM.feat/stats/cope1.nii.gz,1,1.5819672131147513,0.1229508196721311,0.2540983606557376,-4.14395554730698,-0.0220600215635387,0.6188524590163935,-0.6024590163934426,1.563365619980476,2.473193152919929
11241,/gpfs/scratch/tug87422/smithlab-shared/sharedreward-aging/derivatives/fsl/sub-11241/L2_task-sharedreward_model-1_type-REPLACEME_sm-5.gfeat/copeCOPENUM.feat/stats/cope1.nii.gz,1,-17.41803278688525,0.1229508196721311,0.2540983606557376,2.32435275101772,-0.0729080826640717,-0.3811475409836065,0.3975409836065574,-0.9997073531698066,17.412935454801964
11246,/gpfs/scratch/tug87422/smithlab-shared/sharedreward-aging/derivatives/fsl/sub-11246/L2_task-sharedreward_model-1_type-REPLACEME_sm-5.gfeat/copeCOPENUM.feat/stats/cope1.nii.gz,1,-4.418032786885249,0.1229508196721311,0.2540983606557376,-5.976210897034328,-0.0503867025790184,0.6188524590163935,-0.6024590163934426,0.2924092117697905,-1.2918734847862063
11286,/gpfs/scratch/tug87422/smithlab-shared/sharedreward-aging/derivatives/fsl/sub-11286/L1_task-sharedreward_model-1_type-REPLACEME_run-1_sm-5.feat/stats/copeCOPENUM.nii.gz,1,-20.41803278688525,0.1229508196721311,0.2540983606557376,2.651031898390208,-0.095692572138336,-0.3811475409836065,0.3975409836065574,0.7891470288300251,-16.11282990832453
11301,/gpfs/scratch/tug87422/smithlab-shared/sharedreward-aging/derivatives/fsl/sub-11301/L2_task-sharedreward_model-1_type-REPLACEME_sm-5.gfeat/copeCOPENUM.feat/stats/cope1.nii.gz,1,-21.41803278688525,0.1229508196721311,0.2540983606557376,1.2054353405520644,-0.062316059945011,-0.3811475409836065,0.3975409836065574,1.6835742198299417,-36.05884783947244
11311,/gpfs/scratch/tug87422/smithlab-shared/sharedreward-aging/derivatives/fsl/sub-11311/L2_task-sharedreward_model-1_type-REPLACEME_sm-5.gfeat/copeCOPENUM.feat/stats/cope1.nii.gz,1,-22.41803278688525,0.1229508196721311,0.2540983606557376,1.9657976498102627,-0.0724905631045946,-0.3811475409836065,0.3975409836065574,2.1791703037862984,-48.85271131848793
11312,/gpfs/scratch/tug87422/smithlab-shared/sharedreward-aging/derivatives/fsl/sub-11312/L2_task-sharedreward_model-1_type-REPLACEME_sm-5.gfeat/copeCOPENUM.feat/stats/cope1.nii.gz,1,-21.41803278688525,0.1229508196721311,0.2540983606557376,-0.8633097034206756,-0.0780913551095066,-0.3811475409836065,0.3975409836065574,0.8249788578774861,-17.669424226507143
11316,/gpfs/scratch/tug87422/smithlab-shared/sharedreward-aging/derivatives/fsl/sub-11316/L2_task-sharedreward_model-1_type-REPLACEME_sm-5.gfeat/copeCOPENUM.feat/stats/cope1.nii.gz,1,-2.4180327868852487,0.1229508196721311,0.2540983606557376,-7.419169705334646,0.1057869509027445,0.6188524590163935,-0.6024590163934426,1.1216129903898362,-2.7120969849590333
11318,/gpfs/scratch/tug87422/smithlab-shared/sharedreward-aging/derivatives/fsl/sub-11318/L2_task-sharedreward_model-1_type-REPLACEME_sm-5.gfeat/copeCOPENUM.feat/stats/cope1.nii.gz,1,-22.41803278688525,0.1229508196721311,0.2540983606557376,5.232046634189025,-0.0851904966971747,-0.3811475409836065,0.3975409836065574,0.1795118545749465,-4.024302641495729
11321,/gpfs/scratch/tug87422/smithlab-shared/sharedreward-aging/derivatives/fsl/sub-11321/L2_task-sharedreward_model-1_type-REPLACEME_sm-5.gfeat/copeCOPENUM.feat/stats/cope1.nii.gz,1,-21.41803278688525,0.1229508196721311,0.2540983606557376,6.437748476045378,-0.1251516969270241,-0.3811475409836065,0.3975409836065574,-0.4630510385698571,9.917642326090466
11325,/gpfs/scratch/tug87422/smithlab-shared/sharedreward-aging/derivatives/fsl/sub-11325/L2_task-sharedreward_model-1_type-REPLACEME_sm-5.gfeat/copeCOPENUM.feat/stats/cope1.nii.gz,1,-16.41803278688525,0.1229508196721311,0.2540983606557376,-2.8133672635912106,-0.0738834194043721,0.6188524590163935,-0.6024590163934426,0.8917576218040351,-14.640905872733464
11326,/gpfs/scratch/tug87422/smithlab-shared/sharedreward-aging/derivatives/fsl/sub-11326/L2_task-sharedreward_model-1_type-REPLACEME_sm-5.gfeat/copeCOPENUM.feat/stats/cope1.nii.gz,1,-18.41803278688525,0.1229508196721311,0.2540983606557376,-9.160288503279736,-0.0142359467543054,0.6188524590163935,-0.6024590163934426,-0.6766782119349073,12.463081493588009
11329,/gpfs/scratch/tug87422/smithlab-shared/sharedreward-aging/derivatives/fsl/sub-11329/L2_task-sharedreward_model-1_type-REPLACEME_sm-5.gfeat/copeCOPENUM.feat/stats/cope1.nii.gz,1,-20.41803278688525,0.1229508196721311,0.2540983606557376,-0.540234489892903,-0.0800104815948252,0.6188524590163935,-0.6024590163934426,-0.9997073531698066,20.412057514311385
11330,/gpfs/scratch/tug87422/smithlab-shared/sharedreward-aging/derivatives/fsl/sub-11330/L2_task-sharedreward_model-1_type-REPLACEME_sm-5.gfeat/copeCOPENUM.feat/stats/cope1.nii.gz,1,-17.41803278688525,0.1229508196721311,0.2540983606557376,7.267418690430638,-0.1055443534093046,0.6188524590163935,-0.6024590163934426,-0.9997073531698066,17.412935454801964
11337,/gpfs/scratch/tug87422/smithlab-shared/sharedreward-aging/derivatives/fsl/sub-11337/L2_task-sharedreward_model-1_type-REPLACEME_sm-5.gfeat/copeCOPENUM.feat/stats/cope1.nii.gz,1,-13.418032786885249,0.1229508196721311,0.2540983606557376,-12.569086266975212,-0.0400724454649199,0.6188524590163935,-0.6024590163934426,-0.7702916192992448,10.335798203220197
11338,/gpfs/scratch/tug87422/smithlab-shared/sharedreward-aging/derivatives/fsl/sub-11338/L2_task-sharedreward_model-1_type-REPLACEME_sm-5.gfeat/copeCOPENUM.feat/stats/cope1.nii.gz,1,-22.41803278688525,0.1229508196721311,0.2540983606557376,0.1045489613289802,-0.0841563348430216,0.6188524590163935,-0.6024590163934426,0.2997368923028232,-6.719511479083783
11340,/gpfs/scratch/tug87422/smithlab-shared/sharedreward-aging/derivatives/fsl/sub-11340/L2_task-sharedreward_model-1_type-REPLACEME_sm-5.gfeat/copeCOPENUM.feat/stats/cope1.nii.gz,1,-12.418032786885249,0.1229508196721311,0.2540983606557376,-0.3467012543141052,-0.0073779954651997,-0.3811475409836065,0.3975409836065574,-0.9997073531698066,12.414398688952929
11343,/gpfs/scratch/tug87422/smithlab-shared/sharedreward-aging/derivatives/fsl/sub-11343/L2_task-sharedreward_model-1_type-REPLACEME_sm-5.gfeat/copeCOPENUM.feat/stats/cope1.nii.gz,1,-11.418032786885249,0.1229508196721311,0.2540983606557376,-2.955607958548065,-0.0699176938397648,-0.3811475409836065,0.3975409836065574,-0.1008302481797465,1.1512830796261222
11345,/gpfs/scratch/tug87422/smithlab-shared/sharedreward-aging/derivatives/fsl/sub-11345/L2_task-sharedreward_model-1_type-REPLACEME_sm-5.gfeat/copeCOPENUM.feat/stats/cope1.nii.gz,1,-10.418032786885249,0.1229508196721311,0.2540983606557376,13.90257009345543,-0.131244360552441,-0.3811475409836065,0.3975409836065574,0.1713727343684334,-1.7853667654285164
11348,/gpfs/scratch/tug87422/smithlab-shared/sharedreward-aging/derivatives/fsl/sub-11348/L2_task-sharedreward_model-1_type-REPLACEME_sm-5.gfeat/copeCOPENUM.feat/stats/cope1.nii.gz,1,-8.418032786885249,0.1229508196721311,0.2540983606557376,-5.486684900827534,-0.043494293718578,0.6188524590163935,-0.6024590163934426,1.1216129903898362,-9.44177492729805
11358,/gpfs/scratch/tug87422/smithlab-shared/sharedreward-aging/derivatives/fsl/sub-11358/L2_task-sharedreward_model-1_type-REPLACEME_sm-5.gfeat/copeCOPENUM.feat/stats/cope1.nii.gz,1,4.581967213114751,0.1229508196721311,0.2540983606557376,6.7589802578996725,-0.0473111260976763,-0.3811475409836065,0.3975409836065574,-1.9454398406567277,-8.913941564976312
11364,/gpfs/scratch/tug87422/smithlab-shared/sharedreward-aging/derivatives/fsl/sub-11364/L2_task-sharedreward_model-1_type-REPLACEME_sm-5.gfeat/copeCOPENUM.feat/stats/cope1.nii.gz,1,10.581967213114751,0.1229508196721311,0.2540983606557376,-20.78358175803704,-0.0319154564127055,-0.3811475409836065,0.3975409836065574,-0.9997073531698066,-10.578870433952623
11367,/gpfs/scratch/tug87422/smithlab-shared/sharedreward-aging/derivatives/fsl/sub-11367/L2_task-sharedreward_model-1_type-REPLACEME_sm-5.gfeat/copeCOPENUM.feat/stats/cope1.nii.gz,1,14.581967213114751,0.1229508196721311,0.2540983606557376,-15.51501432809426,-0.1115157114888758,-0.3811475409836065,0.3975409836065574,-1.2430394848659505,-18.12596101292234
11376,/gpfs/scratch/tug87422/smithlab-shared/sharedreward-aging/derivatives/fsl/sub-11376/L2_task-sharedreward_model-1_type-REPLACEME_sm-5.gfeat/copeCOPENUM.feat/stats/cope1.nii.gz,1,26.58196721311475,0.1229508196721311,0.2540983606557376,-13.201527850850546,-0.0451652939621426,0.6188524590163935,-0.6024590163934426,1.3148428962615717,34.95111075882194
11377,/gpfs/scratch/tug87422/smithlab-shared/sharedreward-aging/derivatives/fsl/sub-11377/L2_task-sharedreward_model-1_type-REPLACEME_sm-5.gfeat/copeCOPENUM.feat/stats/cope1.nii.gz,1,25.58196721311475,0.1229508196721311,0.2540983606557376,-0.5374896245219887,-0.0019804643288645,-0.3811475409836065,0.3975409836065574,-0.9997073531698066,-25.57448073149972
11387,/gpfs/scratch/tug87422/smithlab-shared/sharedreward-aging/derivatives/fsl/sub-11387/L2_task-sharedreward_model-1_type-REPLACEME_sm-5.gfeat/copeCOPENUM.feat/stats/cope1.nii.gz,1,9.581967213114751,0.1229508196721311,0.2540983606557376,2.9623127440546497,0.0326545075176135,-0.3811475409836065,0.3975409836065574,1.3357894793147622,12.799490994417678
11410,/gpfs/scratch/tug87422/smithlab-shared/sharedreward-aging/derivatives/fsl/sub-11410/L2_task-sharedreward_model-1_type-REPLACEME_sm-5.gfeat/copeCOPENUM.feat/stats/cope1.nii.gz,1,1.5819672131147513,0.1229508196721311,0.2540983606557376,-16.4417796811639,0.1694717911958365,0.6188524590163935,-0.6024590163934426,-0.9997073531698066,-1.5815042554243637
11416,/gpfs/scratch/tug87422/smithlab-shared/sharedreward-aging/derivatives/fsl/sub-11416/L1_task-sharedreward_model-1_type-REPLACEME_run-1_sm-5.feat/stats/copeCOPENUM.nii.gz,1,-1.4180327868852487,0.1229508196721311,0.2540983606557376,-20.668956256998065,0.21454607994941,-0.3811475409836065,0.3975409836065574,1.1070332963605436,-1.569809510412905
11426,/gpfs/scratch/tug87422/smithlab-shared/sharedreward-aging/derivatives/fsl/sub-11426/L1_task-sharedreward_model-1_type-REPLACEME_run-1_sm-5.feat/stats/copeCOPENUM.nii.gz,1,-6.418032786885249,0.1229508196721311,0.2540983606557376,-5.173332554814699,0.1012845295486008,-0.3811475409836065,0.3975409836065574,0.6038600983047397,-3.875593909611569
11430,/gpfs/scratch/tug87422/smithlab-shared/sharedreward-aging/derivatives/fsl/sub-11430/L1_task-sharedreward_model-1_type-REPLACEME_run-1_sm-5.feat/stats/copeCOPENUM.nii.gz,1,-8.418032786885249,0.1229508196721311,0.2540983606557376,-12.154457440427798,-0.0429711150373343,-0.3811475409836065,0.3975409836065574,1.9627442334363063,-16.52244530933678
11432,/gpfs/scratch/tug87422/smithlab-shared/sharedreward-aging/derivatives/fsl/sub-11432/L2_task-sharedreward_model-1_type-REPLACEME_sm-5.gfeat/copeCOPENUM.feat/stats/cope1.nii.gz,1,-8.418032786885249,0.1229508196721311,0.2540983606557376,-5.501240073822267,-0.0861653719567116,-0.3811475409836065,0.3975409836065574,0.0309696485951564,-0.2607035172723421
11433,/gpfs/scratch/tug87422/smithlab-shared/sharedreward-aging/derivatives/fsl/sub-11433/L2_task-sharedreward_model-1_type-REPLACEME_sm-5.gfeat/copeCOPENUM.feat/stats/cope1.nii.gz,1,-9.418032786885249,0.1229508196721311,0.2540983606557376,-0.8009894606101469,-0.0726334644437325,0.6188524590163935,-0.6024590163934426,0.3459765588789631,-3.25841857501581
11435,/gpfs/scratch/tug87422/smithlab-shared/sharedreward-aging/derivatives/fsl/sub-11435/L2_task-sharedreward_model-1_type-REPLACEME_sm-5.gfeat/copeCOPENUM.feat/stats/cope1.nii.gz,1,-10.418032786885249,0.1229508196721311,0.2540983606557376,0.5297577782740674,-0.08650102379949,-0.3811475409836065,0.3975409836065574,0.8093607142967749,-8.431946457960665
11439,/gpfs/scratch/tug87422/smithlab-shared/sharedreward-aging/derivatives/fsl/sub-11439/L1_task-sharedreward_model-1_type-REPLACEME_run-1_sm-5.feat/stats/copeCOPENUM.nii.gz,1,19.58196721311475,0.1229508196721311,0.2540983606557376,-11.601125907679382,0.0739469754666368,0.6188524590163935,-0.6024590163934426,0.4855139612952046,9.507318471592162
11440,/gpfs/scratch/tug87422/smithlab-shared/sharedreward-aging/derivatives/fsl/sub-11440/L2_task-sharedreward_model-1_type-REPLACEME_sm-5.gfeat/copeCOPENUM.feat/stats/cope1.nii.gz,1,19.58196721311475,0.1229508196721311,0.2540983606557376,-5.109593339616261,-0.0371847708629091,0.6188524590163935,-0.6024590163934426,-0.065508620175979,-1.282787652462409
11443,/gpfs/scratch/tug87422/smithlab-shared/sharedreward-aging/derivatives/fsl/sub-11443/L1_task-sharedreward_model-1_type-REPLACEME_run-1_sm-5.feat/stats/copeCOPENUM.nii.gz,1,13.581967213114751,0.1229508196721311,0.2540983606557376,-8.63470069668518,0.2622792868873721,-0.3811475409836065,0.3975409836065574,0.0736052760300922,0.999704445752974
11450,/gpfs/scratch/tug87422/smithlab-shared/sharedreward-aging/derivatives/fsl/sub-11450/L1_task-sharedreward_model-1_type-REPLACEME_run-1_sm-5.feat/stats/copeCOPENUM.nii.gz,1,1.5819672131147513,0.1229508196721311,0.2540983606557376,-8.792518857694525,-0.0618652697787005,0.6188524590163935,-0.6024590163934426,-0.9997073531698066,-1.5815042554243637
11451,/gpfs/scratch/tug87422/smithlab-shared/sharedreward-aging/derivatives/fsl/sub-11451/L2_task-sharedreward_model-1_type-REPLACEME_sm-5.gfeat/copeCOPENUM.feat/stats/cope1.nii.gz,1,4.581967213114751,0.1229508196721311,0.2540983606557376,5.527951415858404,0.0719512649774849,0.6188524590163935,-0.6024590163934426,-0.9997073531698066,-4.580626314933784
11461,/gpfs/scratch/tug87422/smithlab-shared/sharedreward-aging/derivatives/fsl/sub-11461/L2_task-sharedreward_model-1_type-REPLACEME_sm-5.gfeat/copeCOPENUM.feat/stats/cope1.nii.gz,1,30.58196721311475,0.1229508196721311,0.2540983606557376,-13.31042031577352,0.1836035028722405,0.6188524590163935,-0.6024590163934426,0.4555063970481909,13.930281699891806
11462,/gpfs/scratch/tug87422/smithlab-shared/sharedreward-aging/derivatives/fsl/sub-11462/L1_task-sharedreward_model-1_type-REPLACEME_run-1_sm-5.feat/stats/copeCOPENUM.nii.gz,1,25.58196721311475,0.1229508196721311,0.2540983606557376,-4.077351693357635,-0.005658599492108,0.6188524590163935,-0.6024590163934426,-0.9997073531698066,-25.57448073149972
11498,/gpfs/scratch/tug87422/smithlab-shared/sharedreward-aging/derivatives/fsl/sub-11498/L1_task-sharedreward_model-1_type-REPLACEME_run-1_sm-5.feat/stats/copeCOPENUM.nii.gz,1,2.5819672131147517,0.1229508196721311,0.2540983606557376,-14.506104648639742,-0.0265724936586397,0.6188524590163935,-0.6024590163934426,-0.1979236274325334,-0.5110323167315407
11517,/gpfs/scratch/tug87422/smithlab-shared/sharedreward-aging/derivatives/fsl/sub-11517/L2_task-sharedreward_model-1_type-REPLACEME_sm-5.gfeat/copeCOPENUM.feat/stats/cope1.nii.gz,1,-20.41803278688525,0.1229508196721311,0.2540983606557376,-0.6307711861471788,-0.0113426337788886,-0.3811475409836065,0.3975409836065574,1.1896939944294784,-24.291210984621568
11518,/gpfs/scratch/tug87422/smithlab-shared/sharedreward-aging/derivatives/fsl/sub-11518/L2_task-sharedreward_model-1_type-REPLACEME_sm-5.gfeat/copeCOPENUM.feat/stats/cope1.nii.gz,1,-22.41803278688525,0.1229508196721311,0.2540983606557376,-10.652785436602136,0.0340834324937697,-0.3811475409836065,0.3975409836065574,1.342899075159285,-30.10515549639873
11523,/gpfs/scratch/tug87422/smithlab-shared/sharedreward-aging/derivatives/fsl/sub-11523/L2_task-sharedreward_model-1_type-REPLACEME_sm-5.gfeat/copeCOPENUM.feat/stats/cope1.nii.gz,1,-7.418032786885249,0.1229508196721311,0.2540983606557376,-5.733673489596988,0.0520283827307464,-0.3811475409836065,0.3975409836065574,0.0736052760300924,-0.5460063508789649
11526,/gpfs/scratch/tug87422/smithlab-shared/sharedreward-aging/derivatives/fsl/sub-11526/L2_task-sharedreward_model-1_type-REPLACEME_sm-5.gfeat/copeCOPENUM.feat/stats/cope1.nii.gz,1,-19.41803278688525,0.1229508196721311,0.2540983606557376,19.906826664283575,-0.1143294787293887,-0.3811475409836065,0.3975409836065574,0.9082888308416416,-17.637182297244664
11527,/gpfs/scratch/tug87422/smithlab-shared/sharedreward-aging/derivatives/fsl/sub-11527/L2_task-sharedreward_model-1_type-REPLACEME_sm-5.gfeat/copeCOPENUM.feat/stats/cope1.nii.gz,1,-21.41803278688525,0.1229508196721311,0.2540983606557376,-11.974473085664506,0.0481244005340859,0.6188524590163935,-0.6024590163934426,-0.9997073531698066,21.41176486748119
11529,/gpfs/scratch/tug87422/smithlab-shared/sharedreward-aging/derivatives/fsl/sub-11529/L2_task-sharedreward_model-1_type-REPLACEME_sm-5.gfeat/copeCOPENUM.feat/stats/cope1.nii.gz,1,-21.41803278688525,0.1229508196721311,0.2540983606557376,17.839573056027,-0.0883973812502207,-0.3811475409836065,0.3975409836065574,0.4244306366628174,-9.090469291802805
11530,/gpfs/scratch/tug87422/smithlab-shared/sharedreward-aging/derivatives/fsl/sub-11530/L2_task-sharedreward_model-1_type-REPLACEME_sm-5.gfeat/copeCOPENUM.feat/stats/cope1.nii.gz,1,-18.41803278688525,0.1229508196721311,0.2540983606557376,-3.80515432538494,-0.0200217388818011,-0.3811475409836065,-0.6024590163934426,-0.1530585716245692,2.8190377904951407
11532,/gpfs/scratch/tug87422/smithlab-shared/sharedreward-aging/derivatives/fsl/sub-11532/L2_task-sharedreward_model-1_type-REPLACEME_sm-5.gfeat/copeCOPENUM.feat/stats/cope1.nii.gz,1,-7.418032786885249,0.1229508196721311,0.2540983606557376,10.83108639588783,-0.0848284631443389,-0.3811475409836065,0.3975409836065574,-0.9997073531698066,7.415861923103896
11533,/gpfs/scratch/tug87422/smithlab-shared/sharedreward-aging/derivatives/fsl/sub-11533/L2_task-sharedreward_model-1_type-REPLACEME_sm-5.gfeat/copeCOPENUM.feat/stats/cope1.nii.gz,1,-10.418032786885249,0.1229508196721311,0.2540983606557376,13.1370470850353,-0.0837027403353171,-0.3811475409836065,0.3975409836065574,-0.4714368093744324,4.9114441370074085
11534,/gpfs/scratch/tug87422/smithlab-shared/sharedreward-aging/derivatives/fsl/sub-11534/L2_task-sharedreward_model-1_type-REPLACEME_sm-5.gfeat/copeCOPENUM.feat/stats/cope1.nii.gz,1,-21.41803278688525,0.1229508196721311,0.2540983606557376,-9.384368726346004,-0.0126257764676331,0.6188524590163935,-0.6024590163934426,0.9656579930714492,-20.682494556522105
11535,/gpfs/scratch/tug87422/smithlab-shared/sharedreward-aging/derivatives/fsl/sub-11535/L2_task-sharedreward_model-1_type-REPLACEME_sm-5.gfeat/copeCOPENUM.feat/stats/cope1.nii.gz,1,-9.418032786885249,0.1229508196721311,0.2540983606557376,5.177974062212449,-0.0417913971767884,-0.3811475409836065,0.3975409836065574,0.9169223418300134,-8.63560467838267
11536,/gpfs/scratch/tug87422/smithlab-shared/sharedreward-aging/derivatives/fsl/sub-11536/L2_task-sharedreward_model-1_type-REPLACEME_sm-5.gfeat/copeCOPENUM.feat/stats/cope1.nii.gz,1,-6.418032786885249,0.1229508196721311,0.2540983606557376,-1.5043567985438884,0.0013604458709245,0.6188524590163935,-0.6024590163934426,0.0897022056340377,-0.575711696815177
11540,/gpfs/scratch/tug87422/smithlab-shared/sharedreward-aging/derivatives/fsl/sub-11540/L2_task-sharedreward_model-1_type-REPLACEME_sm-5.gfeat/copeCOPENUM.feat/stats/cope1.nii.gz,1,-8.418032786885249,0.1229508196721311,0.2540983606557376,11.032950281512164,-0.088957772391619,-0.3811475409836065,0.3975409836065574,-0.9997073531698066,8.415569276273702
11542,/gpfs/scratch/tug87422/smithlab-shared/sharedreward-aging/derivatives/fsl/sub-11542/L2_task-sharedreward_model-1_type-REPLACEME_sm-5.gfeat/copeCOPENUM.feat/stats/cope1.nii.gz,1,17.58196721311475,0.1229508196721311,0.2540983606557376,0.1118115990512862,0.0494942758634408,0.6188524590163935,-0.6024590163934426,0.4711636603665738,8.283984028576237
11545,/gpfs/scratch/tug87422/smithlab-shared/sharedreward-aging/derivatives/fsl/sub-11545/L2_task-sharedreward_model-1_type-REPLACEME_sm-5.gfeat/copeCOPENUM.feat/stats/cope1.nii.gz,1,29.58196721311475,0.1229508196721311,0.2540983606557376,8.806011679288638,-0.0037786744394339,-0.3811475409836065,0.3975409836065574,1.0002926468301934,29.590624282050552
11551,/gpfs/scratch/tug87422/smithlab-shared/sharedreward-aging/derivatives/fsl/sub-11551/L2_task-sharedreward_model-1_type-REPLACEME_sm-5.gfeat/copeCOPENUM.feat/stats/cope1.nii.gz,1,21.58196721311475,0.1229508196721311,0.2540983606557376,-2.385121158967088,-0.0021473238979584,-0.3811475409836065,0.3975409836065574,-1.2735686319223896,-27.48611645780042
11559,/gpfs/scratch/tug87422/smithlab-shared/sharedreward-aging/derivatives/fsl/sub-11559/L2_task-sharedreward_model-1_type-REPLACEME_sm-5.gfeat/copeCOPENUM.feat/stats/cope1.nii.gz,1,23.58196721311475,0.1229508196721311,0.2540983606557376,-7.476417111875783,0.2001961624181321,-0.3811475409836065,0.3975409836065574,-0.5585785799135219,-13.172381757468871
11563,/gpfs/scratch/tug87422/smithlab-shared/sharedreward-aging/derivatives/fsl/sub-11563/L2_task-sharedreward_model-1_type-REPLACEME_sm-5.gfeat/copeCOPENUM.feat/stats/cope1.nii.gz,1,11.581967213114751,0.1229508196721311,0.2540983606557376,-2.407025653464082,-0.0698531135951058,0.6188524590163935,-0.6024590163934426,-0.2133737021748725,-2.471287222730285
11570,/gpfs/scratch/tug87422/smithlab-shared/sharedreward-aging/derivatives/fsl/sub-11570/L2_task-sharedreward_model-1_type-REPLACEME_sm-5.gfeat/copeCOPENUM.feat/stats/cope1.nii.gz,1,-2.4180327868852487,0.1229508196721311,0.2540983606557376,-0.5206446889232055,0.0357060440922911,0.6188524590163935,-0.6024590163934426,1.1882675192986114,-2.8732698212548424
11572,/gpfs/scratch/tug87422/smithlab-shared/sharedreward-aging/derivatives/fsl/sub-11572/L2_task-sharedreward_model-1_type-REPLACEME_sm-5.gfeat/copeCOPENUM.feat/stats/cope1.nii.gz,1,-1.4180327868852487,0.1229508196721311,0.2540983606557376,5.864900056444746,-0.0324475448869609,0.6188524590163935,-0.6024590163934426,-1.6736945007318833,2.373353677267348
11579,/gpfs/scratch/tug87422/smithlab-shared/sharedreward-aging/derivatives/fsl/sub-11579/L2_task-sharedreward_model-1_type-REPLACEME_sm-5.gfeat/copeCOPENUM.feat/stats/cope1.nii.gz,1,3.5819672131147517,0.1229508196721311,0.2540983606557376,3.3979804484962344,-0.0319097738963903,0.6188524590163935,-0.6024590163934426,-0.6704145732007354,-2.401403020399353
11586,/gpfs/scratch/tug87422/smithlab-shared/sharedreward-aging/derivatives/fsl/sub-11586/L1_task-sharedreward_model-1_type-REPLACEME_run-1_sm-5.feat/stats/copeCOPENUM.nii.gz,1,9.581967213114751,0.1229508196721311,0.2540983606557376,3.105958561817822,-0.0920820364684511,0.6188524590163935,-0.6024590163934426,-1.486371616562094,-14.242364096402357
11588,/gpfs/scratch/tug87422/smithlab-shared/sharedreward-aging/derivatives/fsl/sub-11588/L2_task-sharedreward_model-1_type-REPLACEME_sm-5.gfeat/copeCOPENUM.feat/stats/cope1.nii.gz,1,10.581967213114751,0.1229508196721311,0.2540983606557376,19.54598899988661,-0.0690978347302637,0.6188524590163935,-0.6024590163934426,0.4244306366628174,4.491311081407354
11591,/gpfs/scratch/tug87422/smithlab-shared/sharedreward-aging/derivatives/fsl/sub-11591/L2_task-sharedreward_model-1_type-REPLACEME_sm-5.gfeat/copeCOPENUM.feat/stats/cope1.nii.gz,1,15.581967213114751,0.1229508196721311,0.2540983606557376,-0.6598038959226713,0.061871810909739,-0.3811475409836065,0.3975409836065574,-1.5474299106749727,-24.112002132730517
11597,/gpfs/scratch/tug87422/smithlab-shared/sharedreward-aging/derivatives/fsl/sub-11597/L1_task-sharedreward_model-1_type-REPLACEME_run-2_sm-5.feat/stats/copeCOPENUM.nii.gz,1,8.581967213114751,0.1229508196721311,0.2540983606557376,-3.0875722431254715,0.1823563530352878,-0.3811475409836065,0.3975409836065574,0.2250375182217823,1.931264603100049
11598,/gpfs/scratch/tug87422/smithlab-shared/sharedreward-aging/derivatives/fsl/sub-11598/L1_task-sharedreward_model-1_type-REPLACEME_run-1_sm-5.feat/stats/copeCOPENUM.nii.gz,1,8.581967213114751,0.1229508196721311,0.2540983606557376,0.294059451608625,0.2009536537442487,-0.3811475409836065,0.3975409836065574,-0.9997073531698066,-8.57945572761301
11600,/gpfs/scratch/tug87422/smithlab-shared/sharedreward-aging/derivatives/fsl/sub-11600/L2_task-sharedreward_model-1_type-REPLACEME_sm-5.gfeat/copeCOPENUM.feat/stats/cope1.nii.gz,1,9.581967213114751,0.1229508196721311,0.2540983606557376,7.291263666059528,-0.0173399582732521,-0.3811475409836065,0.3975409836065574,-0.4203418936674854,-4.027702243420412
11622,/gpfs/scratch/tug87422/smithlab-shared/sharedreward-aging/derivatives/fsl/sub-11622/L2_task-sharedreward_model-1_type-REPLACEME_sm-5.gfeat/copeCOPENUM.feat/stats/cope1.nii.gz,1,24.58196721311475,0.1229508196721311,0.2540983606557376,16.425716657887385,-0.0452430208728375,-0.3811475409836065,0.3975409836065574,1.4056438240420128,34.553490395918
11623,/gpfs/scratch/tug87422/smithlab-shared/sharedreward-aging/derivatives/fsl/sub-11623/L1_task-sharedreward_model-1_type-REPLACEME_run-1_sm-5.feat/stats/copeCOPENUM.nii.gz,1,35.58196721311475,0.1229508196721311,0.2540983606557376,-3.3338637881123603,0.0101801332987033,-0.3811475409836065,0.3975409836065574,0.9052945518330506,32.21216106153502
11625,/gpfs/scratch/tug87422/smithlab-shared/sharedreward-aging/derivatives/fsl/sub-11625/L2_task-sharedreward_model-1_type-REPLACEME_sm-5.gfeat/copeCOPENUM.feat/stats/cope1.nii.gz,1,28.58196721311475,0.1229508196721311,0.2540983606557376,-4.086970815816024,0.0165347484245154,0.6188524590163935,-0.6024590163934426,0.5453712547040073,15.58778332092519
11626,/gpfs/scratch/tug87422/smithlab-shared/sharedreward-aging/derivatives/fsl/sub-11626/L2_task-sharedreward_model-1_type-REPLACEME_sm-5.gfeat/copeCOPENUM.feat/stats/cope1.nii.gz,1,27.58196721311475,0.1229508196721311,0.2540983606557376,11.97467802435596,-0.080173154943305,0.6188524590163935,-0.6024590163934426,0.3890227964890205,10.730014017914376
11628,/gpfs/scratch/tug87422/smithlab-shared/sharedreward-aging/derivatives/fsl/sub-11628/L2_task-sharedreward_model-1_type-REPLACEME_sm-5.gfeat/copeCOPENUM.feat/stats/cope1.nii.gz,1,11.581967213114751,0.1229508196721311,0.2540983606557376,17.023624796184883,-0.0462072035071303,-0.3811475409836065,0.3975409836065574,-0.9997073531698066,-11.57857778712243
11631,/gpfs/scratch/tug87422/smithlab-shared/sharedreward-aging/derivatives/fsl/sub-11631/L2_task-sharedreward_model-1_type-REPLACEME_sm-5.gfeat/copeCOPENUM.feat/stats/cope1.nii.gz,1,12.581967213114751,0.1229508196721311,0.2540983606557376,16.747296921382365,-0.0889651464475387,-0.3811475409836065,0.3975409836065574,2.394405196525621,30.12632767759695
11651,/gpfs/scratch/tug87422/smithlab-shared/sharedreward-aging/derivatives/fsl/sub-11651/L2_task-sharedreward_model-1_type-REPLACEME_sm-5.gfeat/copeCOPENUM.feat/stats/cope1.nii.gz,1,18.58196721311475,0.1229508196721311,0.2540983606557376,-0.1387407423488937,-0.0103831088281844,0.6188524590163935,-0.6024590163934426,-0.9997073531698066,-18.57652925931108
11660,/gpfs/scratch/tug87422/smithlab-shared/sharedreward-aging/derivatives/fsl/sub-11660/L2_task-sharedreward_model-1_type-REPLACEME_sm-5.gfeat/copeCOPENUM.feat/stats/cope1.nii.gz,1,-2.4180327868852487,0.1229508196721311,0.2540983606557376,10.16266799106699,-0.0982133284846669,-0.3811475409836065,0.3975409836065574,1.5845257767093877,-3.831435279748114
11670,/gpfs/scratch/tug87422/smithlab-shared/sharedreward-aging/derivatives/fsl/sub-11670/L2_task-sharedreward_model-1_type-REPLACEME_sm-5.gfeat/copeCOPENUM.feat/stats/cope1.nii.gz,1,1.5819672131147513,0.1229508196721311,0.2540983606557376,4.173004528446761,0.0829340816326973,-0.3811475409836065,0.3975409836065574,0.8743777894934663,1.3832369948544156
11679,/gpfs/scratch/tug87422/smithlab-shared/sharedreward-aging/derivatives/fsl/sub-11679/L2_task-sharedreward_model-1_type-REPLACEME_sm-5.gfeat/copeCOPENUM.feat/stats/cope1.nii.gz,1,13.581967213114751,0.1229508196721311,0.2540983606557376,17.939425008776304,-0.0751618533174091,-0.3811475409836065,0.3975409836065574,1.1216129903898362,15.233710861278349
11692,/gpfs/scratch/tug87422/smithlab-shared/sharedreward-aging/derivatives/fsl/sub-11692/L2_task-sharedreward_model-1_type-REPLACEME_sm-5.gfeat/copeCOPENUM.feat/stats/cope1.nii.gz,1,19.58196721311475,0.1229508196721311,0.2540983606557376,-6.284886560347225,0.0157655089067783,-0.3811475409836065,0.3975409836065574,0.8716412314856097,17.068450016550173
11705,/gpfs/scratch/tug87422/smithlab-shared/sharedreward-aging/derivatives/fsl/sub-11705/L2_task-sharedreward_model-1_type-REPLACEME_sm-5.gfeat/copeCOPENUM.feat/stats/cope1.nii.gz,1,10.581967213114751,0.1229508196721311,0.2540983606557376,1.0001234167694903,0.0680353968109982,0.6188524590163935,-0.6024590163934426,-0.1174498066572373,-1.2428500032335523
11709,/gpfs/scratch/tug87422/smithlab-shared/sharedreward-aging/derivatives/fsl/sub-11709/L2_task-sharedreward_model-1_type-REPLACEME_sm-5.gfeat/copeCOPENUM.feat/stats/cope1.nii.gz,1,9.581967213114751,0.1229508196721311,0.2540983606557376,10.43690304836229,0.0289380110352586,-0.3811475409836065,0.3975409836065574,1.3883819033341671,13.303429877029846
11710,/gpfs/scratch/tug87422/smithlab-shared/sharedreward-aging/derivatives/fsl/sub-11710/L2_task-sharedreward_model-1_type-REPLACEME_sm-5.gfeat/copeCOPENUM.feat/stats/cope1.nii.gz,1,27.58196721311475,0.1229508196721311,0.2540983606557376,16.17605460708466,0.0363660825830216,0.6188524590163935,-0.6024590163934426,0.3146165098451638,8.677742259253904
