sub,path,ones,study_demeaned,flip_demeaned,tsnr_demeaned,fd_mean_demeaned,gender_M_demeaned,gender_F_demeaned
104,/gpfs/scratch/tug87422/smithlab-shared/sharedreward-aging/derivatives/fsl/sub-104/L2_task-sharedreward_model-1_type-REPLACEME_sm-5.gfeat/copeCOPENUM.feat/stats/cope1.nii.gz,1,-0.8770491803278688,-0.7459016393442623,43.92662102776436,-0.1044938433099315,0.6188524590163935,-0.6024590163934426
107,/gpfs/scratch/tug87422/smithlab-shared/sharedreward-aging/derivatives/fsl/sub-107/L2_task-sharedreward_model-1_type-REPLACEME_sm-5.gfeat/copeCOPENUM.feat/stats/cope1.nii.gz,1,-0.8770491803278688,-0.7459016393442623,50.23358810414416,-0.0976166011793864,0.6188524590163935,-0.6024590163934426
108,/gpfs/scratch/tug87422/smithlab-shared/sharedreward-aging/derivatives/fsl/sub-108/L2_task-sharedreward_model-1_type-REPLACEME_sm-5.gfeat/copeCOPENUM.feat/stats/cope1.nii.gz,1,-0.8770491803278688,-0.7459016393442623,18.47240804055096,-0.0345459644689666,-0.3811475409836065,0.3975409836065574
111,/gpfs/scratch/tug87422/smithlab-shared/sharedreward-aging/derivatives/fsl/sub-111/L1_task-sharedreward_model-1_type-REPLACEME_run-02_sm-5.feat/stats/copeCOPENUM.nii.gz,1,-0.8770491803278688,-0.7459016393442623,3.2587765780123448,0.169584041387652,0.6188524590163935,-0.6024590163934426
112,/gpfs/scratch/tug87422/smithlab-shared/sharedreward-aging/derivatives/fsl/sub-112/L2_task-sharedreward_model-1_type-REPLACEME_sm-5.gfeat/copeCOPENUM.feat/stats/cope1.nii.gz,1,-0.8770491803278688,-0.7459016393442623,43.78117751656888,-0.0594952129669053,-0.3811475409836065,0.3975409836065574
113,/gpfs/scratch/tug87422/smithlab-shared/sharedreward-aging/derivatives/fsl/sub-113/L2_task-sharedreward_model-1_type-REPLACEME_sm-5.gfeat/copeCOPENUM.feat/stats/cope1.nii.gz,1,-0.8770491803278688,-0.7459016393442623,31.77025358845336,-0.0373629004399981,-0.3811475409836065,0.3975409836065574
115,/gpfs/scratch/tug87422/smithlab-shared/sharedreward-aging/derivatives/fsl/sub-115/L2_task-sharedreward_model-1_type-REPLACEME_sm-5.gfeat/copeCOPENUM.feat/stats/cope1.nii.gz,1,-0.8770491803278688,-0.7459016393442623,51.685058935844296,-0.0400658323560516,-0.3811475409836065,0.3975409836065574
116,/gpfs/scratch/tug87422/smithlab-shared/sharedreward-aging/derivatives/fsl/sub-116/L2_task-sharedreward_model-1_type-REPLACEME_sm-5.gfeat/copeCOPENUM.feat/stats/cope1.nii.gz,1,-0.8770491803278688,-0.7459016393442623,4.559345384718341,0.1045332341119363,-0.3811475409836065,0.3975409836065574
117,/gpfs/scratch/tug87422/smithlab-shared/sharedreward-aging/derivatives/fsl/sub-117/L2_task-sharedreward_model-1_type-REPLACEME_sm-5.gfeat/copeCOPENUM.feat/stats/cope1.nii.gz,1,-0.8770491803278688,-0.7459016393442623,41.98673339421717,-0.0443159466329711,-0.3811475409836065,0.3975409836065574
121,/gpfs/scratch/tug87422/smithlab-shared/sharedreward-aging/derivatives/fsl/sub-121/L2_task-sharedreward_model-1_type-REPLACEME_sm-5.gfeat/copeCOPENUM.feat/stats/cope1.nii.gz,1,-0.8770491803278688,-0.7459016393442623,56.80021595466738,-0.0798653772525029,-0.3811475409836065,0.3975409836065574
122,/gpfs/scratch/tug87422/smithlab-shared/sharedreward-aging/derivatives/fsl/sub-122/L2_task-sharedreward_model-1_type-REPLACEME_sm-5.gfeat/copeCOPENUM.feat/stats/cope1.nii.gz,1,-0.8770491803278688,-0.7459016393442623,60.49100155803231,-0.0470739991277104,-0.3811475409836065,0.3975409836065574
124,/gpfs/scratch/tug87422/smithlab-shared/sharedreward-aging/derivatives/fsl/sub-124/L2_task-sharedreward_model-1_type-REPLACEME_sm-5.gfeat/copeCOPENUM.feat/stats/cope1.nii.gz,1,-0.8770491803278688,-0.7459016393442623,34.357377688291905,-0.0148774055026493,0.6188524590163935,-0.6024590163934426
125,/gpfs/scratch/tug87422/smithlab-shared/sharedreward-aging/derivatives/fsl/sub-125/L2_task-sharedreward_model-1_type-REPLACEME_sm-5.gfeat/copeCOPENUM.feat/stats/cope1.nii.gz,1,-0.8770491803278688,-0.7459016393442623,58.316268313567576,-0.0801733720015906,-0.3811475409836065,0.3975409836065574
128,/gpfs/scratch/tug87422/smithlab-shared/sharedreward-aging/derivatives/fsl/sub-128/L2_task-sharedreward_model-1_type-REPLACEME_sm-5.gfeat/copeCOPENUM.feat/stats/cope1.nii.gz,1,-0.8770491803278688,-0.7459016393442623,27.792502024917358,0.1347944647525081,0.6188524590163935,-0.6024590163934426
136,/gpfs/scratch/tug87422/smithlab-shared/sharedreward-aging/derivatives/fsl/sub-136/L2_task-sharedreward_model-1_type-REPLACEME_sm-5.gfeat/copeCOPENUM.feat/stats/cope1.nii.gz,1,-0.8770491803278688,-0.7459016393442623,32.599527741906655,-0.0132366271575134,-0.3811475409836065,0.3975409836065574
137,/gpfs/scratch/tug87422/smithlab-shared/sharedreward-aging/derivatives/fsl/sub-137/L2_task-sharedreward_model-1_type-REPLACEME_sm-5.gfeat/copeCOPENUM.feat/stats/cope1.nii.gz,1,-0.8770491803278688,-0.7459016393442623,36.00863662357065,0.0767500954647757,0.6188524590163935,-0.6024590163934426
141,/gpfs/scratch/tug87422/smithlab-shared/sharedreward-aging/derivatives/fsl/sub-141/L2_task-sharedreward_model-1_type-REPLACEME_sm-5.gfeat/copeCOPENUM.feat/stats/cope1.nii.gz,1,-0.8770491803278688,-0.7459016393442623,46.59125545342309,-0.0095734308547523,-0.3811475409836065,0.3975409836065574
142,/gpfs/scratch/tug87422/smithlab-shared/sharedreward-aging/derivatives/fsl/sub-142/L2_task-sharedreward_model-1_type-REPLACEME_sm-5.gfeat/copeCOPENUM.feat/stats/cope1.nii.gz,1,-0.8770491803278688,-0.7459016393442623,27.47593254032168,0.0894870747884144,-0.3811475409836065,0.3975409836065574
144,/gpfs/scratch/tug87422/smithlab-shared/sharedreward-aging/derivatives/fsl/sub-144/L2_task-sharedreward_model-1_type-REPLACEME_sm-5.gfeat/copeCOPENUM.feat/stats/cope1.nii.gz,1,-0.8770491803278688,-0.7459016393442623,2.111728484109932,0.1912724482415192,0.6188524590163935,-0.6024590163934426
147,/gpfs/scratch/tug87422/smithlab-shared/sharedreward-aging/derivatives/fsl/sub-147/L2_task-sharedreward_model-1_type-REPLACEME_sm-5.gfeat/copeCOPENUM.feat/stats/cope1.nii.gz,1,-0.8770491803278688,-0.7459016393442623,24.456744325413325,0.0355176198441682,-0.3811475409836065,0.3975409836065574
149,/gpfs/scratch/tug87422/smithlab-shared/sharedreward-aging/derivatives/fsl/sub-149/L1_task-sharedreward_model-1_type-REPLACEME_run-02_sm-5.feat/stats/copeCOPENUM.nii.gz,1,-0.8770491803278688,-0.7459016393442623,12.074816558168692,0.1242379517690282,0.6188524590163935,-0.6024590163934426
150,/gpfs/scratch/tug87422/smithlab-shared/sharedreward-aging/derivatives/fsl/sub-150/L2_task-sharedreward_model-1_type-REPLACEME_sm-5.gfeat/copeCOPENUM.feat/stats/cope1.nii.gz,1,-0.8770491803278688,-0.7459016393442623,13.196640669317873,0.0194726116947296,-0.3811475409836065,0.3975409836065574
151,/gpfs/scratch/tug87422/smithlab-shared/sharedreward-aging/derivatives/fsl/sub-151/L2_task-sharedreward_model-1_type-REPLACEME_sm-5.gfeat/copeCOPENUM.feat/stats/cope1.nii.gz,1,-0.8770491803278688,-0.7459016393442623,22.63464652025928,0.1598810004832937,-0.3811475409836065,0.3975409836065574
153,/gpfs/scratch/tug87422/smithlab-shared/sharedreward-aging/derivatives/fsl/sub-153/L2_task-sharedreward_model-1_type-REPLACEME_sm-5.gfeat/copeCOPENUM.feat/stats/cope1.nii.gz,1,-0.8770491803278688,-0.7459016393442623,14.231368605637414,0.0923617791582809,0.6188524590163935,-0.6024590163934426
154,/gpfs/scratch/tug87422/smithlab-shared/sharedreward-aging/derivatives/fsl/sub-154/L2_task-sharedreward_model-1_type-REPLACEME_sm-5.gfeat/copeCOPENUM.feat/stats/cope1.nii.gz,1,-0.8770491803278688,-0.7459016393442623,19.732355367691213,0.0631335318849203,-0.3811475409836065,0.3975409836065574
155,/gpfs/scratch/tug87422/smithlab-shared/sharedreward-aging/derivatives/fsl/sub-155/L2_task-sharedreward_model-1_type-REPLACEME_sm-5.gfeat/copeCOPENUM.feat/stats/cope1.nii.gz,1,-0.8770491803278688,-0.7459016393442623,35.95150253928355,-0.0824046241714729,0.6188524590163935,-0.6024590163934426
156,/gpfs/scratch/tug87422/smithlab-shared/sharedreward-aging/derivatives/fsl/sub-156/L2_task-sharedreward_model-1_type-REPLACEME_sm-5.gfeat/copeCOPENUM.feat/stats/cope1.nii.gz,1,-0.8770491803278688,-0.7459016393442623,4.020755653277462,0.0482230877978192,-0.3811475409836065,0.3975409836065574
157,/gpfs/scratch/tug87422/smithlab-shared/sharedreward-aging/derivatives/fsl/sub-157/L2_task-sharedreward_model-1_type-REPLACEME_sm-5.gfeat/copeCOPENUM.feat/stats/cope1.nii.gz,1,-0.8770491803278688,-0.7459016393442623,10.077024753562595,-0.0237018369325206,0.6188524590163935,-0.6024590163934426
158,/gpfs/scratch/tug87422/smithlab-shared/sharedreward-aging/derivatives/fsl/sub-158/L2_task-sharedreward_model-1_type-REPLACEME_sm-5.gfeat/copeCOPENUM.feat/stats/cope1.nii.gz,1,-0.8770491803278688,-0.7459016393442623,17.172915420793885,-0.0150706102815839,0.6188524590163935,-0.6024590163934426
159,/gpfs/scratch/tug87422/smithlab-shared/sharedreward-aging/derivatives/fsl/sub-159/L2_task-sharedreward_model-1_type-REPLACEME_sm-5.gfeat/copeCOPENUM.feat/stats/cope1.nii.gz,1,-0.8770491803278688,-0.7459016393442623,45.80610236794078,-0.0848025641766251,-0.3811475409836065,0.3975409836065574
10317,/gpfs/scratch/tug87422/smithlab-shared/sharedreward-aging/derivatives/fsl/sub-10317/L2_task-sharedreward_model-1_type-REPLACEME_sm-5.gfeat/copeCOPENUM.feat/stats/cope1.nii.gz,1,0.1229508196721311,-0.7459016393442623,-15.705669852082195,0.0055208595469859,-0.3811475409836065,0.3975409836065574
10369,/gpfs/scratch/tug87422/smithlab-shared/sharedreward-aging/derivatives/fsl/sub-10369/L2_task-sharedreward_model-1_type-REPLACEME_sm-5.gfeat/copeCOPENUM.feat/stats/cope1.nii.gz,1,0.1229508196721311,-0.7459016393442623,-14.730029024001254,-0.0616321525369414,0.6188524590163935,-0.6024590163934426
10402,/gpfs/scratch/tug87422/smithlab-shared/sharedreward-aging/derivatives/fsl/sub-10402/L2_task-sharedreward_model-1_type-REPLACEME_sm-5.gfeat/copeCOPENUM.feat/stats/cope1.nii.gz,1,0.1229508196721311,-0.7459016393442623,-14.344277460585856,0.0045117462865373,0.6188524590163935,-0.6024590163934426
10462,/gpfs/scratch/tug87422/smithlab-shared/sharedreward-aging/derivatives/fsl/sub-10462/L1_task-sharedreward_model-1_type-REPLACEME_run-1_sm-5.feat/stats/copeCOPENUM.nii.gz,1,0.1229508196721311,-0.7459016393442623,-14.86667330690338,-0.0401161178349165,0.6188524590163935,-0.6024590163934426
10486,/gpfs/scratch/tug87422/smithlab-shared/sharedreward-aging/derivatives/fsl/sub-10486/L2_task-sharedreward_model-1_type-REPLACEME_sm-5.gfeat/copeCOPENUM.feat/stats/cope1.nii.gz,1,0.1229508196721311,-0.7459016393442623,-14.18939598945812,-0.0288675367903306,-0.3811475409836065,0.3975409836065574
10529,/gpfs/scratch/tug87422/smithlab-shared/sharedreward-aging/derivatives/fsl/sub-10529/L2_task-sharedreward_model-1_type-REPLACEME_sm-5.gfeat/copeCOPENUM.feat/stats/cope1.nii.gz,1,0.1229508196721311,-0.7459016393442623,-13.695938793235968,0.0124001896232448,0.6188524590163935,-0.6024590163934426
10541,/gpfs/scratch/tug87422/smithlab-shared/sharedreward-aging/derivatives/fsl/sub-10541/L2_task-sharedreward_model-1_type-REPLACEME_sm-5.gfeat/copeCOPENUM.feat/stats/cope1.nii.gz,1,0.1229508196721311,-0.7459016393442623,-18.630635335393293,0.1531756519121648,0.6188524590163935,-0.6024590163934426
10559,/gpfs/scratch/tug87422/smithlab-shared/sharedreward-aging/derivatives/fsl/sub-10559/L2_task-sharedreward_model-1_type-REPLACEME_sm-5.gfeat/copeCOPENUM.feat/stats/cope1.nii.gz,1,0.1229508196721311,-0.7459016393442623,-18.030557803452524,0.0548660229457743,0.6188524590163935,-0.6024590163934426
10572,/gpfs/scratch/tug87422/smithlab-shared/sharedreward-aging/derivatives/fsl/sub-10572/L2_task-sharedreward_model-1_type-REPLACEME_sm-5.gfeat/copeCOPENUM.feat/stats/cope1.nii.gz,1,0.1229508196721311,-0.7459016393442623,-18.93395835387432,0.1209896123491176,-0.3811475409836065,0.3975409836065574
10585,/gpfs/scratch/tug87422/smithlab-shared/sharedreward-aging/derivatives/fsl/sub-10585/L2_task-sharedreward_model-1_type-REPLACEME_sm-5.gfeat/copeCOPENUM.feat/stats/cope1.nii.gz,1,0.1229508196721311,-0.7459016393442623,-17.257199163307945,0.0647802348345761,-0.3811475409836065,0.3975409836065574
10589,/gpfs/scratch/tug87422/smithlab-shared/sharedreward-aging/derivatives/fsl/sub-10589/L2_task-sharedreward_model-1_type-REPLACEME_sm-5.gfeat/copeCOPENUM.feat/stats/cope1.nii.gz,1,0.1229508196721311,-0.7459016393442623,-15.194504628706769,-0.0659825679158641,0.6188524590163935,-0.6024590163934426
10590,/gpfs/scratch/tug87422/smithlab-shared/sharedreward-aging/derivatives/fsl/sub-10590/L2_task-sharedreward_model-1_type-REPLACEME_sm-5.gfeat/copeCOPENUM.feat/stats/cope1.nii.gz,1,0.1229508196721311,-0.7459016393442623,-12.093481245559218,-0.0419808143433511,-0.3811475409836065,0.3975409836065574
10596,/gpfs/scratch/tug87422/smithlab-shared/sharedreward-aging/derivatives/fsl/sub-10596/L2_task-sharedreward_model-1_type-REPLACEME_sm-5.gfeat/copeCOPENUM.feat/stats/cope1.nii.gz,1,0.1229508196721311,-0.7459016393442623,-13.742277097647587,0.070144895638536,-0.3811475409836065,0.3975409836065574
10608,/gpfs/scratch/tug87422/smithlab-shared/sharedreward-aging/derivatives/fsl/sub-10608/L1_task-sharedreward_model-1_type-REPLACEME_run-1_sm-5.feat/stats/copeCOPENUM.nii.gz,1,0.1229508196721311,-0.7459016393442623,-10.505839954937386,-0.0480189376314874,-0.3811475409836065,0.3975409836065574
10617,/gpfs/scratch/tug87422/smithlab-shared/sharedreward-aging/derivatives/fsl/sub-10617/L1_task-sharedreward_model-1_type-REPLACEME_run-1_sm-5.feat/stats/copeCOPENUM.nii.gz,1,0.1229508196721311,-0.7459016393442623,-15.489604609195652,0.0389229804899613,-0.3811475409836065,0.3975409836065574
10636,/gpfs/scratch/tug87422/smithlab-shared/sharedreward-aging/derivatives/fsl/sub-10636/L2_task-sharedreward_model-1_type-REPLACEME_sm-5.gfeat/copeCOPENUM.feat/stats/cope1.nii.gz,1,0.1229508196721311,-0.7459016393442623,-15.044019203392368,-0.034272118062968,-0.3811475409836065,0.3975409836065574
10638,/gpfs/scratch/tug87422/smithlab-shared/sharedreward-aging/derivatives/fsl/sub-10638/L2_task-sharedreward_model-1_type-REPLACEME_sm-5.gfeat/copeCOPENUM.feat/stats/cope1.nii.gz,1,0.1229508196721311,-0.7459016393442623,-12.788962894053242,-0.0024153009745873,-0.3811475409836065,0.3975409836065574
10640,/gpfs/scratch/tug87422/smithlab-shared/sharedreward-aging/derivatives/fsl/sub-10640/L2_task-sharedreward_model-1_type-REPLACEME_sm-5.gfeat/copeCOPENUM.feat/stats/cope1.nii.gz,1,0.1229508196721311,0.2540983606557376,-1.3903117179791875,-0.0917328453613883,-0.3811475409836065,0.3975409836065574
10641,/gpfs/scratch/tug87422/smithlab-shared/sharedreward-aging/derivatives/fsl/sub-10641/L1_task-sharedreward_model-1_type-REPLACEME_run-1_sm-5.feat/stats/copeCOPENUM.nii.gz,1,0.1229508196721311,-0.7459016393442623,-14.7900641440568,0.0346768961086121,-0.3811475409836065,0.3975409836065574
10642,/gpfs/scratch/tug87422/smithlab-shared/sharedreward-aging/derivatives/fsl/sub-10642/L2_task-sharedreward_model-1_type-REPLACEME_sm-5.gfeat/copeCOPENUM.feat/stats/cope1.nii.gz,1,0.1229508196721311,0.2540983606557376,0.852889923910567,0.0655029443277469,-0.3811475409836065,0.3975409836065574
10644,/gpfs/scratch/tug87422/smithlab-shared/sharedreward-aging/derivatives/fsl/sub-10644/L2_task-sharedreward_model-1_type-REPLACEME_sm-5.gfeat/copeCOPENUM.feat/stats/cope1.nii.gz,1,0.1229508196721311,-0.7459016393442623,-18.832276699067137,0.0042228602207208,-0.3811475409836065,0.3975409836065574
10647,/gpfs/scratch/tug87422/smithlab-shared/sharedreward-aging/derivatives/fsl/sub-10647/L2_task-sharedreward_model-1_type-REPLACEME_sm-5.gfeat/copeCOPENUM.feat/stats/cope1.nii.gz,1,0.1229508196721311,0.2540983606557376,3.659749122810041,-0.0795430347866775,-0.3811475409836065,0.3975409836065574
10649,/gpfs/scratch/tug87422/smithlab-shared/sharedreward-aging/derivatives/fsl/sub-10649/L2_task-sharedreward_model-1_type-REPLACEME_sm-5.gfeat/copeCOPENUM.feat/stats/cope1.nii.gz,1,0.1229508196721311,-0.7459016393442623,-17.556078306536932,0.0522418286032478,-0.3811475409836065,0.3975409836065574
10652,/gpfs/scratch/tug87422/smithlab-shared/sharedreward-aging/derivatives/fsl/sub-10652/L2_task-sharedreward_model-1_type-REPLACEME_sm-5.gfeat/copeCOPENUM.feat/stats/cope1.nii.gz,1,0.1229508196721311,-0.7459016393442623,-12.364526134383908,-0.0087073094739366,-0.3811475409836065,0.3975409836065574
10656,/gpfs/scratch/tug87422/smithlab-shared/sharedreward-aging/derivatives/fsl/sub-10656/L2_task-sharedreward_model-1_type-REPLACEME_sm-5.gfeat/copeCOPENUM.feat/stats/cope1.nii.gz,1,0.1229508196721311,-0.7459016393442623,-15.401507698777408,-0.0632633814833752,0.6188524590163935,-0.6024590163934426
10657,/gpfs/scratch/tug87422/smithlab-shared/sharedreward-aging/derivatives/fsl/sub-10657/L2_task-sharedreward_model-1_type-REPLACEME_sm-5.gfeat/copeCOPENUM.feat/stats/cope1.nii.gz,1,0.1229508196721311,-0.7459016393442623,-17.28455476229223,0.1051642980585047,0.6188524590163935,-0.6024590163934426
10661,/gpfs/scratch/tug87422/smithlab-shared/sharedreward-aging/derivatives/fsl/sub-10661/L2_task-sharedreward_model-1_type-REPLACEME_sm-5.gfeat/copeCOPENUM.feat/stats/cope1.nii.gz,1,0.1229508196721311,-0.7459016393442623,-13.40499065373237,-0.0891399406857694,0.6188524590163935,-0.6024590163934426
10663,/gpfs/scratch/tug87422/smithlab-shared/sharedreward-aging/derivatives/fsl/sub-10663/L2_task-sharedreward_model-1_type-REPLACEME_sm-5.gfeat/copeCOPENUM.feat/stats/cope1.nii.gz,1,0.1229508196721311,-0.7459016393442623,-12.55028861283003,-0.0100752479874555,-0.3811475409836065,0.3975409836065574
10668,/gpfs/scratch/tug87422/smithlab-shared/sharedreward-aging/derivatives/fsl/sub-10668/L1_task-sharedreward_model-1_type-REPLACEME_run-1_sm-5.feat/stats/copeCOPENUM.nii.gz,1,0.1229508196721311,0.2540983606557376,-3.1399089632244284,-0.1038561162837196,-0.3811475409836065,0.3975409836065574
10673,/gpfs/scratch/tug87422/smithlab-shared/sharedreward-aging/derivatives/fsl/sub-10673/L2_task-sharedreward_model-1_type-REPLACEME_sm-5.gfeat/copeCOPENUM.feat/stats/cope1.nii.gz,1,0.1229508196721311,-0.7459016393442623,-14.08419435843038,0.1312614797509529,-0.3811475409836065,0.3975409836065574
10674,/gpfs/scratch/tug87422/smithlab-shared/sharedreward-aging/derivatives/fsl/sub-10674/L2_task-sharedreward_model-1_type-REPLACEME_sm-5.gfeat/copeCOPENUM.feat/stats/cope1.nii.gz,1,0.1229508196721311,-0.7459016393442623,-13.911502911643169,-0.0651040770790505,0.6188524590163935,-0.6024590163934426
10677,/gpfs/scratch/tug87422/smithlab-shared/sharedreward-aging/derivatives/fsl/sub-10677/L2_task-sharedreward_model-1_type-REPLACEME_sm-5.gfeat/copeCOPENUM.feat/stats/cope1.nii.gz,1,0.1229508196721311,-0.7459016393442623,-18.52612314907978,0.0266616844244219,-0.3811475409836065,0.3975409836065574
10685,/gpfs/scratch/tug87422/smithlab-shared/sharedreward-aging/derivatives/fsl/sub-10685/L2_task-sharedreward_model-1_type-REPLACEME_sm-5.gfeat/copeCOPENUM.feat/stats/cope1.nii.gz,1,0.1229508196721311,0.2540983606557376,-8.305832085424612,-0.0580920585160676,0.6188524590163935,-0.6024590163934426
10690,/gpfs/scratch/tug87422/smithlab-shared/sharedreward-aging/derivatives/fsl/sub-10690/L2_task-sharedreward_model-1_type-REPLACEME_sm-5.gfeat/copeCOPENUM.feat/stats/cope1.nii.gz,1,0.1229508196721311,0.2540983606557376,-3.840772299786608,0.0566314719104432,-0.3811475409836065,0.3975409836065574
10691,/gpfs/scratch/tug87422/smithlab-shared/sharedreward-aging/derivatives/fsl/sub-10691/L2_task-sharedreward_model-1_type-REPLACEME_sm-5.gfeat/copeCOPENUM.feat/stats/cope1.nii.gz,1,0.1229508196721311,-0.7459016393442623,-12.952751133874102,-0.0342513667039646,-0.3811475409836065,0.3975409836065574
10701,/gpfs/scratch/tug87422/smithlab-shared/sharedreward-aging/derivatives/fsl/sub-10701/L2_task-sharedreward_model-1_type-REPLACEME_sm-5.gfeat/copeCOPENUM.feat/stats/cope1.nii.gz,1,0.1229508196721311,-0.7459016393442623,-13.926628258304248,-0.1100713674306614,0.6188524590163935,-0.6024590163934426
10713,/gpfs/scratch/tug87422/smithlab-shared/sharedreward-aging/derivatives/fsl/sub-10713/L2_task-sharedreward_model-1_type-REPLACEME_sm-5.gfeat/copeCOPENUM.feat/stats/cope1.nii.gz,1,0.1229508196721311,0.2540983606557376,-8.817350990305698,0.1669775070161066,-0.3811475409836065,0.3975409836065574
10716,/gpfs/scratch/tug87422/smithlab-shared/sharedreward-aging/derivatives/fsl/sub-10716/L2_task-sharedreward_model-1_type-REPLACEME_sm-5.gfeat/copeCOPENUM.feat/stats/cope1.nii.gz,1,0.1229508196721311,0.2540983606557376,0.1062375322877926,-0.0138555201859705,0.6188524590163935,-0.6024590163934426
10718,/gpfs/scratch/tug87422/smithlab-shared/sharedreward-aging/derivatives/fsl/sub-10718/L2_task-sharedreward_model-1_type-REPLACEME_sm-5.gfeat/copeCOPENUM.feat/stats/cope1.nii.gz,1,0.1229508196721311,0.2540983606557376,-7.983565881083763,0.0709745605583127,-0.3811475409836065,-0.6024590163934426
10720,/gpfs/scratch/tug87422/smithlab-shared/sharedreward-aging/derivatives/fsl/sub-10720/L2_task-sharedreward_model-1_type-REPLACEME_sm-5.gfeat/copeCOPENUM.feat/stats/cope1.nii.gz,1,0.1229508196721311,0.2540983606557376,7.259401552910873,-0.0784088027141604,-0.3811475409836065,0.3975409836065574
10723,/gpfs/scratch/tug87422/smithlab-shared/sharedreward-aging/derivatives/fsl/sub-10723/L2_task-sharedreward_model-1_type-REPLACEME_sm-5.gfeat/copeCOPENUM.feat/stats/cope1.nii.gz,1,0.1229508196721311,-0.7459016393442623,-16.77006049622227,-0.0574043468149616,0.6188524590163935,-0.6024590163934426
10741,/gpfs/scratch/tug87422/smithlab-shared/sharedreward-aging/derivatives/fsl/sub-10741/L2_task-sharedreward_model-1_type-REPLACEME_sm-5.gfeat/copeCOPENUM.feat/stats/cope1.nii.gz,1,0.1229508196721311,-0.7459016393442623,-16.580824268159034,0.0207870391973692,-0.3811475409836065,0.3975409836065574
10748,/gpfs/scratch/tug87422/smithlab-shared/sharedreward-aging/derivatives/fsl/sub-10748/L2_task-sharedreward_model-1_type-REPLACEME_sm-5.gfeat/copeCOPENUM.feat/stats/cope1.nii.gz,1,0.1229508196721311,0.2540983606557376,2.133767259606117,-0.085173496511669,-0.3811475409836065,0.3975409836065574
10767,/gpfs/scratch/tug87422/smithlab-shared/sharedreward-aging/derivatives/fsl/sub-10767/L2_task-sharedreward_model-1_type-REPLACEME_sm-5.gfeat/copeCOPENUM.feat/stats/cope1.nii.gz,1,0.1229508196721311,0.2540983606557376,0.3796431185989206,-0.0885385085870655,-0.3811475409836065,0.3975409836065574
10770,/gpfs/scratch/tug87422/smithlab-shared/sharedreward-aging/derivatives/fsl/sub-10770/L2_task-sharedreward_model-1_type-REPLACEME_sm-5.gfeat/copeCOPENUM.feat/stats/cope1.nii.gz,1,0.1229508196721311,0.2540983606557376,-9.99834213774679,0.0508838264127825,0.6188524590163935,-0.6024590163934426
10777,/gpfs/scratch/tug87422/smithlab-shared/sharedreward-aging/derivatives/fsl/sub-10777/L2_task-sharedreward_model-1_type-REPLACEME_sm-5.gfeat/copeCOPENUM.feat/stats/cope1.nii.gz,1,0.1229508196721311,0.2540983606557376,-1.41269950038199,-0.0455189839461846,0.6188524590163935,-0.6024590163934426
10781,/gpfs/scratch/tug87422/smithlab-shared/sharedreward-aging/derivatives/fsl/sub-10781/L2_task-sharedreward_model-1_type-REPLACEME_sm-5.gfeat/copeCOPENUM.feat/stats/cope1.nii.gz,1,0.1229508196721311,0.2540983606557376,-3.1727699725518903,-0.0889532985272247,0.6188524590163935,-0.6024590163934426
10783,/gpfs/scratch/tug87422/smithlab-shared/sharedreward-aging/derivatives/fsl/sub-10783/L2_task-sharedreward_model-1_type-REPLACEME_sm-5.gfeat/copeCOPENUM.feat/stats/cope1.nii.gz,1,0.1229508196721311,0.2540983606557376,-2.53717208233806,0.1331822535765135,-0.3811475409836065,0.3975409836065574
10785,/gpfs/scratch/tug87422/smithlab-shared/sharedreward-aging/derivatives/fsl/sub-10785/L2_task-sharedreward_model-1_type-REPLACEME_sm-5.gfeat/copeCOPENUM.feat/stats/cope1.nii.gz,1,0.1229508196721311,0.2540983606557376,-2.524542046004484,0.0165736874029666,-0.3811475409836065,0.3975409836065574
10794,/gpfs/scratch/tug87422/smithlab-shared/sharedreward-aging/derivatives/fsl/sub-10794/L2_task-sharedreward_model-1_type-REPLACEME_sm-5.gfeat/copeCOPENUM.feat/stats/cope1.nii.gz,1,0.1229508196721311,0.2540983606557376,-2.08109678426203,-0.1237249125858859,0.6188524590163935,-0.6024590163934426
10800,/gpfs/scratch/tug87422/smithlab-shared/sharedreward-aging/derivatives/fsl/sub-10800/L2_task-sharedreward_model-1_type-REPLACEME_sm-5.gfeat/copeCOPENUM.feat/stats/cope1.nii.gz,1,0.1229508196721311,0.2540983606557376,-10.59312368922778,-0.0059427182324748,-0.3811475409836065,0.3975409836065574
10801,/gpfs/scratch/tug87422/smithlab-shared/sharedreward-aging/derivatives/fsl/sub-10801/L2_task-sharedreward_model-1_type-REPLACEME_sm-5.gfeat/copeCOPENUM.feat/stats/cope1.nii.gz,1,0.1229508196721311,0.2540983606557376,-3.286744660107928,-0.0046071610769579,-0.3811475409836065,0.3975409836065574
10802,/gpfs/scratch/tug87422/smithlab-shared/sharedreward-aging/derivatives/fsl/sub-10802/L2_task-sharedreward_model-1_type-REPLACEME_sm-5.gfeat/copeCOPENUM.feat/stats/cope1.nii.gz,1,0.1229508196721311,0.2540983606557376,-6.375958111012864,-0.0457658003488588,-0.3811475409836065,0.3975409836065574
10804,/gpfs/scratch/tug87422/smithlab-shared/sharedreward-aging/derivatives/fsl/sub-10804/L2_task-sharedreward_model-1_type-REPLACEME_sm-5.gfeat/copeCOPENUM.feat/stats/cope1.nii.gz,1,0.1229508196721311,0.2540983606557376,4.0573481271937055,-0.0545514756015253,-0.3811475409836065,0.3975409836065574
10806,/gpfs/scratch/tug87422/smithlab-shared/sharedreward-aging/derivatives/fsl/sub-10806/L2_task-sharedreward_model-1_type-REPLACEME_sm-5.gfeat/copeCOPENUM.feat/stats/cope1.nii.gz,1,0.1229508196721311,0.2540983606557376,-16.660765162719457,0.1393257554017125,0.6188524590163935,-0.6024590163934426
10809,/gpfs/scratch/tug87422/smithlab-shared/sharedreward-aging/derivatives/fsl/sub-10809/L1_task-sharedreward_model-1_type-REPLACEME_run-2_sm-5.feat/stats/copeCOPENUM.nii.gz,1,0.1229508196721311,0.2540983606557376,3.869497113752601,-0.0996802508445922,0.6188524590163935,-0.6024590163934426
10812,/gpfs/scratch/tug87422/smithlab-shared/sharedreward-aging/derivatives/fsl/sub-10812/L2_task-sharedreward_model-1_type-REPLACEME_sm-5.gfeat/copeCOPENUM.feat/stats/cope1.nii.gz,1,0.1229508196721311,0.2540983606557376,-6.737460862022402,-0.0211194781090573,0.6188524590163935,-0.6024590163934426
10831,/gpfs/scratch/tug87422/smithlab-shared/sharedreward-aging/derivatives/fsl/sub-10831/L2_task-sharedreward_model-1_type-REPLACEME_sm-5.gfeat/copeCOPENUM.feat/stats/cope1.nii.gz,1,0.1229508196721311,0.2540983606557376,-8.446433831347662,0.125357578842658,-0.3811475409836065,0.3975409836065574
10843,/gpfs/scratch/tug87422/smithlab-shared/sharedreward-aging/derivatives/fsl/sub-10843/L2_task-sharedreward_model-1_type-REPLACEME_sm-5.gfeat/copeCOPENUM.feat/stats/cope1.nii.gz,1,0.1229508196721311,0.2540983606557376,6.5025483875148495,-0.0635245738327762,0.6188524590163935,-0.6024590163934426
10850,/gpfs/scratch/tug87422/smithlab-shared/sharedreward-aging/derivatives/fsl/sub-10850/L2_task-sharedreward_model-1_type-REPLACEME_sm-5.gfeat/copeCOPENUM.feat/stats/cope1.nii.gz,1,0.1229508196721311,0.2540983606557376,3.785076310516757,-0.0989953457344129,-0.3811475409836065,-0.6024590163934426
10854,/gpfs/scratch/tug87422/smithlab-shared/sharedreward-aging/derivatives/fsl/sub-10854/L2_task-sharedreward_model-1_type-REPLACEME_sm-5.gfeat/copeCOPENUM.feat/stats/cope1.nii.gz,1,0.1229508196721311,0.2540983606557376,-2.915809808465696,-0.0473839614592613,-0.3811475409836065,0.3975409836065574
10857,/gpfs/scratch/tug87422/smithlab-shared/sharedreward-aging/derivatives/fsl/sub-10857/L2_task-sharedreward_model-1_type-REPLACEME_sm-5.gfeat/copeCOPENUM.feat/stats/cope1.nii.gz,1,0.1229508196721311,0.2540983606557376,-5.915918165897296,0.0056908202263114,0.6188524590163935,-0.6024590163934426
10858,/gpfs/scratch/tug87422/smithlab-shared/sharedreward-aging/derivatives/fsl/sub-10858/L2_task-sharedreward_model-1_type-REPLACEME_sm-5.gfeat/copeCOPENUM.feat/stats/cope1.nii.gz,1,0.1229508196721311,0.2540983606557376,-13.551467481527055,0.0579678456751127,0.6188524590163935,-0.6024590163934426
10862,/gpfs/scratch/tug87422/smithlab-shared/sharedreward-aging/derivatives/fsl/sub-10862/L2_task-sharedreward_model-1_type-REPLACEME_sm-5.gfeat/copeCOPENUM.feat/stats/cope1.nii.gz,1,0.1229508196721311,0.2540983606557376,-7.288432309279727,-0.0131434863039814,0.6188524590163935,-0.6024590163934426
10863,/gpfs/scratch/tug87422/smithlab-shared/sharedreward-aging/derivatives/fsl/sub-10863/L2_task-sharedreward_model-1_type-REPLACEME_sm-5.gfeat/copeCOPENUM.feat/stats/cope1.nii.gz,1,0.1229508196721311,0.2540983606557376,-4.105453879680994,-0.0429375828840832,0.6188524590163935,-0.6024590163934426
10875,/gpfs/scratch/tug87422/smithlab-shared/sharedreward-aging/derivatives/fsl/sub-10875/L2_task-sharedreward_model-1_type-REPLACEME_sm-5.gfeat/copeCOPENUM.feat/stats/cope1.nii.gz,1,0.1229508196721311,0.2540983606557376,-8.402085013563322,-0.0312490642808362,0.6188524590163935,-0.6024590163934426
10887,/gpfs/scratch/tug87422/smithlab-shared/sharedreward-aging/derivatives/fsl/sub-10887/L2_task-sharedreward_model-1_type-REPLACEME_sm-5.gfeat/copeCOPENUM.feat/stats/cope1.nii.gz,1,0.1229508196721311,0.2540983606557376,-18.139840055423832,0.1133022451402049,-0.3811475409836065,0.3975409836065574
10896,/gpfs/scratch/tug87422/smithlab-shared/sharedreward-aging/derivatives/fsl/sub-10896/L2_task-sharedreward_model-1_type-REPLACEME_sm-5.gfeat/copeCOPENUM.feat/stats/cope1.nii.gz,1,0.1229508196721311,0.2540983606557376,-2.337898985503984,0.0027989923460577,-0.3811475409836065,0.3975409836065574
10897,/gpfs/scratch/tug87422/smithlab-shared/sharedreward-aging/derivatives/fsl/sub-10897/L1_task-sharedreward_model-1_type-REPLACEME_run-1_sm-5.feat/stats/copeCOPENUM.nii.gz,1,0.1229508196721311,0.2540983606557376,-8.366014199265322,-0.0313198565795487,-0.3811475409836065,0.3975409836065574
10898,/gpfs/scratch/tug87422/smithlab-shared/sharedreward-aging/derivatives/fsl/sub-10898/L2_task-sharedreward_model-1_type-REPLACEME_sm-5.gfeat/copeCOPENUM.feat/stats/cope1.nii.gz,1,0.1229508196721311,0.2540983606557376,-10.405942986595022,0.0965139951916127,-0.3811475409836065,0.3975409836065574
10908,/gpfs/scratch/tug87422/smithlab-shared/sharedreward-aging/derivatives/fsl/sub-10908/L2_task-sharedreward_model-1_type-REPLACEME_sm-5.gfeat/copeCOPENUM.feat/stats/cope1.nii.gz,1,0.1229508196721311,0.2540983606557376,-16.748524304587903,0.1211393000377467,-0.3811475409836065,0.3975409836065574
10918,/gpfs/scratch/tug87422/smithlab-shared/sharedreward-aging/derivatives/fsl/sub-10918/L2_task-sharedreward_model-1_type-REPLACEME_sm-5.gfeat/copeCOPENUM.feat/stats/cope1.nii.gz,1,0.1229508196721311,0.2540983606557376,-2.565765015773053,-0.0688828468247065,-0.3811475409836065,-0.6024590163934426
10919,/gpfs/scratch/tug87422/smithlab-shared/sharedreward-aging/derivatives/fsl/sub-10919/L2_task-sharedreward_model-1_type-REPLACEME_sm-5.gfeat/copeCOPENUM.feat/stats/cope1.nii.gz,1,0.1229508196721311,0.2540983606557376,-14.518930050827606,0.0791531214401242,-0.3811475409836065,0.3975409836065574
10924,/gpfs/scratch/tug87422/smithlab-shared/sharedreward-aging/derivatives/fsl/sub-10924/L2_task-sharedreward_model-1_type-REPLACEME_sm-5.gfeat/copeCOPENUM.feat/stats/cope1.nii.gz,1,0.1229508196721311,0.2540983606557376,5.3384834693357845,-0.0372478193322165,-0.3811475409836065,0.3975409836065574
10928,/gpfs/scratch/tug87422/smithlab-shared/sharedreward-aging/derivatives/fsl/sub-10928/L2_task-sharedreward_model-1_type-REPLACEME_sm-5.gfeat/copeCOPENUM.feat/stats/cope1.nii.gz,1,0.1229508196721311,0.2540983606557376,-3.6158473683093177,0.0540276328848519,-0.3811475409836065,0.3975409836065574
10929,/gpfs/scratch/tug87422/smithlab-shared/sharedreward-aging/derivatives/fsl/sub-10929/L2_task-sharedreward_model-1_type-REPLACEME_sm-5.gfeat/copeCOPENUM.feat/stats/cope1.nii.gz,1,0.1229508196721311,0.2540983606557376,-1.590961588189515,-0.0115512102681882,-0.3811475409836065,0.3975409836065574
10930,/gpfs/scratch/tug87422/smithlab-shared/sharedreward-aging/derivatives/fsl/sub-10930/L2_task-sharedreward_model-1_type-REPLACEME_sm-5.gfeat/copeCOPENUM.feat/stats/cope1.nii.gz,1,0.1229508196721311,0.2540983606557376,-2.1740082567187926,-0.0810950154039416,-0.3811475409836065,0.3975409836065574
10950,/gpfs/scratch/tug87422/smithlab-shared/sharedreward-aging/derivatives/fsl/sub-10950/L2_task-sharedreward_model-1_type-REPLACEME_sm-5.gfeat/copeCOPENUM.feat/stats/cope1.nii.gz,1,0.1229508196721311,0.2540983606557376,-14.089791952566287,0.18034038077937,-0.3811475409836065,0.3975409836065574
10951,/gpfs/scratch/tug87422/smithlab-shared/sharedreward-aging/derivatives/fsl/sub-10951/L2_task-sharedreward_model-1_type-REPLACEME_sm-5.gfeat/copeCOPENUM.feat/stats/cope1.nii.gz,1,0.1229508196721311,0.2540983606557376,-10.44219453987111,0.091115765210549,0.6188524590163935,-0.6024590163934426
10952,/gpfs/scratch/tug87422/smithlab-shared/sharedreward-aging/derivatives/fsl/sub-10952/L2_task-sharedreward_model-1_type-REPLACEME_sm-5.gfeat/copeCOPENUM.feat/stats/cope1.nii.gz,1,0.1229508196721311,0.2540983606557376,-9.646641761871564,-0.0262221407881463,0.6188524590163935,-0.6024590163934426
10953,/gpfs/scratch/tug87422/smithlab-shared/sharedreward-aging/derivatives/fsl/sub-10953/L1_task-sharedreward_model-1_type-REPLACEME_run-1_sm-5.feat/stats/copeCOPENUM.nii.gz,1,0.1229508196721311,0.2540983606557376,-8.589898065539586,0.1923556199697464,-0.3811475409836065,0.3975409836065574
10954,/gpfs/scratch/tug87422/smithlab-shared/sharedreward-aging/derivatives/fsl/sub-10954/L1_task-sharedreward_model-1_type-REPLACEME_run-1_sm-5.feat/stats/copeCOPENUM.nii.gz,1,0.1229508196721311,0.2540983606557376,-15.862424287355084,0.2663464401780873,-0.3811475409836065,0.3975409836065574
10956,/gpfs/scratch/tug87422/smithlab-shared/sharedreward-aging/derivatives/fsl/sub-10956/L2_task-sharedreward_model-1_type-REPLACEME_sm-5.gfeat/copeCOPENUM.feat/stats/cope1.nii.gz,1,0.1229508196721311,0.2540983606557376,5.95961220819359,-0.0985512941992263,-0.3811475409836065,0.3975409836065574
10958,/gpfs/scratch/tug87422/smithlab-shared/sharedreward-aging/derivatives/fsl/sub-10958/L2_task-sharedreward_model-1_type-REPLACEME_sm-5.gfeat/copeCOPENUM.feat/stats/cope1.nii.gz,1,0.1229508196721311,0.2540983606557376,-9.020777338351166,0.0511846680621375,-0.3811475409836065,0.3975409836065574
10961,/gpfs/scratch/tug87422/smithlab-shared/sharedreward-aging/derivatives/fsl/sub-10961/L2_task-sharedreward_model-1_type-REPLACEME_sm-5.gfeat/copeCOPENUM.feat/stats/cope1.nii.gz,1,0.1229508196721311,0.2540983606557376,1.8997359999126784,-0.0449162688725528,-0.3811475409836065,0.3975409836065574
10964,/gpfs/scratch/tug87422/smithlab-shared/sharedreward-aging/derivatives/fsl/sub-10964/L2_task-sharedreward_model-1_type-REPLACEME_sm-5.gfeat/copeCOPENUM.feat/stats/cope1.nii.gz,1,0.1229508196721311,0.2540983606557376,-8.08069945143447,0.0779708652068339,-0.3811475409836065,0.3975409836065574
10966,/gpfs/scratch/tug87422/smithlab-shared/sharedreward-aging/derivatives/fsl/sub-10966/L2_task-sharedreward_model-1_type-REPLACEME_sm-5.gfeat/copeCOPENUM.feat/stats/cope1.nii.gz,1,0.1229508196721311,0.2540983606557376,-5.8695754852008974,-0.0491802577516925,-0.3811475409836065,0.3975409836065574
10969,/gpfs/scratch/tug87422/smithlab-shared/sharedreward-aging/derivatives/fsl/sub-10969/L2_task-sharedreward_model-1_type-REPLACEME_sm-5.gfeat/copeCOPENUM.feat/stats/cope1.nii.gz,1,0.1229508196721311,0.2540983606557376,5.0513585886298245,-0.1261723242235015,-0.3811475409836065,0.3975409836065574
10974,/gpfs/scratch/tug87422/smithlab-shared/sharedreward-aging/derivatives/fsl/sub-10974/L1_task-sharedreward_model-1_type-REPLACEME_run-2_sm-5.feat/stats/copeCOPENUM.nii.gz,1,0.1229508196721311,0.2540983606557376,-4.755342827170665,0.1399330265922066,-0.3811475409836065,0.3975409836065574
10979,/gpfs/scratch/tug87422/smithlab-shared/sharedreward-aging/derivatives/fsl/sub-10979/L2_task-sharedreward_model-1_type-REPLACEME_sm-5.gfeat/copeCOPENUM.feat/stats/cope1.nii.gz,1,0.1229508196721311,0.2540983606557376,5.258816383204845,-0.0698658784631229,-0.3811475409836065,0.3975409836065574
10983,/gpfs/scratch/tug87422/smithlab-shared/sharedreward-aging/derivatives/fsl/sub-10983/L2_task-sharedreward_model-1_type-REPLACEME_sm-5.gfeat/copeCOPENUM.feat/stats/cope1.nii.gz,1,0.1229508196721311,0.2540983606557376,-8.326390000023224,0.1355000842132984,-0.3811475409836065,0.3975409836065574
10984,/gpfs/scratch/tug87422/smithlab-shared/sharedreward-aging/derivatives/fsl/sub-10984/L2_task-sharedreward_model-1_type-REPLACEME_sm-5.gfeat/copeCOPENUM.feat/stats/cope1.nii.gz,1,0.1229508196721311,0.2540983606557376,-7.7778712866050626,0.0403734954404307,0.6188524590163935,-0.6024590163934426
10998,/gpfs/scratch/tug87422/smithlab-shared/sharedreward-aging/derivatives/fsl/sub-10998/L2_task-sharedreward_model-1_type-REPLACEME_sm-5.gfeat/copeCOPENUM.feat/stats/cope1.nii.gz,1,0.1229508196721311,0.2540983606557376,3.4462611300483843,-0.0750274593679619,-0.3811475409836065,0.3975409836065574
11007,/gpfs/scratch/tug87422/smithlab-shared/sharedreward-aging/derivatives/fsl/sub-11007/L1_task-sharedreward_model-1_type-REPLACEME_run-1_sm-5.feat/stats/copeCOPENUM.nii.gz,1,0.1229508196721311,0.2540983606557376,-10.867776666992851,0.0323154027782072,-0.3811475409836065,0.3975409836065574
11012,/gpfs/scratch/tug87422/smithlab-shared/sharedreward-aging/derivatives/fsl/sub-11012/L2_task-sharedreward_model-1_type-REPLACEME_sm-5.gfeat/copeCOPENUM.feat/stats/cope1.nii.gz,1,0.1229508196721311,0.2540983606557376,-3.8292531432155954,-0.038983505520504,-0.3811475409836065,0.3975409836065574
11016,/gpfs/scratch/tug87422/smithlab-shared/sharedreward-aging/derivatives/fsl/sub-11016/L2_task-sharedreward_model-1_type-REPLACEME_sm-5.gfeat/copeCOPENUM.feat/stats/cope1.nii.gz,1,0.1229508196721311,0.2540983606557376,2.9766296192325683,-0.0834833860247347,-0.3811475409836065,0.3975409836065574
11021,/gpfs/scratch/tug87422/smithlab-shared/sharedreward-aging/derivatives/fsl/sub-11021/L2_task-sharedreward_model-1_type-REPLACEME_sm-5.gfeat/copeCOPENUM.feat/stats/cope1.nii.gz,1,0.1229508196721311,0.2540983606557376,-0.7237368475683468,-0.0478742814823609,-0.3811475409836065,0.3975409836065574
11030,/gpfs/scratch/tug87422/smithlab-shared/sharedreward-aging/derivatives/fsl/sub-11030/L2_task-sharedreward_model-1_type-REPLACEME_sm-5.gfeat/copeCOPENUM.feat/stats/cope1.nii.gz,1,0.1229508196721311,0.2540983606557376,-5.407994194006591,-0.0703666933886351,-0.3811475409836065,0.3975409836065574
11031,/gpfs/scratch/tug87422/smithlab-shared/sharedreward-aging/derivatives/fsl/sub-11031/L2_task-sharedreward_model-1_type-REPLACEME_sm-5.gfeat/copeCOPENUM.feat/stats/cope1.nii.gz,1,0.1229508196721311,0.2540983606557376,3.734852809117598,-0.0501144860248216,-0.3811475409836065,0.3975409836065574
11036,/gpfs/scratch/tug87422/smithlab-shared/sharedreward-aging/derivatives/fsl/sub-11036/L2_task-sharedreward_model-1_type-REPLACEME_sm-5.gfeat/copeCOPENUM.feat/stats/cope1.nii.gz,1,0.1229508196721311,0.2540983606557376,0.8996617317685889,-0.103898485526211,-0.3811475409836065,0.3975409836065574
11039,/gpfs/scratch/tug87422/smithlab-shared/sharedreward-aging/derivatives/fsl/sub-11039/L2_task-sharedreward_model-1_type-REPLACEME_sm-5.gfeat/copeCOPENUM.feat/stats/cope1.nii.gz,1,0.1229508196721311,0.2540983606557376,3.4383359610298214,0.0592632892411335,-0.3811475409836065,0.3975409836065574
11042,/gpfs/scratch/tug87422/smithlab-shared/sharedreward-aging/derivatives/fsl/sub-11042/L2_task-sharedreward_model-1_type-REPLACEME_sm-5.gfeat/copeCOPENUM.feat/stats/cope1.nii.gz,1,0.1229508196721311,0.2540983606557376,-5.719275306611365,0.1050611433666941,-0.3811475409836065,0.3975409836065574
11053,/gpfs/scratch/tug87422/smithlab-shared/sharedreward-aging/derivatives/fsl/sub-11053/L2_task-sharedreward_model-1_type-REPLACEME_sm-5.gfeat/copeCOPENUM.feat/stats/cope1.nii.gz,1,0.1229508196721311,0.2540983606557376,-10.583347463972444,-0.0543519231959771,-0.3811475409836065,0.3975409836065574
11058,/gpfs/scratch/tug87422/smithlab-shared/sharedreward-aging/derivatives/fsl/sub-11058/L2_task-sharedreward_model-1_type-REPLACEME_sm-5.gfeat/copeCOPENUM.feat/stats/cope1.nii.gz,1,0.1229508196721311,0.2540983606557376,-10.452588535837409,0.1405915211901954,-0.3811475409836065,0.3975409836065574
11060,/gpfs/scratch/tug87422/smithlab-shared/sharedreward-aging/derivatives/fsl/sub-11060/L2_task-sharedreward_model-1_type-REPLACEME_sm-5.gfeat/copeCOPENUM.feat/stats/cope1.nii.gz,1,0.1229508196721311,0.2540983606557376,4.385151780043685,-0.1153769150150629,-0.3811475409836065,0.3975409836065574
11063,/gpfs/scratch/tug87422/smithlab-shared/sharedreward-aging/derivatives/fsl/sub-11063/L2_task-sharedreward_model-1_type-REPLACEME_sm-5.gfeat/copeCOPENUM.feat/stats/cope1.nii.gz,1,0.1229508196721311,0.2540983606557376,4.56725626823814,-0.0936003238417999,-0.3811475409836065,0.3975409836065574
11065,/gpfs/scratch/tug87422/smithlab-shared/sharedreward-aging/derivatives/fsl/sub-11065/L2_task-sharedreward_model-1_type-REPLACEME_sm-5.gfeat/copeCOPENUM.feat/stats/cope1.nii.gz,1,0.1229508196721311,0.2540983606557376,1.6065277996900988,-0.015352561744712,-0.3811475409836065,0.3975409836065574
11066,/gpfs/scratch/tug87422/smithlab-shared/sharedreward-aging/derivatives/fsl/sub-11066/L2_task-sharedreward_model-1_type-REPLACEME_sm-5.gfeat/copeCOPENUM.feat/stats/cope1.nii.gz,1,0.1229508196721311,0.2540983606557376,-4.39187090237769,-0.003794111159709,0.6188524590163935,-0.6024590163934426
11068,/gpfs/scratch/tug87422/smithlab-shared/sharedreward-aging/derivatives/fsl/sub-11068/L2_task-sharedreward_model-1_type-REPLACEME_sm-5.gfeat/copeCOPENUM.feat/stats/cope1.nii.gz,1,0.1229508196721311,0.2540983606557376,-1.3931933473716924,-0.0442072785811431,-0.3811475409836065,0.3975409836065574
11072,/gpfs/scratch/tug87422/smithlab-shared/sharedreward-aging/derivatives/fsl/sub-11072/L2_task-sharedreward_model-1_type-REPLACEME_sm-5.gfeat/copeCOPENUM.feat/stats/cope1.nii.gz,1,0.1229508196721311,0.2540983606557376,-9.80318347037914,-0.0394059331067595,0.6188524590163935,-0.6024590163934426
11074,/gpfs/scratch/tug87422/smithlab-shared/sharedreward-aging/derivatives/fsl/sub-11074/L2_task-sharedreward_model-1_type-REPLACEME_sm-5.gfeat/copeCOPENUM.feat/stats/cope1.nii.gz,1,0.1229508196721311,0.2540983606557376,-0.4407491554660225,-0.0308636290860903,0.6188524590163935,-0.6024590163934426
11075,/gpfs/scratch/tug87422/smithlab-shared/sharedreward-aging/derivatives/fsl/sub-11075/L2_task-sharedreward_model-1_type-REPLACEME_sm-5.gfeat/copeCOPENUM.feat/stats/cope1.nii.gz,1,0.1229508196721311,0.2540983606557376,-1.5730214550779635,-0.0767770864203429,0.6188524590163935,-0.6024590163934426
11076,/gpfs/scratch/tug87422/smithlab-shared/sharedreward-aging/derivatives/fsl/sub-11076/L1_task-sharedreward_model-1_type-REPLACEME_run-1_sm-5.feat/stats/copeCOPENUM.nii.gz,1,0.1229508196721311,0.2540983606557376,-3.118507076163354,0.0644067152526488,-0.3811475409836065,0.3975409836065574
11078,/gpfs/scratch/tug87422/smithlab-shared/sharedreward-aging/derivatives/fsl/sub-11078/L2_task-sharedreward_model-1_type-REPLACEME_sm-5.gfeat/copeCOPENUM.feat/stats/cope1.nii.gz,1,0.1229508196721311,0.2540983606557376,-0.887454988077792,0.0648192108595775,-0.3811475409836065,0.3975409836065574
11083,/gpfs/scratch/tug87422/smithlab-shared/sharedreward-aging/derivatives/fsl/sub-11083/L2_task-sharedreward_model-1_type-REPLACEME_sm-5.gfeat/copeCOPENUM.feat/stats/cope1.nii.gz,1,0.1229508196721311,0.2540983606557376,-0.1529768467511019,0.017968126146717,-0.3811475409836065,0.3975409836065574
11084,/gpfs/scratch/tug87422/smithlab-shared/sharedreward-aging/derivatives/fsl/sub-11084/L2_task-sharedreward_model-1_type-REPLACEME_sm-5.gfeat/copeCOPENUM.feat/stats/cope1.nii.gz,1,0.1229508196721311,0.2540983606557376,6.355381016336338,-0.0660407570404603,-0.3811475409836065,0.3975409836065574
11090,/gpfs/scratch/tug87422/smithlab-shared/sharedreward-aging/derivatives/fsl/sub-11090/L2_task-sharedreward_model-1_type-REPLACEME_sm-5.gfeat/copeCOPENUM.feat/stats/cope1.nii.gz,1,0.1229508196721311,0.2540983606557376,-14.94325703899753,0.2528837883764555,0.6188524590163935,-0.6024590163934426
11110,/gpfs/scratch/tug87422/smithlab-shared/sharedreward-aging/derivatives/fsl/sub-11110/L2_task-sharedreward_model-1_type-REPLACEME_sm-5.gfeat/copeCOPENUM.feat/stats/cope1.nii.gz,1,0.1229508196721311,0.2540983606557376,-1.886884388040329,-0.0047934408720674,-0.3811475409836065,0.3975409836065574
11113,/gpfs/scratch/tug87422/smithlab-shared/sharedreward-aging/derivatives/fsl/sub-11113/L2_task-sharedreward_model-1_type-REPLACEME_sm-5.gfeat/copeCOPENUM.feat/stats/cope1.nii.gz,1,0.1229508196721311,0.2540983606557376,0.6519037914482908,-0.0916960214171951,0.6188524590163935,-0.6024590163934426
11116,/gpfs/scratch/tug87422/smithlab-shared/sharedreward-aging/derivatives/fsl/sub-11116/L2_task-sharedreward_model-1_type-REPLACEME_sm-5.gfeat/copeCOPENUM.feat/stats/cope1.nii.gz,1,0.1229508196721311,0.2540983606557376,-6.104880199061284,-0.0091910944532029,0.6188524590163935,-0.6024590163934426
11120,/gpfs/scratch/tug87422/smithlab-shared/sharedreward-aging/derivatives/fsl/sub-11120/L2_task-sharedreward_model-1_type-REPLACEME_sm-5.gfeat/copeCOPENUM.feat/stats/cope1.nii.gz,1,0.1229508196721311,0.2540983606557376,-7.410585390570617,0.0088831911924503,0.6188524590163935,-0.6024590163934426
11126,/gpfs/scratch/tug87422/smithlab-shared/sharedreward-aging/derivatives/fsl/sub-11126/L1_task-sharedreward_model-1_type-REPLACEME_run-1_sm-5.feat/stats/copeCOPENUM.nii.gz,1,0.1229508196721311,0.2540983606557376,-11.61983629198889,0.0478188734706488,0.6188524590163935,-0.6024590163934426
11128,/gpfs/scratch/tug87422/smithlab-shared/sharedreward-aging/derivatives/fsl/sub-11128/L2_task-sharedreward_model-1_type-REPLACEME_sm-5.gfeat/copeCOPENUM.feat/stats/cope1.nii.gz,1,0.1229508196721311,0.2540983606557376,-4.10835841745515,0.0991409892435082,0.6188524590163935,-0.6024590163934426
11139,/gpfs/scratch/tug87422/smithlab-shared/sharedreward-aging/derivatives/fsl/sub-11139/L2_task-sharedreward_model-1_type-REPLACEME_sm-5.gfeat/copeCOPENUM.feat/stats/cope1.nii.gz,1,0.1229508196721311,0.2540983606557376,6.679426524563183,-0.0010889802587534,-0.3811475409836065,0.3975409836065574
11145,/gpfs/scratch/tug87422/smithlab-shared/sharedreward-aging/derivatives/fsl/sub-11145/L2_task-sharedreward_model-1_type-REPLACEME_sm-5.gfeat/copeCOPENUM.feat/stats/cope1.nii.gz,1,0.1229508196721311,0.2540983606557376,-6.248188958844679,0.0428459447176855,0.6188524590163935,-0.6024590163934426
11164,/gpfs/scratch/tug87422/smithlab-shared/sharedreward-aging/derivatives/fsl/sub-11164/L1_task-sharedreward_model-1_type-REPLACEME_run-1_sm-5.feat/stats/copeCOPENUM.nii.gz,1,0.1229508196721311,0.2540983606557376,-2.3794589511738597,0.0314270346327749,0.6188524590163935,-0.6024590163934426
11167,/gpfs/scratch/tug87422/smithlab-shared/sharedreward-aging/derivatives/fsl/sub-11167/L2_task-sharedreward_model-1_type-REPLACEME_sm-5.gfeat/copeCOPENUM.feat/stats/cope1.nii.gz,1,0.1229508196721311,0.2540983606557376,-8.521080102414402,0.0126431288520478,-0.3811475409836065,0.3975409836065574
11168,/gpfs/scratch/tug87422/smithlab-shared/sharedreward-aging/derivatives/fsl/sub-11168/L2_task-sharedreward_model-1_type-REPLACEME_sm-5.gfeat/copeCOPENUM.feat/stats/cope1.nii.gz,1,0.1229508196721311,0.2540983606557376,-10.179719466475348,0.0992077827369425,-0.3811475409836065,0.3975409836065574
11171,/gpfs/scratch/tug87422/smithlab-shared/sharedreward-aging/derivatives/fsl/sub-11171/L2_task-sharedreward_model-1_type-REPLACEME_sm-5.gfeat/copeCOPENUM.feat/stats/cope1.nii.gz,1,0.1229508196721311,0.2540983606557376,-2.7113583465028057,-0.0824937565710353,0.6188524590163935,-0.6024590163934426
11177,/gpfs/scratch/tug87422/smithlab-shared/sharedreward-aging/derivatives/fsl/sub-11177/L2_task-sharedreward_model-1_type-REPLACEME_sm-5.gfeat/copeCOPENUM.feat/stats/cope1.nii.gz,1,0.1229508196721311,0.2540983606557376,-2.8129695753953854,-0.0759193344560514,0.6188524590163935,-0.6024590163934426
11192,/gpfs/scratch/tug87422/smithlab-shared/sharedreward-aging/derivatives/fsl/sub-11192/L2_task-sharedreward_model-1_type-REPLACEME_sm-5.gfeat/copeCOPENUM.feat/stats/cope1.nii.gz,1,0.1229508196721311,0.2540983606557376,-7.191304525177969,0.0855224307766533,0.6188524590163935,-0.6024590163934426
11193,/gpfs/scratch/tug87422/smithlab-shared/sharedreward-aging/derivatives/fsl/sub-11193/L2_task-sharedreward_model-1_type-REPLACEME_sm-5.gfeat/copeCOPENUM.feat/stats/cope1.nii.gz,1,0.1229508196721311,0.2540983606557376,-17.299040963166902,0.0905333106864804,-0.3811475409836065,0.3975409836065574
11227,/gpfs/scratch/tug87422/smithlab-shared/sharedreward-aging/derivatives/fsl/sub-11227/L2_task-sharedreward_model-1_type-REPLACEME_sm-5.gfeat/copeCOPENUM.feat/stats/cope1.nii.gz,1,0.1229508196721311,0.2540983606557376,-1.1631275809989745,-0.109690394405689,-0.3811475409836065,0.3975409836065574
11238,/gpfs/scratch/tug87422/smithlab-shared/sharedreward-aging/derivatives/fsl/sub-11238/L2_task-sharedreward_model-1_type-REPLACEME_sm-5.gfeat/copeCOPENUM.feat/stats/cope1.nii.gz,1,0.1229508196721311,0.2540983606557376,-4.197306629960934,-0.0219906615258205,0.6188524590163935,-0.6024590163934426
11241,/gpfs/scratch/tug87422/smithlab-shared/sharedreward-aging/derivatives/fsl/sub-11241/L2_task-sharedreward_model-1_type-REPLACEME_sm-5.gfeat/copeCOPENUM.feat/stats/cope1.nii.gz,1,0.1229508196721311,0.2540983606557376,2.271001668363766,-0.0728387226263534,-0.3811475409836065,0.3975409836065574
11246,/gpfs/scratch/tug87422/smithlab-shared/sharedreward-aging/derivatives/fsl/sub-11246/L2_task-sharedreward_model-1_type-REPLACEME_sm-5.gfeat/copeCOPENUM.feat/stats/cope1.nii.gz,1,0.1229508196721311,0.2540983606557376,-6.029561979688282,-0.0503173425413002,0.6188524590163935,-0.6024590163934426
11286,/gpfs/scratch/tug87422/smithlab-shared/sharedreward-aging/derivatives/fsl/sub-11286/L1_task-sharedreward_model-1_type-REPLACEME_run-1_sm-5.feat/stats/copeCOPENUM.nii.gz,1,0.1229508196721311,0.2540983606557376,2.597680815736254,-0.0956232121006178,-0.3811475409836065,0.3975409836065574
11301,/gpfs/scratch/tug87422/smithlab-shared/sharedreward-aging/derivatives/fsl/sub-11301/L2_task-sharedreward_model-1_type-REPLACEME_sm-5.gfeat/copeCOPENUM.feat/stats/cope1.nii.gz,1,0.1229508196721311,0.2540983606557376,1.1520842578981103,-0.0622466999072927,-0.3811475409836065,0.3975409836065574
11311,/gpfs/scratch/tug87422/smithlab-shared/sharedreward-aging/derivatives/fsl/sub-11311/L2_task-sharedreward_model-1_type-REPLACEME_sm-5.gfeat/copeCOPENUM.feat/stats/cope1.nii.gz,1,0.1229508196721311,0.2540983606557376,1.912446567156309,-0.0724212030668764,-0.3811475409836065,0.3975409836065574
11312,/gpfs/scratch/tug87422/smithlab-shared/sharedreward-aging/derivatives/fsl/sub-11312/L2_task-sharedreward_model-1_type-REPLACEME_sm-5.gfeat/copeCOPENUM.feat/stats/cope1.nii.gz,1,0.1229508196721311,0.2540983606557376,-0.9166607860746296,-0.0780219950717883,-0.3811475409836065,0.3975409836065574
11316,/gpfs/scratch/tug87422/smithlab-shared/sharedreward-aging/derivatives/fsl/sub-11316/L2_task-sharedreward_model-1_type-REPLACEME_sm-5.gfeat/copeCOPENUM.feat/stats/cope1.nii.gz,1,0.1229508196721311,0.2540983606557376,-7.4725207879886,0.1058563109404627,0.6188524590163935,-0.6024590163934426
11318,/gpfs/scratch/tug87422/smithlab-shared/sharedreward-aging/derivatives/fsl/sub-11318/L2_task-sharedreward_model-1_type-REPLACEME_sm-5.gfeat/copeCOPENUM.feat/stats/cope1.nii.gz,1,0.1229508196721311,0.2540983606557376,5.178695551535071,-0.0851211366594565,-0.3811475409836065,0.3975409836065574
11321,/gpfs/scratch/tug87422/smithlab-shared/sharedreward-aging/derivatives/fsl/sub-11321/L2_task-sharedreward_model-1_type-REPLACEME_sm-5.gfeat/copeCOPENUM.feat/stats/cope1.nii.gz,1,0.1229508196721311,0.2540983606557376,6.384397393391424,-0.1250823368893058,-0.3811475409836065,0.3975409836065574
11325,/gpfs/scratch/tug87422/smithlab-shared/sharedreward-aging/derivatives/fsl/sub-11325/L2_task-sharedreward_model-1_type-REPLACEME_sm-5.gfeat/copeCOPENUM.feat/stats/cope1.nii.gz,1,0.1229508196721311,0.2540983606557376,-2.8667183462451646,-0.0738140593666539,0.6188524590163935,-0.6024590163934426
11326,/gpfs/scratch/tug87422/smithlab-shared/sharedreward-aging/derivatives/fsl/sub-11326/L2_task-sharedreward_model-1_type-REPLACEME_sm-5.gfeat/copeCOPENUM.feat/stats/cope1.nii.gz,1,0.1229508196721311,0.2540983606557376,-9.213639585933691,-0.0141665867165871,0.6188524590163935,-0.6024590163934426
11329,/gpfs/scratch/tug87422/smithlab-shared/sharedreward-aging/derivatives/fsl/sub-11329/L2_task-sharedreward_model-1_type-REPLACEME_sm-5.gfeat/copeCOPENUM.feat/stats/cope1.nii.gz,1,0.1229508196721311,0.2540983606557376,-0.5935855725468571,-0.079941121557107,0.6188524590163935,-0.6024590163934426
11330,/gpfs/scratch/tug87422/smithlab-shared/sharedreward-aging/derivatives/fsl/sub-11330/L2_task-sharedreward_model-1_type-REPLACEME_sm-5.gfeat/copeCOPENUM.feat/stats/cope1.nii.gz,1,0.1229508196721311,0.2540983606557376,7.214067607776684,-0.1054749933715864,0.6188524590163935,-0.6024590163934426
11337,/gpfs/scratch/tug87422/smithlab-shared/sharedreward-aging/derivatives/fsl/sub-11337/L2_task-sharedreward_model-1_type-REPLACEME_sm-5.gfeat/copeCOPENUM.feat/stats/cope1.nii.gz,1,0.1229508196721311,0.2540983606557376,-12.622437349629166,-0.0400030854272016,0.6188524590163935,-0.6024590163934426
11338,/gpfs/scratch/tug87422/smithlab-shared/sharedreward-aging/derivatives/fsl/sub-11338/L2_task-sharedreward_model-1_type-REPLACEME_sm-5.gfeat/copeCOPENUM.feat/stats/cope1.nii.gz,1,0.1229508196721311,0.2540983606557376,0.0511978786750262,-0.0840869748053033,0.6188524590163935,-0.6024590163934426
11340,/gpfs/scratch/tug87422/smithlab-shared/sharedreward-aging/derivatives/fsl/sub-11340/L2_task-sharedreward_model-1_type-REPLACEME_sm-5.gfeat/copeCOPENUM.feat/stats/cope1.nii.gz,1,0.1229508196721311,0.2540983606557376,-0.4000523369680593,-0.0073086354274814,-0.3811475409836065,0.3975409836065574
11343,/gpfs/scratch/tug87422/smithlab-shared/sharedreward-aging/derivatives/fsl/sub-11343/L2_task-sharedreward_model-1_type-REPLACEME_sm-5.gfeat/copeCOPENUM.feat/stats/cope1.nii.gz,1,0.1229508196721311,0.2540983606557376,-3.008959041202018,-0.0698483338020466,-0.3811475409836065,0.3975409836065574
11345,/gpfs/scratch/tug87422/smithlab-shared/sharedreward-aging/derivatives/fsl/sub-11345/L2_task-sharedreward_model-1_type-REPLACEME_sm-5.gfeat/copeCOPENUM.feat/stats/cope1.nii.gz,1,0.1229508196721311,0.2540983606557376,13.849219010801477,-0.1311750005147227,-0.3811475409836065,0.3975409836065574
11348,/gpfs/scratch/tug87422/smithlab-shared/sharedreward-aging/derivatives/fsl/sub-11348/L2_task-sharedreward_model-1_type-REPLACEME_sm-5.gfeat/copeCOPENUM.feat/stats/cope1.nii.gz,1,0.1229508196721311,0.2540983606557376,-5.540035983481488,-0.0434249336808597,0.6188524590163935,-0.6024590163934426
11358,/gpfs/scratch/tug87422/smithlab-shared/sharedreward-aging/derivatives/fsl/sub-11358/L2_task-sharedreward_model-1_type-REPLACEME_sm-5.gfeat/copeCOPENUM.feat/stats/cope1.nii.gz,1,0.1229508196721311,0.2540983606557376,6.705629175245718,-0.047241766059958,-0.3811475409836065,0.3975409836065574
11364,/gpfs/scratch/tug87422/smithlab-shared/sharedreward-aging/derivatives/fsl/sub-11364/L2_task-sharedreward_model-1_type-REPLACEME_sm-5.gfeat/copeCOPENUM.feat/stats/cope1.nii.gz,1,0.1229508196721311,0.2540983606557376,-20.83693284069099,-0.0318460963749873,-0.3811475409836065,0.3975409836065574
11367,/gpfs/scratch/tug87422/smithlab-shared/sharedreward-aging/derivatives/fsl/sub-11367/L2_task-sharedreward_model-1_type-REPLACEME_sm-5.gfeat/copeCOPENUM.feat/stats/cope1.nii.gz,1,0.1229508196721311,0.2540983606557376,-15.568365410748214,-0.1114463514511576,-0.3811475409836065,0.3975409836065574
11376,/gpfs/scratch/tug87422/smithlab-shared/sharedreward-aging/derivatives/fsl/sub-11376/L2_task-sharedreward_model-1_type-REPLACEME_sm-5.gfeat/copeCOPENUM.feat/stats/cope1.nii.gz,1,0.1229508196721311,0.2540983606557376,-13.2548789335045,-0.0450959339244244,0.6188524590163935,-0.6024590163934426
11377,/gpfs/scratch/tug87422/smithlab-shared/sharedreward-aging/derivatives/fsl/sub-11377/L2_task-sharedreward_model-1_type-REPLACEME_sm-5.gfeat/copeCOPENUM.feat/stats/cope1.nii.gz,1,0.1229508196721311,0.2540983606557376,-0.5908407071759427,-0.0019111042911463,-0.3811475409836065,0.3975409836065574
11387,/gpfs/scratch/tug87422/smithlab-shared/sharedreward-aging/derivatives/fsl/sub-11387/L2_task-sharedreward_model-1_type-REPLACEME_sm-5.gfeat/copeCOPENUM.feat/stats/cope1.nii.gz,1,0.1229508196721311,0.2540983606557376,2.908961661400696,0.0327238675553317,-0.3811475409836065,0.3975409836065574
11410,/gpfs/scratch/tug87422/smithlab-shared/sharedreward-aging/derivatives/fsl/sub-11410/L2_task-sharedreward_model-1_type-REPLACEME_sm-5.gfeat/copeCOPENUM.feat/stats/cope1.nii.gz,1,0.1229508196721311,0.2540983606557376,-16.495130763817855,0.1695411512335548,0.6188524590163935,-0.6024590163934426
11416,/gpfs/scratch/tug87422/smithlab-shared/sharedreward-aging/derivatives/fsl/sub-11416/L1_task-sharedreward_model-1_type-REPLACEME_run-1_sm-5.feat/stats/copeCOPENUM.nii.gz,1,0.1229508196721311,0.2540983606557376,-20.72230733965202,0.2146154399871282,-0.3811475409836065,0.3975409836065574
11426,/gpfs/scratch/tug87422/smithlab-shared/sharedreward-aging/derivatives/fsl/sub-11426/L1_task-sharedreward_model-1_type-REPLACEME_run-1_sm-5.feat/stats/copeCOPENUM.nii.gz,1,0.1229508196721311,0.2540983606557376,-5.226683637468653,0.1013538895863191,-0.3811475409836065,0.3975409836065574
11430,/gpfs/scratch/tug87422/smithlab-shared/sharedreward-aging/derivatives/fsl/sub-11430/L1_task-sharedreward_model-1_type-REPLACEME_run-1_sm-5.feat/stats/copeCOPENUM.nii.gz,1,0.1229508196721311,0.2540983606557376,-12.207808523081752,-0.0429017549996161,-0.3811475409836065,0.3975409836065574
11432,/gpfs/scratch/tug87422/smithlab-shared/sharedreward-aging/derivatives/fsl/sub-11432/L2_task-sharedreward_model-1_type-REPLACEME_sm-5.gfeat/copeCOPENUM.feat/stats/cope1.nii.gz,1,0.1229508196721311,0.2540983606557376,-5.554591156476221,-0.0860960119189934,-0.3811475409836065,0.3975409836065574
11433,/gpfs/scratch/tug87422/smithlab-shared/sharedreward-aging/derivatives/fsl/sub-11433/L2_task-sharedreward_model-1_type-REPLACEME_sm-5.gfeat/copeCOPENUM.feat/stats/cope1.nii.gz,1,0.1229508196721311,0.2540983606557376,-0.8543405432641009,-0.0725641044060143,0.6188524590163935,-0.6024590163934426
11435,/gpfs/scratch/tug87422/smithlab-shared/sharedreward-aging/derivatives/fsl/sub-11435/L2_task-sharedreward_model-1_type-REPLACEME_sm-5.gfeat/copeCOPENUM.feat/stats/cope1.nii.gz,1,0.1229508196721311,0.2540983606557376,0.4764066956201134,-0.0864316637617718,-0.3811475409836065,0.3975409836065574
11439,/gpfs/scratch/tug87422/smithlab-shared/sharedreward-aging/derivatives/fsl/sub-11439/L1_task-sharedreward_model-1_type-REPLACEME_run-1_sm-5.feat/stats/copeCOPENUM.nii.gz,1,0.1229508196721311,0.2540983606557376,-11.654476990333336,0.074016335504355,0.6188524590163935,-0.6024590163934426
11440,/gpfs/scratch/tug87422/smithlab-shared/sharedreward-aging/derivatives/fsl/sub-11440/L2_task-sharedreward_model-1_type-REPLACEME_sm-5.gfeat/copeCOPENUM.feat/stats/cope1.nii.gz,1,0.1229508196721311,0.2540983606557376,-5.162944422270215,-0.0371154108251909,0.6188524590163935,-0.6024590163934426
11443,/gpfs/scratch/tug87422/smithlab-shared/sharedreward-aging/derivatives/fsl/sub-11443/L1_task-sharedreward_model-1_type-REPLACEME_run-1_sm-5.feat/stats/copeCOPENUM.nii.gz,1,0.1229508196721311,0.2540983606557376,-8.688051779339133,0.2623486469250903,-0.3811475409836065,0.3975409836065574
11450,/gpfs/scratch/tug87422/smithlab-shared/sharedreward-aging/derivatives/fsl/sub-11450/L1_task-sharedreward_model-1_type-REPLACEME_run-1_sm-5.feat/stats/copeCOPENUM.nii.gz,1,0.1229508196721311,0.2540983606557376,-8.845869940348479,-0.0617959097409823,0.6188524590163935,-0.6024590163934426
11451,/gpfs/scratch/tug87422/smithlab-shared/sharedreward-aging/derivatives/fsl/sub-11451/L2_task-sharedreward_model-1_type-REPLACEME_sm-5.gfeat/copeCOPENUM.feat/stats/cope1.nii.gz,1,0.1229508196721311,0.2540983606557376,5.4746003332044495,0.0720206250152032,0.6188524590163935,-0.6024590163934426
11461,/gpfs/scratch/tug87422/smithlab-shared/sharedreward-aging/derivatives/fsl/sub-11461/L2_task-sharedreward_model-1_type-REPLACEME_sm-5.gfeat/copeCOPENUM.feat/stats/cope1.nii.gz,1,0.1229508196721311,0.2540983606557376,-13.363771398427474,0.1836728629099588,0.6188524590163935,-0.6024590163934426
11462,/gpfs/scratch/tug87422/smithlab-shared/sharedreward-aging/derivatives/fsl/sub-11462/L1_task-sharedreward_model-1_type-REPLACEME_run-1_sm-5.feat/stats/copeCOPENUM.nii.gz,1,0.1229508196721311,0.2540983606557376,-4.130702776011589,-0.0055892394543897,0.6188524590163935,-0.6024590163934426
11498,/gpfs/scratch/tug87422/smithlab-shared/sharedreward-aging/derivatives/fsl/sub-11498/L1_task-sharedreward_model-1_type-REPLACEME_run-1_sm-5.feat/stats/copeCOPENUM.nii.gz,1,0.1229508196721311,0.2540983606557376,-14.559455731293696,-0.0265031336209215,0.6188524590163935,-0.6024590163934426
11517,/gpfs/scratch/tug87422/smithlab-shared/sharedreward-aging/derivatives/fsl/sub-11517/L2_task-sharedreward_model-1_type-REPLACEME_sm-5.gfeat/copeCOPENUM.feat/stats/cope1.nii.gz,1,0.1229508196721311,0.2540983606557376,-0.6841222688011328,-0.0112732737411704,-0.3811475409836065,0.3975409836065574
11518,/gpfs/scratch/tug87422/smithlab-shared/sharedreward-aging/derivatives/fsl/sub-11518/L2_task-sharedreward_model-1_type-REPLACEME_sm-5.gfeat/copeCOPENUM.feat/stats/cope1.nii.gz,1,0.1229508196721311,0.2540983606557376,-10.706136519256091,0.0341527925314879,-0.3811475409836065,0.3975409836065574
11523,/gpfs/scratch/tug87422/smithlab-shared/sharedreward-aging/derivatives/fsl/sub-11523/L2_task-sharedreward_model-1_type-REPLACEME_sm-5.gfeat/copeCOPENUM.feat/stats/cope1.nii.gz,1,0.1229508196721311,0.2540983606557376,-5.787024572250942,0.0520977427684646,-0.3811475409836065,0.3975409836065574
11526,/gpfs/scratch/tug87422/smithlab-shared/sharedreward-aging/derivatives/fsl/sub-11526/L2_task-sharedreward_model-1_type-REPLACEME_sm-5.gfeat/copeCOPENUM.feat/stats/cope1.nii.gz,1,0.1229508196721311,0.2540983606557376,19.853475581629624,-0.1142601186916705,-0.3811475409836065,0.3975409836065574
11527,/gpfs/scratch/tug87422/smithlab-shared/sharedreward-aging/derivatives/fsl/sub-11527/L2_task-sharedreward_model-1_type-REPLACEME_sm-5.gfeat/copeCOPENUM.feat/stats/cope1.nii.gz,1,0.1229508196721311,0.2540983606557376,-12.02782416831846,0.0481937605718042,0.6188524590163935,-0.6024590163934426
11529,/gpfs/scratch/tug87422/smithlab-shared/sharedreward-aging/derivatives/fsl/sub-11529/L2_task-sharedreward_model-1_type-REPLACEME_sm-5.gfeat/copeCOPENUM.feat/stats/cope1.nii.gz,1,0.1229508196721311,0.2540983606557376,17.786221973373046,-0.0883280212125025,-0.3811475409836065,0.3975409836065574
11530,/gpfs/scratch/tug87422/smithlab-shared/sharedreward-aging/derivatives/fsl/sub-11530/L2_task-sharedreward_model-1_type-REPLACEME_sm-5.gfeat/copeCOPENUM.feat/stats/cope1.nii.gz,1,0.1229508196721311,0.2540983606557376,-3.8585054080388943,-0.0199523788440829,-0.3811475409836065,-0.6024590163934426
11532,/gpfs/scratch/tug87422/smithlab-shared/sharedreward-aging/derivatives/fsl/sub-11532/L2_task-sharedreward_model-1_type-REPLACEME_sm-5.gfeat/copeCOPENUM.feat/stats/cope1.nii.gz,1,0.1229508196721311,0.2540983606557376,10.777735313233876,-0.0847591031066206,-0.3811475409836065,0.3975409836065574
11533,/gpfs/scratch/tug87422/smithlab-shared/sharedreward-aging/derivatives/fsl/sub-11533/L2_task-sharedreward_model-1_type-REPLACEME_sm-5.gfeat/copeCOPENUM.feat/stats/cope1.nii.gz,1,0.1229508196721311,0.2540983606557376,13.083696002381345,-0.0836333802975988,-0.3811475409836065,0.3975409836065574
11534,/gpfs/scratch/tug87422/smithlab-shared/sharedreward-aging/derivatives/fsl/sub-11534/L2_task-sharedreward_model-1_type-REPLACEME_sm-5.gfeat/copeCOPENUM.feat/stats/cope1.nii.gz,1,0.1229508196721311,0.2540983606557376,-9.437719808999958,-0.0125564164299149,0.6188524590163935,-0.6024590163934426
11535,/gpfs/scratch/tug87422/smithlab-shared/sharedreward-aging/derivatives/fsl/sub-11535/L2_task-sharedreward_model-1_type-REPLACEME_sm-5.gfeat/copeCOPENUM.feat/stats/cope1.nii.gz,1,0.1229508196721311,0.2540983606557376,5.124622979558495,-0.0417220371390702,-0.3811475409836065,0.3975409836065574
11536,/gpfs/scratch/tug87422/smithlab-shared/sharedreward-aging/derivatives/fsl/sub-11536/L2_task-sharedreward_model-1_type-REPLACEME_sm-5.gfeat/copeCOPENUM.feat/stats/cope1.nii.gz,1,0.1229508196721311,0.2540983606557376,-1.5577078811978424,0.0014298059086427,0.6188524590163935,-0.6024590163934426
11540,/gpfs/scratch/tug87422/smithlab-shared/sharedreward-aging/derivatives/fsl/sub-11540/L2_task-sharedreward_model-1_type-REPLACEME_sm-5.gfeat/copeCOPENUM.feat/stats/cope1.nii.gz,1,0.1229508196721311,0.2540983606557376,10.97959919885821,-0.0888884123539008,-0.3811475409836065,0.3975409836065574
11542,/gpfs/scratch/tug87422/smithlab-shared/sharedreward-aging/derivatives/fsl/sub-11542/L2_task-sharedreward_model-1_type-REPLACEME_sm-5.gfeat/copeCOPENUM.feat/stats/cope1.nii.gz,1,0.1229508196721311,0.2540983606557376,0.0584605163973321,0.0495636359011591,0.6188524590163935,-0.6024590163934426
11545,/gpfs/scratch/tug87422/smithlab-shared/sharedreward-aging/derivatives/fsl/sub-11545/L2_task-sharedreward_model-1_type-REPLACEME_sm-5.gfeat/copeCOPENUM.feat/stats/cope1.nii.gz,1,0.1229508196721311,0.2540983606557376,8.752660596634684,-0.0037093144017157,-0.3811475409836065,0.3975409836065574
11551,/gpfs/scratch/tug87422/smithlab-shared/sharedreward-aging/derivatives/fsl/sub-11551/L2_task-sharedreward_model-1_type-REPLACEME_sm-5.gfeat/copeCOPENUM.feat/stats/cope1.nii.gz,1,0.1229508196721311,0.2540983606557376,-2.4384722416210423,-0.0020779638602402,-0.3811475409836065,0.3975409836065574
11559,/gpfs/scratch/tug87422/smithlab-shared/sharedreward-aging/derivatives/fsl/sub-11559/L2_task-sharedreward_model-1_type-REPLACEME_sm-5.gfeat/copeCOPENUM.feat/stats/cope1.nii.gz,1,0.1229508196721311,0.2540983606557376,-7.529768194529737,0.2002655224558503,-0.3811475409836065,0.3975409836065574
11563,/gpfs/scratch/tug87422/smithlab-shared/sharedreward-aging/derivatives/fsl/sub-11563/L2_task-sharedreward_model-1_type-REPLACEME_sm-5.gfeat/copeCOPENUM.feat/stats/cope1.nii.gz,1,0.1229508196721311,0.2540983606557376,-2.460376736118036,-0.0697837535573876,0.6188524590163935,-0.6024590163934426
11570,/gpfs/scratch/tug87422/smithlab-shared/sharedreward-aging/derivatives/fsl/sub-11570/L2_task-sharedreward_model-1_type-REPLACEME_sm-5.gfeat/copeCOPENUM.feat/stats/cope1.nii.gz,1,0.1229508196721311,0.2540983606557376,-0.5739957715771595,0.0357754041300093,0.6188524590163935,-0.6024590163934426
11572,/gpfs/scratch/tug87422/smithlab-shared/sharedreward-aging/derivatives/fsl/sub-11572/L2_task-sharedreward_model-1_type-REPLACEME_sm-5.gfeat/copeCOPENUM.feat/stats/cope1.nii.gz,1,0.1229508196721311,0.2540983606557376,5.811548973790792,-0.0323781848492427,0.6188524590163935,-0.6024590163934426
11579,/gpfs/scratch/tug87422/smithlab-shared/sharedreward-aging/derivatives/fsl/sub-11579/L2_task-sharedreward_model-1_type-REPLACEME_sm-5.gfeat/copeCOPENUM.feat/stats/cope1.nii.gz,1,0.1229508196721311,0.2540983606557376,3.3446293658422803,-0.0318404138586721,0.6188524590163935,-0.6024590163934426
11586,/gpfs/scratch/tug87422/smithlab-shared/sharedreward-aging/derivatives/fsl/sub-11586/L1_task-sharedreward_model-1_type-REPLACEME_run-1_sm-5.feat/stats/copeCOPENUM.nii.gz,1,0.1229508196721311,0.2540983606557376,3.052607479163868,-0.0920126764307328,0.6188524590163935,-0.6024590163934426
11588,/gpfs/scratch/tug87422/smithlab-shared/sharedreward-aging/derivatives/fsl/sub-11588/L2_task-sharedreward_model-1_type-REPLACEME_sm-5.gfeat/copeCOPENUM.feat/stats/cope1.nii.gz,1,0.1229508196721311,0.2540983606557376,19.492637917232656,-0.0690284746925455,0.6188524590163935,-0.6024590163934426
11591,/gpfs/scratch/tug87422/smithlab-shared/sharedreward-aging/derivatives/fsl/sub-11591/L2_task-sharedreward_model-1_type-REPLACEME_sm-5.gfeat/copeCOPENUM.feat/stats/cope1.nii.gz,1,0.1229508196721311,0.2540983606557376,-0.7131549785766254,0.0619411709474573,-0.3811475409836065,0.3975409836065574
11597,/gpfs/scratch/tug87422/smithlab-shared/sharedreward-aging/derivatives/fsl/sub-11597/L1_task-sharedreward_model-1_type-REPLACEME_run-2_sm-5.feat/stats/copeCOPENUM.nii.gz,1,0.1229508196721311,0.2540983606557376,-3.1409233257794256,0.182425713073006,-0.3811475409836065,0.3975409836065574
11598,/gpfs/scratch/tug87422/smithlab-shared/sharedreward-aging/derivatives/fsl/sub-11598/L1_task-sharedreward_model-1_type-REPLACEME_run-1_sm-5.feat/stats/copeCOPENUM.nii.gz,1,0.1229508196721311,0.2540983606557376,0.2407083689546709,0.201023013781967,-0.3811475409836065,0.3975409836065574
11600,/gpfs/scratch/tug87422/smithlab-shared/sharedreward-aging/derivatives/fsl/sub-11600/L2_task-sharedreward_model-1_type-REPLACEME_sm-5.gfeat/copeCOPENUM.feat/stats/cope1.nii.gz,1,0.1229508196721311,0.2540983606557376,7.237912583405574,-0.0172705982355338,-0.3811475409836065,0.3975409836065574
11622,/gpfs/scratch/tug87422/smithlab-shared/sharedreward-aging/derivatives/fsl/sub-11622/L2_task-sharedreward_model-1_type-REPLACEME_sm-5.gfeat/copeCOPENUM.feat/stats/cope1.nii.gz,1,0.1229508196721311,0.2540983606557376,16.37236557523343,-0.0451736608351193,-0.3811475409836065,0.3975409836065574
11623,/gpfs/scratch/tug87422/smithlab-shared/sharedreward-aging/derivatives/fsl/sub-11623/L1_task-sharedreward_model-1_type-REPLACEME_run-1_sm-5.feat/stats/copeCOPENUM.nii.gz,1,0.1229508196721311,0.2540983606557376,-3.3872148707663143,0.0102494933364215,-0.3811475409836065,0.3975409836065574
11625,/gpfs/scratch/tug87422/smithlab-shared/sharedreward-aging/derivatives/fsl/sub-11625/L2_task-sharedreward_model-1_type-REPLACEME_sm-5.gfeat/copeCOPENUM.feat/stats/cope1.nii.gz,1,0.1229508196721311,0.2540983606557376,-4.140321898469978,0.0166041084622337,0.6188524590163935,-0.6024590163934426
11626,/gpfs/scratch/tug87422/smithlab-shared/sharedreward-aging/derivatives/fsl/sub-11626/L2_task-sharedreward_model-1_type-REPLACEME_sm-5.gfeat/copeCOPENUM.feat/stats/cope1.nii.gz,1,0.1229508196721311,0.2540983606557376,11.921326941702006,-0.0801037949055868,0.6188524590163935,-0.6024590163934426
11628,/gpfs/scratch/tug87422/smithlab-shared/sharedreward-aging/derivatives/fsl/sub-11628/L2_task-sharedreward_model-1_type-REPLACEME_sm-5.gfeat/copeCOPENUM.feat/stats/cope1.nii.gz,1,0.1229508196721311,0.2540983606557376,16.97027371353093,-0.0461378434694121,-0.3811475409836065,0.3975409836065574
11631,/gpfs/scratch/tug87422/smithlab-shared/sharedreward-aging/derivatives/fsl/sub-11631/L2_task-sharedreward_model-1_type-REPLACEME_sm-5.gfeat/copeCOPENUM.feat/stats/cope1.nii.gz,1,0.1229508196721311,0.2540983606557376,16.69394583872841,-0.0888957864098204,-0.3811475409836065,0.3975409836065574
11651,/gpfs/scratch/tug87422/smithlab-shared/sharedreward-aging/derivatives/fsl/sub-11651/L2_task-sharedreward_model-1_type-REPLACEME_sm-5.gfeat/copeCOPENUM.feat/stats/cope1.nii.gz,1,0.1229508196721311,0.2540983606557376,-0.1920918250028478,-0.0103137487904662,0.6188524590163935,-0.6024590163934426
11660,/gpfs/scratch/tug87422/smithlab-shared/sharedreward-aging/derivatives/fsl/sub-11660/L2_task-sharedreward_model-1_type-REPLACEME_sm-5.gfeat/copeCOPENUM.feat/stats/cope1.nii.gz,1,0.1229508196721311,0.2540983606557376,10.109316908413035,-0.0981439684469487,-0.3811475409836065,0.3975409836065574
11670,/gpfs/scratch/tug87422/smithlab-shared/sharedreward-aging/derivatives/fsl/sub-11670/L2_task-sharedreward_model-1_type-REPLACEME_sm-5.gfeat/copeCOPENUM.feat/stats/cope1.nii.gz,1,0.1229508196721311,0.2540983606557376,4.119653445792807,0.0830034416704156,-0.3811475409836065,0.3975409836065574
11679,/gpfs/scratch/tug87422/smithlab-shared/sharedreward-aging/derivatives/fsl/sub-11679/L2_task-sharedreward_model-1_type-REPLACEME_sm-5.gfeat/copeCOPENUM.feat/stats/cope1.nii.gz,1,0.1229508196721311,0.2540983606557376,17.88607392612235,-0.0750924932796909,-0.3811475409836065,0.3975409836065574
11705,/gpfs/scratch/tug87422/smithlab-shared/sharedreward-aging/derivatives/fsl/sub-11705/L2_task-sharedreward_model-1_type-REPLACEME_sm-5.gfeat/copeCOPENUM.feat/stats/cope1.nii.gz,1,0.1229508196721311,0.2540983606557376,0.9467723341155364,0.0681047568487165,0.6188524590163935,-0.6024590163934426
11709,/gpfs/scratch/tug87422/smithlab-shared/sharedreward-aging/derivatives/fsl/sub-11709/L2_task-sharedreward_model-1_type-REPLACEME_sm-5.gfeat/copeCOPENUM.feat/stats/cope1.nii.gz,1,0.1229508196721311,0.2540983606557376,10.383551965708335,0.0290073710729768,-0.3811475409836065,0.3975409836065574
11710,/gpfs/scratch/tug87422/smithlab-shared/sharedreward-aging/derivatives/fsl/sub-11710/L2_task-sharedreward_model-1_type-REPLACEME_sm-5.gfeat/copeCOPENUM.feat/stats/cope1.nii.gz,1,0.1229508196721311,0.2540983606557376,16.122703524430705,0.0364354426207398,0.6188524590163935,-0.6024590163934426
