pca_00	pca_01	pca_02	pca_03	pca_04	pca_05	pca_06	pca_07	pca_08	pca_09	pca_10	pca_11	pca_12	pca_13	pca_14	pca_15
0.13049909249892327	0.0948221503491535	-0.12499906423994725	-0.09298874422069982	-0.019477624426842883	0.02099731302133741	0.0843987757175712	-0.0320252282379971	0.08152078671841956	-0.01501828485489885	0.007835116883344066	-0.075822186098188	0.2170176719901613	-0.08414658982326195	-0.3625634362985993	-0.012543222639658685
0.12593913820650582	0.0825240925719625	-0.12459817598652559	-0.07490313638645271	0.05439588501336684	0.09620959822237468	0.08603885894669162	-0.025750543514623987	-0.021805060853125967	-0.005795571284898692	0.009759204708484282	-0.03049460480657211	0.15493034531090383	0.001262193433548631	-0.21639290105734516	0.02441895502950794
0.12014434553368525	0.07675708844040185	-0.14667316667466113	-0.021021342889021133	0.11958741061135322	0.03818279662807504	0.10433346085534101	0.034429601778848476	-0.05690874387571031	-0.04052847983021084	0.04735628966252886	-0.012077312021595121	0.15466210214501025	0.00839188219549139	-0.15133170703177048	-0.03843076245345326
0.119873271811521	0.075703475997561	-0.15313528355651318	-0.05512121909122247	0.017184932585889517	-0.04847526530723418	0.09312784149780245	0.04583339125503944	-0.07474190179871072	-0.04212665987225857	0.022588632145402507	-0.016202593827968556	0.1455174814249156	-0.0014114448054069612	-0.11976758658912906	-0.06455343122218074
0.11011702691995257	0.057604906328109995	-0.09769379817067203	-0.03859553749200223	-0.021734892684822593	0.08667635350354687	0.0774693163962451	-0.01784844628505714	-0.05597456481282406	-0.05782902471347672	-0.04002985255627201	-0.013578466670792079	0.14873073032784384	0.004294168446300921	0.006067867587901149	0.002990376215068086
0.10748115913858089	0.05762709502284598	-0.10837869806327421	0.034177055765461706	0.09701190711795343	0.024372850868951045	0.10778472305760367	0.011520756326234713	-0.036994821345313955	-0.021144831581998657	0.007405817239537827	-0.011291577510823894	0.09742508861162893	0.04142853125771606	-0.04317805584263418	-0.048184030422271776
0.10826961041610564	0.05263297633144242	-0.1305496726308702	-0.051491553266025725	-0.004449462706348883	-0.05586434217875211	0.10074266819174346	0.017814162264987644	-0.04998581352685773	-0.02681198899065569	-0.0008338581057007602	-0.04682220664282048	0.05183392086781151	-0.0033699259625567662	-0.03374028622601086	-0.0024628017763042107
0.10650347753283676	0.031167139291320655	-0.11661847211702842	-0.03279455921532648	-0.008984522479200327	0.08060528468383177	0.09988881111099601	-0.0007351666649742516	-0.07734906250026252	0.00425374531565377	0.030844834651317668	-0.045749403378988446	0.06096753457967771	0.032429025650397084	0.0771937289252479	-0.013608129490666653
0.10812487693867896	0.03449362264012344	-0.09978118992311848	0.017449447001170376	0.09328258188088617	0.03286946167163497	0.07346546795785608	0.01863795932043938	-0.020070710344491163	-0.15815449399125164	0.05846428154641896	0.02847621767117338	0.0184774686759836	0.032485815981452996	0.021620851492071158	-0.027221678069688376
0.10362536447457368	0.03579284173259863	-0.12439214984509804	0.006341119004174417	0.030618751208179695	-0.07653635502084627	0.10616103606825468	0.016021467019308067	-0.08670756107605126	-0.046577483197010515	-0.048203285471574396	0.03482629353649664	-0.05477476982848366	0.11075007659729508	-0.006042539075419129	-0.03783124186026152
0.10628005888671403	0.004306597229344661	-0.12085596715995624	0.020115926247055244	-0.10067002757405144	-0.027687385803158993	0.06632434049260538	0.01959840975136802	-0.05747469610254398	0.019465248337478362	0.07409332849300934	0.024918919725893315	-0.006672571465515809	0.14279817051128227	-0.03646664653693921	0.07233201601012734
0.09901043376224745	-0.000653947724914133	-0.07448958193785085	0.09541311604026347	-0.0602811265609382	0.07803871970226867	0.05459539842240224	0.08319771907800994	0.015331718096096014	-0.010959695494535161	0.09343840022447526	-0.013301163476509278	0.01960688363094141	0.1060833777013862	-0.0146177934545495	0.07096049765609849
0.09748368734488762	-0.004350284149420487	-0.08350466727225614	0.11052116066752403	0.050760934337258146	0.007325124684584211	0.042666118192050496	0.09415937229724952	0.0105795606930911	0.004340604038328713	-0.005242766566054834	-0.014637481556138393	0.06460964992269541	0.08139514385145974	0.042637725126404645	-0.06332042473418241
0.10236705147308599	0.019104387341202768	-0.08592082658743024	0.06365435333851036	-0.02015620774780691	-0.08077062650937411	0.03771279941460705	0.08567747560209606	0.052876687357430896	-0.06427390468819469	-0.004209812186476234	0.02781244996742651	0.020369040228418726	0.044465185680128264	-0.019993105643841214	-0.06170413413289135
0.10013116360439123	0.014598160598695367	-0.09108300104849722	-0.0006632474719434622	-0.07335350443894628	-0.03790357917586154	0.04380150438944935	0.024465367363679047	0.02510035064816461	0.036653180179442926	-0.04203499933334172	-0.04648868346224391	0.014400986597653653	0.06371015104965853	0.014844743148790418	0.04090856534163372
0.09901301027977691	0.010424719306533214	-0.07363685308701724	0.026933335154322963	-0.08300915162419882	0.0458977534210253	0.03870701283122675	0.025311654439908238	-0.023044913074986184	-0.0559215043450554	0.006719346808648354	-0.010065702695184989	0.004077716183370855	0.023256629346907073	0.0414194743547264	-0.054103264165871114
0.09956179355753862	0.007378010457068195	-0.07675944103791023	0.07797193427716174	0.0066886928524230675	0.07736824665389151	0.022681520580665637	0.020790319994768935	0.006365518469202469	0.020593857438048375	-0.08897108457365349	0.01929784026926018	-0.04976780427666938	0.05896758249264768	-0.05008602120528649	-0.0010222451217336385
0.10388786135150137	0.013707719463512328	-0.07350447287079154	0.0739648675573767	0.06399776953865434	-0.029334160092582814	-0.027119975938461223	-0.006151430755181236	0.020860305220337383	0.021494300372807085	-0.006196795082947702	-0.03500495369419726	0.015234065497978566	-0.0020525904183407717	-0.01355104893116793	0.09001624986726958
0.10058199106724787	0.017499144284981137	-0.08764619142302668	0.014160600271138933	-0.008219461657353978	-0.07948549256363065	0.007736374211696927	-0.01566804380495089	-0.0010482048122957555	-0.0031801026163535417	-0.10740629290696674	-0.051582636946597954	-0.007035165811313346	-0.019464046472069382	0.04043764085780521	-0.04495404238933212
0.094178556223791	-0.019889986981813493	-0.0899464348550674	-0.03130553644161437	-0.06182329355419425	-0.031134439458920266	0.025882744631822507	-0.024841354742235585	-0.00867299221148328	0.04140409473283202	0.06768574174932407	-0.06078944371152695	-0.0274663967094681	0.027964647359212683	0.032668693093836146	0.04708805841241518
0.09569707383720706	-0.04477067701781502	-0.07341512479346037	-0.018982819880591636	-0.053761161257133025	0.06801774379255766	-0.007279176522804301	-0.004516689925337056	0.015359714739669718	-0.12871866654027575	0.03273191322884102	-0.06120412721113838	-0.03991151997309361	-0.07903280204498184	0.10914118770322459	0.005750566303680737
0.09989381254225835	0.0008589843387577013	-0.07249715688732872	0.057626220730255064	0.011306557923314146	0.0905530110271174	0.02889628213966292	-0.0349065541484935	-0.035474747044073024	-0.03054600983672001	-0.04582847835733689	-0.006913505045053503	-0.08899206513252877	0.005106684248988719	-0.035078436379175446	0.017243109878605688
0.10690267601260184	-0.003937440733105703	-0.06893188545926882	0.09756652823872838	0.05082628799020138	-0.00737792529170185	-0.036096622924306675	-0.04793588782320618	0.005091578536542199	-0.09290185330612921	-0.002499604775814915	0.0027181016904042066	-0.0004905952272793723	-0.019813281091104695	0.03003857332544682	0.07529132166025021
0.10323678722213835	0.047612488995983894	-0.07313277432767344	0.07366969737693851	0.004448577573052585	-0.08398512383755621	0.040819580671840536	-0.016459746202998532	0.003699610278003789	-0.04577054071415121	0.003953147443876939	0.02400088677086626	-0.07373709182234073	-0.015404877271776623	-0.015262119606089669	-0.03480676996719846
0.10843426942792533	0.030249371058229012	-0.059436058613663245	0.05549870088367371	-0.028688287465134486	-0.0842411397207721	-0.019408485013431506	-0.058026822817447574	-0.013581615859821278	-0.0544976042095872	-0.09146714534991288	0.07558454296932376	-0.007004553675835468	0.021025272712807852	0.06554706691322953	0.05668169062182114
0.0959325510174568	0.022885971218872564	-0.05418237539986073	0.07023226459889402	-0.06645976997166572	-0.09367329021973983	0.025266470591917584	-0.032608924650051364	-0.0020835161672628374	0.030547551346757462	-0.043030834743059715	0.0508289331357772	-0.03512560942467784	0.0602004413629631	0.04163045727655253	-0.02101810834938292
0.0967834303477898	0.009925494750425529	-0.03391739146499051	0.07838269517536794	-0.11587862330280016	-0.0645341565989948	-0.024626874664312005	0.011769571370289715	0.024623595985860752	-0.001716774192355417	-0.08265196962142224	0.07287653908266517	0.06127341979540852	0.03607920866048975	0.06481825280942675	0.11118127752606938
0.09025765089330381	0.0191894589274579	0.0003985778008622249	0.0755293882140205	-0.12317722507162096	0.037959682870845016	-0.022000045505285077	0.06654007860045487	0.04349976298005151	0.08270679333855867	-0.061277027510381	0.06705296688602931	0.04637698372714209	0.015246616692510019	0.08226927180783422	-0.058487526490332675
0.08956649415816237	0.0039060337431340414	0.009609696546695988	0.07697209872159821	-0.0016288595929256327	0.08191252967839832	-0.04895009899525015	0.10047432477108902	0.10754337680737637	0.02402751333416491	-0.14301556405716853	0.11807346618030304	-0.003929119797323383	0.007990261695553669	-0.0025201284648876388	0.04774043011317791
0.08804225185031968	0.02084398058688448	0.00724590303563689	0.037038620956525395	0.07434881918400237	-0.010136050210762778	-0.07328110039427242	0.11617360662327456	0.10516296826441726	0.08683399256672694	-0.04661749113069358	0.06848132761674601	0.060996598043740954	-0.03174789106018128	0.045863086429388626	0.028071648455920407
0.0901887950535246	0.03239289159408144	-0.002810974497542554	-0.04642643777714624	0.04954107403508446	-0.05481850641451469	-0.05808849556305279	0.087387667252067	0.10117432453941903	-0.03975810474357589	-0.03890908313008398	0.13617131094848717	-0.0025638805652977437	-0.012748446604773589	0.0797851062565341	-0.04311004868737961
0.08183819792328655	0.020275132277762006	-0.00886350097086399	-0.11246164122925746	-0.003813789093184299	-0.044704614196020044	-0.03787691685979191	0.05413217387898841	0.0378352153900299	0.05014948007902921	-0.08729901465499859	0.02958928933500597	-0.04144972420766419	0.0016770973561297253	0.08587653861426886	0.0725640056775263
0.0864410696515803	0.0014706417494202287	0.0005708979354687866	-0.11601125986520111	-0.030198649933791656	0.044183469794080804	-0.05480161118476837	0.03671201935952381	0.023132970135989056	0.02303841455603901	0.035146177594074804	0.12282728126267936	-0.01911343614093551	0.0672124621060587	0.08432419214080647	-0.11264724966662776
0.09010127477199854	0.03191486894613092	0.0009345812751032606	-0.02018057267192445	0.01835981683334622	0.10015165728379166	-0.03272247095405305	0.05290372480719506	0.07497818658896206	0.030733063602891113	0.002499485080338648	0.09004294322702898	-0.09082043738911541	0.06815284406904693	0.0007841160391887265	0.06856165795573216
0.09075557949473959	0.027310218706132594	0.015136539767640919	0.011824994787407943	0.09416939493843238	0.03569964816035848	-0.048261725158847336	0.016392663763790873	0.00810996507317391	0.013466723803504544	-0.0025074146209977176	0.13895800412280868	0.036727724634202374	0.07351457665633075	0.09866415105058321	-0.0637044970217736
0.09331617001411648	0.021829786492063373	0.0011644508735822073	0.005655898113616319	0.05655964024379977	-0.054970793457683326	-0.06317789429140577	-0.027429317248042335	0.12158197895050146	0.009395734072857223	-0.007084861951740892	0.10784305739802373	-0.021569103213879833	0.05640592410637833	0.04028600994536395	0.023025715298158975
0.0999106872203871	0.03594002111088361	0.01304889159409161	-0.06379798366990265	-0.022802635642948522	-0.05521322819861793	-0.11464542423312474	-0.04316624016496736	0.06095068573888469	0.03912693777196966	-0.047998696573626536	0.057627138177082024	0.06417815814937268	-0.008831081707918582	0.11873174348221838	0.09418173570995991
0.10247283943706792	0.06381564742359314	-4.339076580755811e-05	-0.047104782212750704	-0.06716017032643522	0.029262126926815138	-0.0455156370517019	-0.06516252136875676	0.06259797989485603	0.0322358602564436	-0.03542254318065138	0.08319062847837042	-0.044514191654634196	0.005326925982348778	0.018334129270549688	-0.047838829037728584
0.10117492504427292	0.0195848371098618	-0.007697599603561773	-0.030234334967003944	-0.02269960951967564	0.08288560117236579	-0.06245621892843606	-0.08452612817628703	0.011249314602399623	0.023442818819921617	0.07351678251648718	0.03717429112338535	0.039481672951957834	0.005415371817452996	0.13139869250367572	0.08106549309021657
0.0987314758485619	0.016896096465459615	0.004417050134630544	0.05195746892433112	0.046310440017294174	0.06834871135413872	-0.07720056923801281	-0.1350573215043828	0.06826180320218161	0.04489506274364743	-0.022329514519120405	0.07335125640612411	-0.0138918293994195	-0.015217321894953872	0.10227575794969869	-0.0432475114546841
0.09342253333601605	-0.020245412209078974	-0.008285810106467095	-0.016591579490597252	0.05955185080970276	-0.06314608419422765	-0.10223862602489094	-0.11760030582016	0.09889365589662771	0.015192404704969797	0.010704596035379635	0.03513825712350528	-0.0023755127966393233	-0.026570907867444163	0.07654628238518858	-0.02248499878704203
0.10040597072131706	0.016543243501866752	-0.0031199253919132965	-0.07797272688305705	-0.05859409326969245	0.002208137084892012	-0.09476764206679947	-0.10742517980904912	0.13799696453510527	-0.01653215467829806	0.06712404670151059	0.049010303119866885	-0.05453281447051266	-0.046865524961657336	-0.02125369453838287	-0.006947493848552755
0.09339185671479336	-0.011408406083705316	-0.01497321804257013	-0.07812362534435738	0.014413912044229612	0.0951989376902148	-0.06891055775794294	-0.08799030036548577	0.023366149742814722	-0.0016754867616701444	0.06397512247897948	-0.03879806798847159	-0.016402588282190884	-0.05561385955633986	0.11389366345425997	0.08985589572258228
0.09682854129116138	-0.0070071476915683755	-0.01608849716636827	-0.003302148089490434	0.0733909975856166	0.0751409789797022	-0.0776395200530825	-0.1330101863368754	0.028140367714353947	-0.015902924683289285	-0.007488739292344204	0.06586240680173525	-0.05448603534644926	-0.03599697549000564	0.10823056253213988	-0.015311877726638331
0.09065757086159172	-0.02020694569461576	-0.018165097996242687	0.012302874412445762	0.08726589407565105	-0.028568435038763152	-0.0747506022648037	-0.11976869525641855	0.017062707610361594	-0.02518091783555133	0.06948671787511822	0.0010009669072267367	-0.05151224662866992	-0.07355486114715482	0.04628516726173221	0.12566297240180235
0.09261851803996247	-0.034351344362590755	-0.027322013342622804	-0.015809291656192177	-0.014815512943508144	-0.07409071868907775	-0.11908356208284723	-0.17055446690893192	0.008059711267101317	0.0040132416367103406	-0.028681412265631673	-0.007648671898444718	0.010696504788003111	-0.12429431629509412	0.1342598823665618	-0.007647050778076411
0.09728128226497741	0.003492425850475809	-0.026501033522918226	-0.004908870547537652	-0.09552655399366013	-0.003823189578448015	-0.059556966576105035	-0.14668722447568688	0.03999789089839692	0.014042906556214901	-0.023866681384001356	0.01575451490514179	-0.06168467294329161	-0.15472312634468413	-0.013082906914124993	0.0046924110468568765
0.08711049126137861	-0.057254039569285466	-0.008909000226928867	0.016009964911453494	-0.04755965704069306	0.0796916236275733	-0.07223798464958912	-0.13165265133277598	-0.011126226917386094	0.0721557212844428	0.06814172178838694	-0.044650950108353245	0.046040059950970956	-0.15829203953834778	0.1336242397647522	0.0837295697683966
0.08215701686643839	-0.04903113976946048	-0.00871668852188353	0.06977578581819166	0.06064606373371209	0.03750599760264022	-0.0382973917195157	-0.0730583701057922	0.022079869996688647	0.027157818762447626	-0.01760400427093309	-0.021511044122118062	-0.0024151454753630415	-0.14426241326978845	0.09521011125593061	-0.09111746606297466
0.07685106180917813	-0.0797198078787563	-0.005598062856873871	-0.007847863109925503	0.058587345276778356	-0.0705164830580188	-0.08655647849170464	-0.07825409862715886	0.0358765715375322	0.0947704710268326	0.0020197273102860345	-0.008367144447057199	-0.01881068527283165	-0.09453700716825363	0.03275893596287545	0.022386067031597776
0.08037544367759913	0.0070905766138412984	-0.014947602303713083	0.0014902156121775925	-0.046395862047265986	-0.07112428863591995	-0.010199847528672703	-0.010359123429124715	0.025314038192901088	0.04834178242970661	0.05949862487509734	-0.01487497788788691	-0.08467235331127647	-0.1156953599833318	0.025158673218079068	0.049526185166514046
0.08877672761715283	0.053541093917521695	-0.014637941283281707	0.04358690557988893	-0.11436446337664281	-0.029903889431089525	0.04809156902316466	-0.04485912436229641	-0.03147113684412201	0.07764034973751684	-0.003324054173854154	0.033003573759473395	-0.11207881357779693	-0.026037556141673614	-0.034186539982615435	-0.0011523516541409387
0.08421399142569401	0.06104482381458287	-0.015674750578426336	0.10965770935169722	-0.12935257560652952	0.030630599550226376	0.09980523968822501	-0.03530861460650037	0.002856924199745838	0.030947286609042297	0.0628265808164761	-0.06287419820800473	-0.10895688038935815	-0.03628334328202965	-0.04544692674805928	-0.057788470374749205
0.07899231434151173	0.05082926273922541	0.008951922123019245	0.1595747542573047	-0.05738641695971795	0.07221519701450661	0.0698731295673827	-0.0075967177827958084	0.011077669684160771	0.016544189232142573	-0.11519185574728885	-0.07979382838104579	-0.116492571012352	0.010070589864182182	-0.08637092269077377	-0.010928258541420249
0.07201287827476827	0.03581145338357479	0.0285511110969108	0.1557397681771278	0.02172829705585329	-0.050605821241457564	0.01063858686358505	0.029314164675226947	0.07754509223096986	0.1383073120999657	-0.022149416167005668	-0.10301016036655931	-0.052828035893067005	0.01483929948875379	-0.03463093364234919	0.042469518011080086
0.07002599743190464	0.023004191875336706	0.020608998325559295	0.005257181276010055	-0.06817994837943055	-0.05657602906690717	0.0083122791192859	0.07844606924601048	0.09350382975975019	0.04377066887387989	0.011675625521260542	-0.10138726156587718	-0.04320464855651906	-0.037341216006946086	-0.01588336590813885	0.018396132938308135
0.07714488296794064	0.04275176573315102	0.04083261028744914	0.0017001890923802171	0.001199966912735214	0.08948312596685232	-0.019610584554366244	0.08232165056255938	0.1645166917284259	-0.00312312810235691	-0.010783742428832083	-0.029339240462784574	-0.11239383385500518	-0.05707412937137586	-0.0855331529904935	0.06259552316782808
0.05803901039597789	0.00500853652600779	0.027864704413976007	-0.03784505568760368	0.13464452517160688	0.005685993720672201	0.011711268265675838	0.09312752006603102	-0.026487980638493374	0.0055533584417003555	0.016796201432684628	-0.12330374009729606	-0.10230585451170424	-0.011347254905482128	0.009974556590896723	-0.08990129678041289
0.06283845865907482	-0.014792575951231148	0.02644161233923485	-0.07360911109941193	0.07491314789542744	-0.06082579625277315	-0.01493511986909832	0.048118483258058425	-0.01204068767116621	-0.021907164258748786	-0.000560237574132059	0.0035974424656285394	-0.14423332871323521	0.045624123462352256	0.03829335023231546	-0.04423410318349087
0.05369706800378246	-0.02406903201657043	0.006378556693561081	-0.0652000826726968	0.004635290163928082	-0.09765265046698351	-0.002708961536024145	0.08724077162891355	-0.10595236215152265	-0.017508473452627845	-0.024842603872768487	-0.07682819422892889	-0.07926357979199843	0.02510989303437191	0.06175614796087482	0.010844996908887815
0.049403927601784206	-0.0738044831207758	0.049069803247096894	-0.047011366256756226	-0.08127565448839537	0.01208058549235626	-0.042720547402261055	0.061310714147369924	-0.08678187562525484	0.06682759610575494	-0.013562680043113501	-0.018210016203703	-0.05154302549545468	0.07626310181684921	-0.01588149052293715	-0.14655866447454158
0.0473395323723035	-0.04897532648927992	0.06421507923452686	0.033949776605848775	0.04870637551853008	0.04265582295358067	-0.031107778355609912	0.10525776698901283	-0.014057263013338513	-0.016545553076681468	-0.04464950737927964	-0.07636904684822496	-0.03020663856445475	-0.02795824342590489	0.011144251552395661	-0.07812802572596661
0.05756074555346724	-0.06190077149898544	0.0541106289969808	-0.062039271973280574	0.0380125580417041	-0.09510630061718317	-0.11220848086431262	0.001350383042476736	0.023068135482174817	0.06836124755704073	-0.06309421620787717	-0.06195317755476367	0.00871290426519347	-0.031873839801250727	0.01129459701493899	-0.16555958890256978
0.060235841468288094	-0.003560983998785333	0.06938615562521629	-0.10235729030853923	-0.04816088913587701	-0.0029591450885381237	-0.059305938552248236	-0.014000409554465396	0.045197368351220756	0.027969580375546563	-0.0004830116787801629	-0.030110569354625652	-0.11509295787272855	-0.023470513691010688	-0.03188081563326757	-0.06249538891340118
0.06386425211583052	0.004903756526582591	0.056431817221467	-0.06693299981229403	-0.03996139722624363	0.047201029202184414	-0.0020323645408681797	-0.018339441351145173	-0.09301201559006163	0.028425298153311487	0.08321223092207211	-0.01226114057828687	-0.11774592510854492	0.03627382687278991	0.005563552642031226	-0.04241466371412436
0.05629256807163544	-0.02902035393743099	0.06042653699562931	0.034983339388753865	-0.015495354378340168	0.0837381107590101	-0.00845757025635348	-0.012828959131097863	-0.06588153357628997	0.007286484594194892	0.08350983804161212	-0.007219652639023388	-0.14139823414112726	0.0751486118723701	-0.015504758199913826	0.009059868096754804
0.05015072399971945	-0.05407280022479933	0.07328344864625315	0.053089949079209234	0.0588336497664256	-0.04857524802301404	-0.04869859511759256	0.055136840958496684	-0.04310779864123656	0.07963504551913063	0.08322900586632899	-0.054727811585098964	-0.004881429202983786	0.0850339571370965	-0.022801554634649328	0.04654941187687571
0.052406372903098554	-0.027710007726321415	0.06823563121421604	-0.019316984507228407	-0.08092059888204085	-0.0493354562963132	-0.01677818241935485	0.07150940646129854	0.06752002563170059	0.04467752030756499	0.09082514677776651	-0.05082963684136671	-0.09171370769541363	0.0382212645552472	-0.05688305274028876	0.03823595033383134
0.053841645134276084	-0.03756279613701514	0.07787691940750387	-0.023394509390725595	0.0032178629857446146	0.07756862832840371	-0.05538891039596104	0.09264140668382283	-0.016819277631529923	0.051838986161061536	-0.01017137107937929	-0.07218972946548326	-0.006858590346530354	0.034598403458361196	-0.05352823365391685	0.04253755098379059
0.05737572023300445	-0.013466828606979377	0.07645850816665174	-0.0035796011569398907	0.10315249193098237	-0.008929906315817375	-0.06630298435787768	0.09371006718561894	0.05950069480659353	-0.015916235560537475	0.06937841633062829	-0.025257345483444726	-0.05712997113523662	0.01090149224532897	-0.02174138719054688	0.016226612357780137
0.05009911481637128	-0.021458177290145847	0.06086725783381407	-0.10386042326365326	0.026384132941701503	-0.07780163324488752	-0.046471368534962885	0.08695220054567263	-0.06369605854930183	-0.023105316196999237	0.01629027070102975	-0.058673150748388796	-0.010845366916553608	0.00522183278290877	0.023415714212494665	-0.046108695366008645
0.05222158237778046	-0.023065902758859502	0.0798810458174146	-0.1127385626741535	-0.0377583050792984	0.03202011937557083	-0.0541531190433465	0.08378589124763297	-0.008256517918700712	-0.06666028089337947	0.03307942998057449	0.05204932136936343	-0.09496180802619522	0.04174672249881788	-0.008676247843682112	-0.09616882538997583
0.045420007696717606	-0.04044689991013783	0.0737675239576584	-0.05595402027551456	0.036679461181506515	0.08466690774244101	-0.026146242962334334	0.11879583036122308	-0.07977064791918949	-0.010002638204009907	-0.03808868717624923	-0.02197176824941516	-0.11865476535767452	0.06549203961184366	-0.0791813388345436	0.018395625718991913
0.0498232105322054	-0.038839690733751875	0.0875421031613938	-0.007481027263171266	0.1065262643549908	-0.00928407832458386	-0.08496132732551522	0.06824360629206959	-0.04519782819671661	-0.04409994452548109	0.07989000097224712	0.031061339613704372	-0.014236660586933078	0.05811560441567874	-0.014637691996316905	0.03281655097168198
0.03970022245181426	-0.0452117103993925	0.059542989260966926	-0.05367468201031213	-0.0009139312845604361	-0.09812257824414447	-0.03096760363133145	0.09042259776380437	-0.1335522328838772	-0.08142808723258593	-0.03618239102442231	-0.0853731061395522	-0.00966406551800135	-0.011932162583008882	0.01168781985926537	-0.030267096057382
0.04487163335908836	-0.06512901528745119	0.09024483035892694	-0.03440117910089826	-0.029062231527682773	0.05594427743504617	-0.07322385090786582	0.026552640238655067	-0.07330625274931626	0.12853669043449822	0.03904277358691754	-0.002577314584819671	0.0761173182957833	0.061320248001760856	0.0050921001229520015	-0.04892065004777342
0.04368068656597661	-0.026236666997283	0.08266033256315068	0.026644457533571583	0.09011404313802299	-0.008956924724331053	-0.03908564382723931	0.09837538751231989	-0.0017388728915757328	-0.028265757691986734	0.11987768570059495	-0.08606084962944259	-0.0704929742017089	-0.04975716621321545	-0.06452452069483425	0.006827176564055931
0.043829880026186194	-0.04814560324084873	0.0684218362261959	-0.07234632701037279	0.012364033617047689	-0.09322083890412734	-0.0698980206544981	0.04559246753609827	-0.10966073630460378	0.040951114282598414	0.004374269964194397	-0.007933599002619076	-0.0071501938920675075	0.0031823401442197426	-0.012826294920307443	-0.0772293604444094
0.0427203762002491	-0.03567925699418665	0.07776347317651729	-0.05711679304350066	-0.07642548983126296	-0.01590634828989603	-0.028177786209710075	0.05500999340080206	-0.06482683541645536	-0.04336663737999601	0.12173029628177268	0.03675469901201572	-0.10934678422048144	0.0036528945825965503	-0.09168119577021457	-0.059278551148371196
0.0290456058087461	-0.09509285697244817	0.06728397256872971	-0.00986602405895515	-0.04742107818876358	0.07533205289788675	-0.02859449004716295	0.03584666717870712	-0.16280768290657183	0.04080889631263699	0.031321120804392054	-0.03911629918067345	0.09060911226652682	0.04746117838134399	0.050327024553099176	0.051687033894232515
0.036372061851287635	-0.06985640716217356	0.09089344058735277	0.08075491307941138	0.05575023272560507	0.0012697605531146953	-0.05881578858388462	0.0954766893694864	-0.07445935823233683	-0.09060904237432783	0.04931830700685354	0.00824163973381727	0.05734943443368308	-0.03706294117341838	-0.01459491713813488	-0.008558016483616279
0.03620113233724072	-0.08592758118962043	0.0692513854116167	-0.028634969178682187	-0.01609590317346927	-0.09461282565791002	-0.09528022162799962	0.05952910873827703	-0.07432350855942779	0.02441214102407529	-0.027371145122747673	-0.07318766720366439	0.087285750387903	-0.08386453437413192	-0.009211143090992873	0.0011081490071410752
0.04530721751063836	-0.05594100551088907	0.0953534376523078	-0.04049697210283361	-0.06361196064779215	0.050905342729108065	-0.06375945281055925	0.053076568406212304	0.004444910126257736	-0.09812781525320453	0.11389871435657699	-0.004180847726466449	-0.0014287342494481866	-0.09879903473501717	0.0031858145359396055	-0.055300738867031254
0.030267458495180005	-0.05395571389218796	0.08837752903159429	0.004042328945895398	0.0262759916431398	0.07450845292124143	-0.007389070233999853	0.02791683525492599	-0.11889896536004914	-0.003575236855706068	-0.07643531660428425	-0.020336710196000404	-0.06445669528341458	-0.010578239013486989	-0.07870293092857139	0.04612341476368299
0.033820732696047504	-0.07533991936672867	0.08562079489664008	0.03505479548674235	0.08414924138060037	-0.024726804109775673	-0.060299550694258616	0.027073311541780134	-0.11257174159680017	-0.015082357459214515	0.03761337820035316	-0.024446567820566038	0.03903756807320379	0.01723568142354147	-0.026539321507995338	0.05795143383823104
0.024648374623819195	-0.07263210785893487	0.06615424622259694	-0.013055408204680735	-0.0019444643033432777	-0.11016616919654452	-0.026919566856599346	0.046956477951562804	-0.11380018564933368	-0.027330244199141932	-0.10094257921231319	-0.04331611675709354	0.019022474457364727	0.0038891964003619265	-0.01452370144431366	-0.03725863699500313
0.0318488194383847	-0.10414550730045789	0.0759093120208053	-0.05583657823739547	-0.08270628286655565	-0.010764038954502527	-0.0802434319048207	0.028261834998309195	-0.04199933840758782	0.006664764313797193	-0.019308169084011607	0.023882711592761334	0.023522017971703408	0.08720776998734293	-0.09208012826081048	-0.03808137823055797
0.026587626449816715	-0.098886583991874	0.0700032873532373	0.007245411989795987	-0.005903780067181931	0.07662482153961643	-0.0508264887705428	0.07682895959410933	-0.07625611541307467	0.0024964955404342066	-0.13929851873851778	-0.07978015080688748	0.022707472558517718	0.0493632444427894	-0.061451406262634886	0.07997119325970924
0.024808874745251994	-0.12092832711395084	0.0749579290207169	0.007491777516566115	0.08492264833768944	-0.030698438145554376	-0.0952516965907115	0.0346127004131566	0.01155937759210497	0.06973498764359401	0.07883425700499513	-0.010954092713899747	0.13584610449437157	0.07678656223917125	-0.07158492770460498	0.08095879307089512
0.030252109265133047	-0.07117490985416265	0.08307977463130327	-0.07060507378185474	-0.0441193895431256	-0.07075586578226335	-0.05865373537177665	0.031222103271944374	0.01633600066937643	-0.05321470852985145	0.020858854078570688	-0.10000380231549179	0.031215369336061897	-0.09368597364839731	-0.06025806350792585	0.1253169709698405
0.02810154676523686	-0.09480182653755241	0.0715351482132958	-0.08120419366833834	-0.033735148918455665	0.05621954752409745	-0.02847103188506029	-0.06382184765376095	-0.08168313846157242	-0.02207446614927801	0.021988934432176678	-0.07517574308472628	0.09879614138390858	-0.0009730023633927286	-0.01682040692932157	-0.08521863283435166
0.03183266959722458	-0.08721381276653475	0.09163566495743239	0.014954634927518666	0.010389214341369012	0.06907426596971512	-0.04821012591794768	-0.03620220495220505	-0.07662451472900926	-0.14641584479045425	-0.09328624442096087	0.001428163221764183	-0.06775332416737119	0.004151709741648298	-0.12879680868363588	0.07770063300558822
0.02004315098588215	-0.09832548983942886	0.07574432419397868	0.07266535059724111	0.07574576659886267	-0.02856042051470145	-0.013457368549783445	-0.03130525320080626	-0.10711592884474654	-0.010120562347529543	0.02675766561068077	-0.08050003895927928	0.0722980253021804	0.05023409227925214	-0.04780784155224857	0.005315691641121348
0.015418187829741976	-0.11981551912423655	0.046464733620353235	-0.005065484039957836	-0.0512144609721711	-0.09512353409240232	-0.03109980184293635	-0.02900304510983853	-0.061358795421591776	-0.034618139861273406	-0.07670114383045327	-0.12083470527464162	0.09639571099610518	-0.027819115560998305	-0.022484466705978447	0.024395995853712483
0.019270891538710214	-0.09955548836888724	0.08486686095705114	-0.004928392447119462	-0.0440405228557054	0.06496914423515261	-0.030814932123665154	-0.051399430502652284	-0.03382109588303598	0.07912630894320824	0.02290747443455496	-0.11605296588573448	0.17368233251187778	-0.020679170047977175	0.0007949690046490641	0.013933834681087696
0.021540415432095242	-0.021604659427538673	0.1138621486933467	0.06226967406652022	0.033385696366632626	0.03673572022891385	0.02013053779131489	-0.055206257252668645	0.0402550870351511	-0.07441067291738761	0.07973642417962265	-0.03063810679245234	-0.04705454270679932	-0.14227473344519742	-0.07496715993616941	-0.087919467452651
0.015641810183413513	0.010830014120612918	0.0927298937184399	0.0745909717942775	0.07997654322323391	-0.02635637017544466	0.07966302204788359	-0.08496499400850221	-0.11789320151669443	-0.017571031367048746	-0.01213716615810235	-0.01705232001367747	-0.0016163833365537492	-0.06813126023857587	-0.08288290452360939	-0.006623467234932297
0.005475770145887191	-0.06062594955769665	0.07162833933629936	0.038033107875170294	-0.02746011510931726	-0.10247350146377172	0.04319307281886881	-0.06298012631997667	-0.08561784021322343	0.008564520926882892	0.018022957108837185	0.015965580605753437	0.0680558819016513	0.025910279489236035	-0.05706853045648437	-0.10632967924244209
0.012509253632275353	-0.010817672914522932	0.11017523380114823	0.04720311143817834	-0.08577693393496452	0.030561615021536013	0.05640959319283664	0.001670298350268287	-0.02242591109132551	-0.012006843108835813	0.06545720685655515	-0.06589704881159049	0.11022100964812473	-0.10920667278829578	-0.028148978689636627	-0.037516659714129236
0.011832473936268897	0.012255115656611946	0.11434503462439989	0.08304164472390016	0.05687798541025518	0.026864298873003043	0.06804147185634245	-0.05389522910492973	-0.04548899188544212	0.033718440566914684	-0.039896727010408285	-0.028845594792584545	-0.014713414732728972	-0.09621838112078665	-0.04865161782397383	-0.11001841550290012
0.017244848034768	0.031572284301339286	0.11116355114293147	0.06099673865215917	0.03761840110320326	-0.08017439630838862	0.056153816950041305	-0.08379697712043874	-0.017992248335708297	0.017795979000322273	0.08592784408919006	-0.006641855680856331	-0.05008683649575996	-0.06609623900120662	-0.12451713596515213	-0.025042052599176245
0.01073573510065531	0.03525104233953778	0.09873701222415718	0.055438499454926994	-0.020035455480216117	-0.09695215803634147	0.0733991591223171	-0.06242846331364158	-0.10306892539705009	-0.05242483998402304	-0.12337903078611052	-0.014645914208776149	-0.030059367715200805	-0.09801668135490912	-0.003266003001122686	-0.015566870575278152
-0.0006210582451777276	0.04876138992572114	0.11353127930292015	0.03530564385230832	-0.10346161081622308	-0.08518292371708056	0.07333952946920573	-0.06180567567676364	-0.03214516111109952	0.13862918889843456	-0.005047897343736934	0.02265796741927884	0.01634729493330183	-0.0189734320118283	-0.05830195605274347	0.022123825555813013
-0.007018359459174535	0.05304384690331214	0.128848246304345	0.038464378958097976	-0.10500360092736792	0.029627309247389908	0.08978418726436307	0.05738841684902718	-0.018010983067358165	-0.1186238546167243	-0.05141531166292064	0.047654811249836684	0.11522475457271093	-0.1308877184460046	0.071595220777319	0.006679013476804031
-0.011420400089163452	0.05800112561004216	0.13674604938269846	0.05827942519914733	0.01785272469861705	0.04810265248151514	0.06845712287938675	0.0030277643522551383	0.0686831068220029	0.13121793385388858	-0.06905235406326819	0.10172186971615815	0.09014366719917541	-0.07075263642703591	-0.027217543728392746	-0.09235335768784281
-0.007378494156251769	0.06621707222710752	0.1254794285065315	-0.0004093287641784006	0.0695731057573778	-0.05191887737733725	0.0866030925573144	0.06701530682202132	0.08793083686686853	-0.03876692583588457	0.0783364467183249	0.10240364834805732	0.035639278022726165	-0.11649676377705108	-0.02433849821660233	0.03991969572719852
-0.005112574789266897	0.10170177460144904	0.11402750633677494	-0.07597635068173754	0.0033731603619001137	-0.07345138227718417	0.08012423421111486	0.04454488441181695	-0.02534509471691264	0.08902440289343204	-0.04665741767746691	0.1001978202984878	0.06041292058864066	-0.10067142012259786	0.002106210197182129	0.05851314014051369
-0.007553256035269409	0.10193183775586852	0.11493971619462746	-0.09000380497499463	-0.04394834716678649	-0.02001372030987187	0.11005848661558224	0.04781329349958505	0.005754967417193963	-0.03613908142917808	0.10390141612528903	0.16984493180634083	0.004708082872364219	-0.07490740160674689	-0.00015196428193990977	-0.019842386184867722
-0.009321603643537938	0.11124458957713264	0.10258330136912909	-0.05877148650872961	-0.06612320895373598	0.016905748677267747	0.10026212564261343	0.05054742648294888	-0.07873582974131516	0.0239244758988263	-0.035032736477646396	0.14029595764885186	0.019349474556644142	-0.046498157746445314	0.007866446130312428	0.05671253972606807
-0.01344095096029154	0.07706458461841846	0.099693633930482	-0.020097276516589158	-0.051426348672900184	0.07855092214128026	0.0993232493423419	0.08967116225652477	-0.033843707942625555	-0.004812047446084165	0.08547917850506632	0.11460377685046062	0.09304500494727476	-0.04639323644091074	0.06317324335896167	0.04228145694120047
-0.019583085727716516	0.07830708179559669	0.10144301586978756	0.029397348165934756	0.03850600339685089	0.06478015520191406	0.08098802093041142	0.0733861309276722	-0.002763210496370293	0.06799204637186672	-0.07388167875804892	0.1324763391525059	0.058818430391639684	-0.06374470149469641	0.01120400432612906	0.0016572398728588282
-0.015238070208855823	0.07731251636351241	0.103842529247093	0.007448693349530353	0.08201460714155184	-0.031572225059603	0.07335726117510388	0.07693944878868068	0.07865136477965103	0.04196218215837803	0.09047633487762176	0.1392887555304011	0.05599898544423972	-0.040462028222752126	-0.0723115519361119	0.07844777921154698
-0.0174895418871406	0.0665103401425814	0.07102719391826072	-0.08782144235603652	0.005868496498689821	-0.06983844750221282	0.08211472881400698	0.04574448187442203	-0.01198680881922541	0.030014401169243435	-0.04160806753346068	0.01892786162706846	0.09939533316096738	-0.07275620458361368	0.0758790416617206	0.08134278516757812
-0.008947296792861326	0.028449156502069552	0.08635583342492448	-0.12259413591494674	-0.013598953876029472	0.04791036522988174	0.0754500097580405	0.007391227939835994	-0.013337995409433657	0.024815502993120547	-0.06810875830243125	0.09964798168060546	-0.004275378799320924	-0.02104100306385864	0.02729800011476386	-0.07431164898910253
-0.015214343884206852	0.06907978704483797	0.08903244623342849	-0.05030175018907339	0.052065431536388394	0.09169591435002128	0.1044753316597559	-0.005811429628494862	-0.04436636618644596	0.02281968146310427	-0.09354286765070041	0.05355439074296712	-0.09556990586978739	0.00983416528978257	-0.0002972876187970697	0.09296427642424951
-0.01655411292984012	0.03587929479493149	0.08532176372860376	-0.0004606569051303865	0.08741797084480978	0.027675469422188115	0.12015659709567156	-0.08874461561350433	-0.08864101783914856	0.012471380339950811	0.0552931973428903	0.11883529508829045	0.0027563216355927776	0.08203421057036119	0.06785736501403719	-0.04938646549167202
-0.02479419007701803	0.029144186065857402	0.05912787486016405	0.02804948802933398	0.041760809677260154	-0.0892240545893182	0.12386100503161539	-0.0619715144984343	-0.030814016274455357	0.051486440446127345	-0.033339906091877106	0.0557022650074139	-0.07372639813884663	0.08027030113513363	0.04040386359233039	0.008693683981504111
-0.027979182792545704	-0.01123339670645841	0.0460993726357211	-0.056806037797695566	-0.06911510856115358	-0.02865185910509021	0.10243553429801053	-0.028507884840701138	0.025672691214070332	-0.00026724377098201783	0.038548803991722336	0.01648837930083689	0.009083402027010667	0.10941537011232369	-0.006345236427898985	0.08751637541264726
-0.02086103591310719	0.0036949410795487493	0.08811125915384588	0.007958159591447026	0.004798682213659735	0.07584967313118408	0.0674342102808441	0.005026075717959256	0.07255319617956753	-0.08808957888142942	-0.09619959811482691	0.03556612398497382	-0.03606154456420517	0.021935670698887383	-0.03980639043432686	0.06501034666662744
-0.01661795065850223	0.06935875893774299	0.08285370981586852	0.05691074902221006	0.08339591217431619	-0.018506110612049785	0.1157107434848896	-0.006017430386030036	-0.03965129353014457	0.012830178893617481	0.046934820676000424	-0.003760190289591763	-0.03558280194208905	0.010716851289083347	0.011615722092520455	0.01592091958587817
-0.01372915170915951	0.0515900896049596	0.07486331213536962	0.027287489333485872	0.008439599122350792	-0.09815656475443572	0.10649664907405532	-0.017650911485984796	-0.0820825341061523	0.02082780423397499	-0.033844142729838905	0.04636172649460259	-0.044443168210010035	0.034816857516484355	0.027476679361630053	-0.04604305621338524
-0.026534016790209357	0.03360294171402971	0.06315670332947049	0.001288801667163037	-0.08530865884056682	-0.047458149056823544	0.12788009242650064	-0.019942995158702	-0.03368785710860028	0.0258266882625506	-0.015003293487730973	-0.018599116574255743	-0.029985697782901735	0.04404709607459053	0.027233073823115225	0.10212494550519026
-0.02248369714257555	0.02457371456293986	0.09339866297613839	0.03821057907038137	-0.04248654248636779	0.06472268940896288	0.08691496687050879	-0.04358055997044812	-0.03178212824931481	0.080757325809202	-0.006124741892493918	-0.028117328789670906	0.03271733176095148	0.0065152437861589136	0.05164549609156952	0.09851815885370324
-0.025298971382811182	0.03180733820596571	0.07135872407184521	0.07758356669395694	0.07445093511957956	-0.0025578085113020376	0.08776191972584751	-0.00437375183405907	-0.005127556952996069	0.05727600986828219	0.009464633737288248	-0.028072671042587417	0.0053250323068961365	-0.009248333621234095	0.02634935750319329	0.012711655490679845
-0.02604903135831322	-0.00226857721610746	0.03825938069396238	-0.022475477434411438	0.009884357622512677	-0.09423093399824696	0.07216667765400084	-0.04038560772795463	0.002147708553036583	0.00019928720178646276	-0.021353316358990057	-0.00653902226614304	0.05555302198377849	-0.006277066655377008	0.0364579431567805	-0.041636413756817495
-0.025175525593417097	0.010310840728636417	0.050409643633600835	-0.06433727200425188	-0.06193018259766812	-0.0024518618468539095	0.09306270798425466	-0.05957570156613975	0.052827458971168736	0.04115400861565551	0.013099635847738966	0.022657352554045045	-0.03715073331771151	0.005531839682995483	-0.06203027638689343	-0.02680591498334342
-0.03130651903917264	-0.038976925139470285	0.014347297557248588	-0.06314869453328113	-0.0006424673648794371	0.0890022389941314	0.08082854883456471	-0.09412774736726301	-0.02839707392789962	0.024459620556363842	0.015361465124636802	-0.05697484137100983	0.03735707242928729	0.002592263606657988	0.06434557456881418	0.06879654374454612
-0.03416470751399679	-0.04705494213014519	0.024764077088476114	0.024187709604028322	0.0773274432608694	0.049554428892664246	0.08845334085230802	-0.10563244681553133	0.0015754367300467324	0.04433836463667195	0.053205624436157305	0.029219170226609022	0.007751957190603245	0.022363070873475666	0.04015542586694515	-0.07500636402204623
-0.04431689516687489	-0.07021207102160153	-0.027212697687010186	-0.0031194907547515732	0.0574193019088248	-0.08012628305986928	0.060492411705363604	-0.09650558658914744	-0.007185256033202103	-0.0412563300239465	-0.043681795560759705	0.009701557016388213	-0.0012445880906056042	0.030186639269163575	-0.04204554774940172	0.04348254926358421
-0.03700867825890875	-0.10832875647183535	-0.006094371795242042	-0.049520358229340096	-0.0666695403739221	-0.02496599522419983	0.029531346738648264	-0.0909221888489615	0.04865192109770798	-0.08028595865277413	-0.02263824213962726	0.03823902228320454	0.005029010118002547	0.009257920798047832	-0.08094281099991832	0.10276233154644425
-0.03836735275204412	-0.03623843143215416	0.008509428908979759	0.03506517238289625	-0.061934337298993634	0.06993947551767328	0.0867632840732935	-0.07995566859787584	-0.03764769313334682	-0.044444109679277644	0.01309653700345178	-0.04788258499284067	-0.001119108161023367	-0.05887171320800767	0.04002438662514998	0.042154571139821184
-0.029042383112356254	-0.030188348814294677	0.059565643365617246	0.10732170608698333	0.019778407066074737	0.04787601459271691	0.05599762397672634	-0.12039968362261493	-0.021777145030589678	-0.08606309043734223	-0.0030714196134380045	0.11669023694844927	0.007569809873550557	-0.03509202750151411	0.0364029681920817	-0.011267163903369924
-0.03548271248539681	-0.04563711472589792	0.03778912004753777	0.08606405627311803	0.01698384343527391	-0.0934017804587961	0.06784424883766496	-0.09176185558262351	0.02520611136676996	-0.01453442034663636	-0.0734698508819535	0.028089263923045775	-0.028643597968493743	0.032492153349928464	-0.01717916594696709	0.11708304751756146
-0.03131933255236825	-0.05587568318996413	0.03943193906280537	0.013090715526277575	-0.09844013112391478	-0.014544836795775918	0.038480229029589974	-0.05562520517130056	0.041967735146982744	0.08576868083068692	-0.0315969168770876	0.06593683716632731	0.024413617896555686	0.09208408029146896	-0.025243997043039094	0.015551622927576073
-0.03883614863515199	-0.02940973771284007	0.039204168173500246	0.055394619649414424	0.021781397228683923	0.061328190045473234	0.0788236407223444	-0.001572649285077294	0.08578128865384396	0.042475758237545534	-0.10273923587642993	-0.0050620947460991075	-0.05400380645602513	-0.01523092284758507	0.01878032539601583	-0.07059849864562275
-0.039508060210877105	-0.05582357060657653	-0.01066392291467385	-0.03224282378139749	0.06043695238972533	-0.07975212974837968	0.033067325852017895	-0.02242308676458178	0.07464938869869382	0.07074854311009739	-0.019351104589779223	0.07435419950638301	0.02013864124388662	0.09589777952098447	-0.006938682342371218	-0.05922893412460415
-0.037146616989572126	-0.05129157213092793	0.0017091669460792935	-0.08913837589545377	-0.06499935853989856	-0.01504748342225388	0.07046102138850531	0.00659764557196253	0.0927270003016129	0.006322513747812651	0.016312562874124723	0.03812629661924692	-0.06479527200209217	0.10969351446663266	-0.04325485001796888	0.012332457553669202
-0.03912177579720298	-0.11631125088526999	-0.021036470635079102	-0.05895081681106172	0.004395502336955644	0.08783586740408673	0.01430482926633348	0.01593768222727467	-0.01858855239441161	0.030880617595052225	0.028441199098636082	0.04334795170570532	0.06065615619431564	0.14333048801439816	0.056698044119442965	0.060616411062834094
-0.028803102562836882	-0.12030915144311356	0.001963843925505364	0.02517290106159883	0.068975063022506	0.021813884175450167	-0.005137966963606402	-0.008942252968455388	0.0332038543194665	-0.1217637355712433	-0.01946305176486882	0.022216804951789768	0.10997512141574683	0.15592616401109474	0.045314387289039464	-0.04787357812110161
-0.0365174271768634	-0.1441483564226576	-0.019155386472677314	-0.007135020262468534	0.012594898469142224	-0.0961940257758094	-0.02014985980890574	-0.03440446398688656	0.04738497449783061	-0.0020620516587731294	-0.036562329852012396	0.06968258566643054	0.09772656273879242	0.17109036569454064	-0.01222633533342216	-0.07510797932686225
-0.03315824105926729	-0.10334884645135642	0.04236218795111219	-0.0035894426907297854	-0.10657905246649224	-0.029170481077028076	0.023575364094846132	-0.05370538828610613	0.15564689934701598	-0.17468115047689417	0.031118520329107512	0.019101856665839172	-0.002763830315286781	0.08477941896416664	-0.06504989264108647	0.05007670475687716
-0.04047758006237467	-0.08264677042346341	0.021519057032984727	0.01988759192133245	-0.057389321590209076	0.07156211484436265	0.04529532777619691	-0.06961620041375831	0.04395114416651562	-0.0060619981562782125	-0.0010958434667851992	-0.05322275856040217	0.09525160134830407	0.04561974089091752	0.06103023269351389	0.05795967459990141
-0.03552999446675759	-0.0757649432292803	0.04609169761558321	0.07138116047829299	0.03731691738720069	0.04155010103922686	0.020420426258206937	-0.11665643168925041	0.09102293423063751	-0.12307621651038994	-0.07333810812701323	0.013625966070739296	0.07490898284671416	0.0002692601934125229	0.06696099919882817	-0.04127582796705896
-0.04217738402134973	-0.05689388512174022	0.014646411368813797	0.014487762032607038	0.04455196638370216	-0.08083108577983068	0.03827528367986502	-0.08322605413994241	0.10018588548552898	0.014221646834012072	-0.05253588398266569	0.010529202088244496	0.0068832566634851895	0.05189577928136835	-0.04891215862385947	0.015413222908636058
-0.034695081290601955	-0.04092102347728829	0.02924590748979542	-0.060918558640853264	-0.053807889649196486	-0.05401655317906363	0.07103902042306207	-0.011756508989986859	0.12128594938591455	-0.07534546856141275	0.03333772422415305	-0.002333103952148515	0.045728933512991086	0.016641102051231805	0.00224819055086897	0.10337434349821512
-0.04029140279882442	-0.03873701214527412	-0.008838124894156725	-0.07220125013110401	-0.05588275298595897	0.025667827798035826	0.07245449535607945	-0.027690895466439328	0.032676861055701736	-0.036444600711019376	-0.053653632359659295	-0.029948820961996064	0.007053938375163557	0.04538836894313612	0.009726716579022876	-0.04406244557376006
-0.036833404855556424	-0.06877012208199672	0.026829265559203282	-0.02281246815487394	-0.011024459332941447	0.08994958764807154	0.034168415148819485	-0.02644114089072068	0.06373124261645312	-0.07708046407237035	-0.030311921558476125	0.01715007649891219	0.04657213948090978	0.07784586075785249	0.0002785147464502147	0.09747281320291508
-0.04299903846713289	-0.07042957608431841	-0.005850943651736154	0.018500161162823815	0.08810053049077764	0.029033685135905873	0.04518883364691459	0.010458612186970279	0.03503643677219976	-0.03236331544152214	-0.04173539840514425	-0.03338280229927852	0.09601310635456714	0.046417987790808725	0.05163162603588902	-0.0579388903365811
-0.03604346510309335	-0.07844908519873252	0.0057241116867565965	-0.04588653682471372	0.03202310507901091	-0.07939178096073483	-0.0014316261069125074	0.03151073515512366	0.10956416798618103	-0.05781406441181578	-0.13098445160384342	0.07362832017313134	0.06110825768603269	0.09766954475135169	-0.03584026628293962	-0.07061755073828783
-0.04666591926595423	-0.0682657468781194	-0.03203270066440356	-0.10246240968327815	-0.04123060404079375	0.021369365562363914	0.05205125287750143	0.08432542769043791	0.11165995484576068	0.005681329103445097	-0.12498010206489413	-0.03627214085494753	0.010868837855336209	0.009274816145595593	-0.061708394294936	-0.05916754897637023
-0.0407998788664373	-0.09398289573273781	-0.018517373439045942	-0.08619561016857301	0.08832680959939253	0.09561785922515181	0.012117247623319909	0.00459457529959596	0.13865428555228043	-0.00019227409920063502	-0.13521523569021235	0.008356618302636514	0.021530235672369183	0.016525494687893192	-0.0829229505608796	-0.057153332451846964
-0.035489844904050626	-0.0759540071055646	-0.021342368227280733	-0.10204702967305997	0.1317988991266395	-0.02810484356267046	-0.006402181073766452	-0.058915119993195895	0.1013191403182351	0.011830328111114155	-0.03453683635567437	-0.005272859513308057	0.055763789426320216	0.04768701008306758	-0.041904015109199964	0.05682615149665235
-0.03135739534776279	-0.10617811097711317	-0.011979697830155067	-0.15441534602765225	0.023972349113731528	-0.057631214525810825	0.023397799253145668	-0.08434581263144963	0.06923251745538157	-0.083140460089185	0.05595970802361832	-0.015525121997173473	0.04665839695166249	0.046726500519312014	0.006581650269151019	0.06066910787823229
-0.03898805755068431	-0.09388363154475446	-0.03250017102042446	-0.09865803819174272	-0.03222353635354625	0.03307204202400389	0.0716469567659193	-0.08603906309374976	-0.030832936454632805	-0.09146153120334272	-0.0481863611007217	-0.022213932594923817	-0.004305617878716072	0.06270070851721657	0.011875458213513835	-0.05898209473746993
-0.03685731759478202	-0.16136728655098717	0.024368393058360627	-0.03400601785899608	0.021188057491978152	0.08659611399854866	-0.026651317924116107	-0.13205977230069588	0.1167648229844548	-0.06072860129496103	-0.08526429180049135	0.03817839583037417	-0.048057435792969526	0.12993254651663866	-0.0877663878037834	0.0437456097954538
-0.04377890427117739	-0.026636318256497836	-0.008347236856811855	0.0826770853596383	0.0665653949309418	-0.02693442680301682	0.0539309258714494	-0.06914383985010399	-0.016074458033481568	-0.04645312682627517	0.07901378604385118	-0.13155996902591444	0.01085480801204931	0.027320133760170937	0.02429605840087085	0.01775513429288992
-0.040663859317131554	0.026206576413456546	0.009331113088851461	0.038846303745838515	-0.06537060503737799	-0.09268699451432465	0.07893569005502721	-0.035818716231813964	-0.02046919399325395	-0.0436531290728565	-0.0660792466441587	-0.10957800045340683	0.05450441471999443	-0.0357479589939301	0.07636401270512397	0.07726639294471499
-0.051176324591788225	-0.005810224859854577	-0.014598434192987605	-0.001911288549021582	-0.048551281796467366	0.0634290573018892	0.06152966344949863	-0.01549278573848994	0.04151640507346968	0.06701361879825644	-0.041992904074063274	-0.15770235656662285	0.06803251566446608	-0.03620199803014455	0.11515882499538325	-0.04495704974437097
-0.04560726821584473	0.013833938719410336	0.013985534459409909	0.013917335731799698	0.08272301607385889	0.04560667300174324	0.06545152980786476	0.009864571775718348	0.06017793367090766	-0.05734003356490143	-0.030589576152475366	-0.05332687417812173	0.005258718178638151	-0.04408456874345894	0.06796428109937691	-0.10244472151009656
-0.048368550433633875	0.03913405235120889	-0.01256351278658815	-0.03479485651471088	0.09087989747460945	-0.058068127557115184	0.06177117407880109	-0.0013276994608758367	0.04454932648441439	-0.002430795600464132	-0.06915009553207303	-0.06859688123146813	-0.061961149425035146	-0.01581024057690729	0.03434136893544933	0.0022329014847446193
-0.04814838113728798	0.022590654488888407	-0.04095197298584362	-0.09828898460900869	0.005507629034803181	-0.06373047365508355	0.06155505402820811	0.020157481586750344	0.0004729271178529261	0.04280965407739968	0.03508337155512025	-0.05498861082987648	-0.02714696370645886	0.016489797927869084	0.056320329172167574	0.04833161976527704
-0.04885625986753804	0.021417414713467097	-0.025358430135783212	-0.07797938739122902	-0.03842663175692806	0.04578201747092598	0.0516774902525994	0.05198975115585159	-0.012811406672460446	-0.026868305568915098	-0.059796576940751155	-0.04813058264109979	-0.04187021501049984	0.008287842590370752	0.07373190772937264	-0.10017415849299663
-0.04655619129741906	0.0328426658651893	0.011092318098510507	-0.0019534507032835983	0.03283233309051358	0.09128256814632991	0.04288592354210601	0.055462181307302946	0.039038081862412956	-0.01851664349700809	-0.004898495691570417	0.015603716876283594	-0.09497229144642512	0.04188189431136098	-0.04016144765619889	0.018028131997207344
-0.055303941510894856	0.027471165615671703	-0.03306667166024054	0.00034594522764693744	0.09879644872945492	-0.04020597298313074	0.04248145055677436	0.10061764303884559	0.023043519415427604	0.012907719196301187	-0.024733725684438938	-0.08884741020974318	-0.0443711446169459	-0.012593504676631536	0.01828196798260751	0.089014315512535
-0.05112052576624316	0.01916749274059969	-0.03541244838107623	-0.09074567178313407	-0.02372750555439843	-0.03781748861433706	0.057747029639735964	0.06519158719621154	0.04861340419111615	0.08835236118875049	-0.0045279138316262285	-0.07107430383376985	-0.062398040493405874	-0.00726442829727914	-0.010551546726378933	0.09549294360250861
-0.05355185548271267	0.014979658350643249	-0.050897758981796284	-0.07822803857291877	0.02478253586234505	0.09248807247694767	0.05836129537283621	0.06615756945831969	-0.017187354180926918	0.039431460572881084	-0.058858546904089516	-0.11154375517234794	-0.00849271851736788	-0.06569014425879752	0.07797657434276727	0.03914864672403037
-0.05241054054897497	-0.033504212922234954	-0.05286683754965704	-0.058840679801071036	0.13252844535920177	0.036985401907757044	0.05307948320059222	0.028369836267732863	-0.020946205448119745	0.08248939132259081	0.07778159708053262	0.01703667172706263	0.0031647065612572145	-0.006111077969069735	0.0348018945810537	-0.08156521216380844
-0.05216469741776793	0.0035298120946747795	-0.07008679913778718	-0.060519100485997984	0.056035471247896936	-0.07457098205200896	0.07590768699298459	0.011107192834208498	-0.0434380764944323	-0.03796376490640595	-0.011296768149655483	-0.0077558209309864295	-0.07597660956787865	-0.018353450007492902	0.025002764683826312	-0.08528290498743307
-0.052801054384397215	-0.05540781939110908	-0.07803363396304856	-0.094377730050336	-0.050838708918700945	-0.008868578432647246	0.04090881733794226	-0.044773720135522894	-0.03898788524792805	0.08258056654127163	0.04844014325181677	0.053314478770434374	-0.040951916581756606	0.025043043627624037	-0.05721950606895636	0.032162079259635365
-0.05319460973712362	-0.06128900526129703	-0.048318549100646556	-0.0037730671569050373	-0.017373309641221003	0.09022997289179871	0.03981241050748061	0.015615561472774995	-0.033931207917382286	-0.1262871741325432	0.04708693956869858	0.01624038629012511	0.0038176750013033042	-0.058787349445680724	0.03599937459404552	0.12076829591795091
-0.05742706017915946	-0.0717345940407196	-0.0639294646639099	0.04105826005445437	0.07526874240219866	0.010246813429752016	0.014756560845133148	0.014952835984827165	-0.050484858675070236	0.09825058386206584	0.06530900646280387	0.07961808139160129	0.034685159652692435	-0.042612556260904814	0.014543905618862893	-0.01197073155395112
-0.05395842441248547	-0.06408825467975568	-0.050779002607984264	-0.014653200829986737	-0.0067818817514611164	-0.08776510518940657	0.020061769086286138	0.057960329182487294	0.016037275954400187	-0.10903778768521148	0.06886756184368645	0.09544830108039748	0.02637344938602652	-0.16559510953996556	0.022669423892539113	-0.03219588548978347
-0.05809371689482301	-0.06533380577521353	-0.07780591775477438	-0.05563475559673726	-0.07425790506120424	-0.0010279537494929912	0.005656562353928345	-0.014505648283277037	-0.012018931967490409	0.12580663068021666	-0.020744508588673674	0.07898542345126384	-0.06740674798293221	-0.08022821116238442	-0.08462922426977752	-0.03277197561466374
-0.05682499827641117	-0.05376991740936539	-0.05727077891972586	0.01579467198447344	-0.04084142927414627	0.08702882884874488	0.034347522428078446	0.018117989585183705	-0.045712056683779055	-0.05106652587864051	0.14105634636116984	0.03461735564148873	0.024264444393372612	-0.10811220666131581	0.05911086857989043	0.04073117078899004
-0.05861055020824263	-0.0862713722202872	-0.05392428850765901	0.07558031928043599	0.02651574058325468	0.05380529656660149	-0.027193033426226223	-0.06731600150427589	-0.06631954241445744	0.1259326903602564	-0.056881310203167626	0.11795040009249762	-0.03831752226592679	-0.0368730125129272	-0.026214966464838736	0.0023809226532361463
-0.05805736357330108	-0.06632544623036994	-0.03904530653284052	0.1364713883048769	0.027429765614153778	-0.02426387173469536	-0.008466981783137349	-0.052311800627791935	-0.002368749556666259	-0.02568341543838177	0.1141298105542925	0.027930247029243505	-0.02235622671229618	-0.04599988364221943	-0.038315262796440416	0.01825544000081893
-0.06287567541814656	-0.08171099398556536	-0.0811302374615404	0.12096185700425965	-0.0377603429181719	-0.10291324006859107	-0.020262203297468803	-0.06888605213322872	-0.04485534527340958	0.04101253148102577	-0.03545571986619914	0.04167275038913334	0.03323174594941359	-0.07586271593611336	-0.039064620589329975	-0.06335163361239715
-0.06050067399215213	-0.07028926562245537	-0.038492344386552364	0.0874744365309302	-0.13954356660504444	-0.003547137239163657	-0.010767128043139743	-0.014318343007458266	0.06838234865124052	-0.0298210131489457	0.02662745061096441	-0.006626166791621217	0.017778574197723704	-0.11721884653221651	-0.07729149104422915	-0.10102108387577748
-0.05963243624350514	-0.06351874649219773	-0.03984368046188727	0.08409467017492492	0.0007611160859031814	0.07301063040577035	-0.02915675578280667	-0.04575741486965721	0.06213273414874693	0.13800196145418317	-0.09750886025991018	0.0006929643749392047	0.0002227122246312061	-0.10984585886737687	-0.11043169552909884	-0.04419377647182241
-0.05315560866024053	-0.02368869973180923	-0.025310405119764866	0.056111054218787364	0.0637500195840795	-0.039462296117137696	0.02353730980268603	-0.030556112210840574	0.11488018700373781	-0.004163681777756606	0.12818228673598792	-0.07146872664829065	-0.0185506581806351	-0.08769891618285804	-0.0714954203478957	0.009433715828280675
-0.05213960570682548	0.0040176288362161	-0.016684877179383176	0.025595895471978446	0.02994888849498735	-0.06633689733171738	0.04688224415858942	-0.07100594484263059	-0.016324456876457175	-0.011671481116074143	-0.010975395411620867	-0.024641882618279085	-0.035431651377781787	-0.025037075419995666	0.021870284888674815	-0.015751974634379225
-0.04699756353665158	-0.001005765145240701	-0.00037475902157686855	0.013404783006325348	-0.06683629758473413	-0.0885900792544273	0.04200725425380417	-0.038833964099368706	0.03444748717810347	0.014049089730187442	0.10782185193509365	-0.00459612635102571	0.02636047424303508	0.028663328027075885	0.03309571732544993	0.05179027277840654
-0.050865508843176616	0.005460728360378461	-0.0019764431451827448	0.031168098416916926	-0.07652317759750216	0.052307228055170046	0.019906693152534353	-0.03563148417644511	-0.02430246711420134	0.03642834075301278	-0.01923935035719867	-0.04456353158007936	0.030985329350091885	-0.016575616419174204	0.08108293153062147	-0.09556045747582805
-0.049616483673081795	0.0098700746287847	0.009868575226653943	0.07984008913220308	0.04568764340209234	0.004792667845715201	0.01243444276181246	-0.05001858843412492	0.09421377197847706	0.0466455298322436	0.1483058949163232	-0.08968890177502507	0.04437192091325352	0.03274465338798098	0.06733406443150892	-0.018987061600285307
-0.05006808856106887	0.02986883785791158	-0.005241709695356221	-0.03211983090369138	-0.04234290728611802	-0.05282911129894713	0.038492119870908025	-0.0079800265143955	0.0732979129768151	0.013701879276964335	-0.009631701253608469	-0.13397862306929018	-0.053577048961701415	-0.01065751079380619	0.025474770834653982	0.061221085976856174
-0.047180141309545745	0.08092135519006038	0.023722614525775284	-0.015827391004441648	-0.02565946878552292	0.09801221774571753	0.055838896124631394	-0.02301027444009638	0.05378788449742717	0.06742284078944423	0.16459668367727587	-0.12801672850804663	-0.04250769453499346	0.07052468320818364	0.08369242148704574	-0.021005280549782845
-0.05724502756250368	0.024813629006903395	-0.016091212124177075	-0.005797384219697658	0.09182651472449582	0.04503793762279634	0.03843219083129144	-0.02958985268150207	-0.02022293069752799	-0.012110901699716747	0.007813975204594925	-0.025549885457530813	-0.09286677146720317	0.0514975772911061	0.10870693627332759	-0.09417276309757953
-0.050959321805637045	0.039103587260268594	-0.004109866388239277	0.010738407583298222	0.06500832260936926	-0.04476225273385421	0.027454451168359224	-0.031105736604266715	0.05986077812884971	0.0016702306185742435	0.18743355779716	0.0021847356342675492	-0.10436290089748385	0.13445861477668136	0.0033435521557141704	0.016953872368298803
-0.055733267624927814	0.02981406905248959	-0.030928055825457823	0.005569353606846308	-0.007866463253714344	-0.10248296288770582	0.006227692864442539	0.03813522269401729	-0.056661681197324267	-0.04339544729683508	-0.016873996940577132	-0.02919202609196633	-0.017528342972806026	0.07093646161385193	0.09480908423731023	-0.008015814483390789
-0.050050178255058975	0.005059618730396119	0.008511447956410421	-0.010472900010879884	-0.11925930733286742	-0.02712052762758068	0.0028853555126438666	0.034170216590396964	0.10493764217329886	0.021042208741622995	0.11542338333364914	0.03874249850935788	-0.029808061403819835	0.0979690673681646	-0.024452074372446946	-0.07848112295797188
-0.06242458668248372	-0.013961789640170662	-0.033311541822806705	0.025621488201515115	-0.012069121071439176	0.07799809016525401	-0.006700102698073388	0.12121511075147327	0.056581412827083066	0.02269628889744026	-0.0798013504156032	-0.07759057200835649	0.015215243653943299	-0.033500168448125506	0.005671619948906054	0.06239921461406672
-0.05913291390102436	0.023443851513210066	0.0008522748870210192	0.01688190930469717	0.07303543455980026	-0.019165100986949176	-0.04605331226152614	0.10057248437296054	0.14390265461633256	0.02877853635225084	-0.02437316986208442	-0.008380656628871141	0.017196196192103243	-0.07389789705483661	-0.00669008598983079	0.08015065304255516
-0.06227083623034539	0.03205236400932053	-0.055050827044542464	-0.10572132375403132	-0.003976701245782917	-0.055583719597861916	-0.004413525278894994	0.09801337017971898	0.07686048509211076	0.0002416758335516425	-0.06859956224394952	-0.11739665667016584	-0.02477932755292563	-0.12920147044623786	0.043378259952425245	0.11098567709965157
-0.052155720966294616	-0.030092598721923394	-0.052104471964028336	-0.13784197278582888	0.029358355488847063	0.09382587745468086	0.009179524242329973	0.020954268494248186	0.056540544426760736	0.15298265160106883	0.04651650264988364	-0.008667007112631497	0.07125453189746857	-0.03196417080818952	0.09287277580741389	-0.018080189290790576
-0.06090919424037003	0.01183153735719127	-0.05276926116462806	-0.06145085516310053	0.12136903613585245	0.05895269624603571	0.040673532538821035	0.03918958195427022	-0.0058381494384160855	0.01641279154982686	-0.025814195737783624	-0.02865274685054009	-0.09226345478523784	-0.05066531876785406	0.08536632679904968	-0.07964286357829586
-0.05936479755771508	-0.034896695375640885	-0.08385535682539029	-0.08173184831371978	0.10644382896535247	-0.051464159339945414	0.02958477020662556	-0.008241008294623962	0.0063599945373513595	0.06709256412355126	0.03389771786814635	0.05784351684398882	-0.07830153024304938	0.008800510261678874	0.0020221068841027264	0.007071828520339634
-0.06273287529411997	-0.006677474613467674	-0.09032780004403687	-0.08221060419925513	-0.023920508265961492	-0.052487758829635425	0.03713862219742218	0.08579786467925331	-0.02746836489132119	0.03020723689024053	-0.01740644521977043	-0.06684114029152162	-0.08584273162287086	-0.03740831550117296	0.04506260970920525	0.11918225041840899
-0.062150871249726805	-0.06780618313439736	-0.09059726775745157	-0.07320862931731638	-0.012326353036248305	0.0888819173363135	0.018197522066786806	0.06791065911029846	-0.03201240727246739	0.11706618211126403	0.06156601560285856	0.02847416837030668	0.032011144886550554	-0.021298797478880038	0.06454700813968085	-0.0025412617141675033
-0.06350286406490642	-0.028427197098049396	-0.07561802518858247	0.016556910438883313	0.10132331440008603	0.0341221268470987	0.04084119282886505	0.10202596781653159	-0.013159720469026812	0.014473866657038132	-0.007929864236735083	-0.02461528916433307	-0.03447780569419256	-0.06201781863011774	0.0645967667237808	-0.05928205126522609
-0.06372452673163446	-0.08409908669568944	-0.11137084888448019	-0.08138179392266409	0.026756090026795687	-0.07278084130719277	0.0033668027480779706	0.04869855101910488	-0.015166396763543056	0.07699017192372982	0.03127450964066421	0.06017187872617628	0.03311579852464619	-0.0758643628936026	-0.007000360966339493	-0.06525663701353579
-0.057961065233535884	-0.01947569257445665	-0.040150685175310105	-0.04797319710924757	-0.04585810034790804	0.06576832130439714	0.01630736482225847	0.043856757982617095	-0.0028744334735851637	-0.1830272224448512	0.014344549545758775	-0.009110762714686159	-0.03711952723624923	-0.10162173032116871	0.10208641119342995	0.03332223589511123
-0.06618638642234877	-0.049166748880592394	-0.09738595776171712	0.01031463314221992	0.043727359270106333	0.08595480084568774	0.022894530000876046	-0.01771129271293594	-0.07801115352628976	0.039283232184058416	0.01945229577772875	0.048039519256601104	-0.07542597769922138	-0.0266520194972579	-0.018073580126147314	0.0009836469596870637
-0.06302228427735408	-0.061900201979098	-0.07383730984675776	0.08143004155009928	0.051514691186011145	-0.01774853084581256	-0.0035979739794422825	0.032191103869171296	-0.1031218369222962	-0.09747819936765441	-0.024182271211422635	0.04324418927347083	-0.04039932239539424	-0.028911932328540002	0.05037455676780353	0.11635507408697696
-0.06719077048741436	-0.05589572640298826	-0.09460932935348589	0.05723745511734485	-0.04726887834111274	-0.10179532183157038	-0.01511795082489604	0.07023062292968557	-0.06667649531727667	0.06655618074923852	-0.014053859721889954	0.08147844837423585	0.04161351197186839	-0.050674989352538516	0.015029825677876116	-0.0594391692532459
-0.06271996001876491	-0.042021827075534306	-0.048632872307650434	0.04044538136916523	-0.129372284877574	0.022213231761657844	-0.027529943607175634	0.1303983504237364	0.024644892267165163	-0.09782084809824465	-0.005755797602979813	0.11238909826318919	-0.00579821865303462	-0.09809571944771428	-0.002345005900295699	-0.06164030356586579
-0.06575513685408342	-0.05111664562867096	-0.06810802586653031	0.07199868022726146	-0.006436174540483148	0.08481497207389394	-0.04234076733173229	0.12162216965442874	0.002030513485606123	0.07928592203044357	-0.06345152976192601	0.11261869646208192	-0.009270345387353567	-0.07808910529553441	-0.06682632392794306	0.0020352250930514197
-0.06506566951553767	-0.021455265068192345	-0.058276713852357276	0.0836301923362517	0.049684993666124784	-0.022596349489649992	-0.03237379249782595	0.12084178380777703	0.02942914620520354	0.010562622940347727	0.07544632187849608	0.04242232777678322	-0.004507176850546626	-0.08352796747513513	-0.031675658008051215	0.08072191190594434
-0.06755600539319444	-0.03868287597170713	-0.09601523544536639	0.002302984720274524	-0.005283637886405341	-0.08137336894216345	-0.03146105514127761	0.06994796098691045	-0.03318377319774237	0.037016700833487015	0.0031597686898565077	0.0713851667891696	0.002579590957598871	-0.07012505692836704	0.0017675156671823477	-0.055579427148852216
-0.06052567235006304	-0.0195957953299757	-0.059092351954584746	-0.01775743419870191	-0.10568994540562243	-0.008589502080726496	-0.027687579278899435	0.04306926268449873	0.04558822783221221	-0.057658301717164205	0.08758081422202454	0.07219879319497507	-0.07990872941282959	-0.006313397489973824	-0.0764748940891046	-0.019781567265123864
-0.06941979655253112	-0.04061351039982207	-0.08749335574471925	0.03520606058479068	-0.05579403069179932	0.08523616451288196	-0.03298406559581539	0.061917745705979146	-0.07991137274104672	0.02102198110178566	0.0268492482742972	-0.01930247677003771	0.016657763625542894	-0.0057674329702797796	0.06093581843664152	0.03982083456084615
-0.06590292080477865	-0.04211975489800029	-0.06248717040682985	0.105068790487936	0.03377610552189499	0.021232112990717138	-0.04752728677406338	0.055595793176825205	-0.02635919713520729	-0.035946159889943756	-0.010684410545360208	0.016759427133041505	0.0135982296184684	-0.0046860242711735355	0.04913258325232066	-0.07003484877087171
-0.06930022618226074	-0.03172899103372197	-0.08327913099793935	0.03548958777361081	-0.006933736416463191	-0.094040832067829	-0.061333141887183966	0.05688739271332831	-0.010830349502899518	0.004225902461386203	-0.057699721934085096	-0.02250325238269005	-0.0015124040299882642	-0.07387937758161262	-0.022709285829417544	-0.06476505266773686
-0.06457452904932551	-0.016586215103292126	-0.06167108281249401	-0.00694367356261809	-0.10589314001320585	0.025161260411593077	-0.06657831964607902	0.03347908279747447	0.022828673522070526	0.026763745622159562	0.028478078813318014	0.0346144397618315	-0.04218684601886093	-0.03869880169102753	-0.07628058076667478	-0.10033298731623891
-0.06993585318867102	-0.03831626212574182	-0.0794605738104565	0.03926745627732213	0.029997326819635108	0.0789629513408082	-0.03485058360276544	0.015652542910350432	-0.026232265945105544	-0.018371730992735317	-0.05781940699074424	0.009271066940200828	-0.08368971071197491	-0.05977020950119466	-0.08212798616628139	0.009637090809454437
-0.06388421766544107	-0.07796303597275181	-0.0841677782577152	0.026123181755623115	0.028733743856755745	-0.0758990042494443	-0.021709633606194975	-0.06333245887762808	-0.02076680320726826	0.12595242949588936	-0.024678583835823827	0.09239088108465135	-0.04956357590475829	-0.04316123057692128	-0.07639384322579283	-0.03247057302145131
-0.06560269647699954	-0.035106095946098974	-0.07414265933613075	0.017299375242108735	-0.10881667935566512	0.00982042027502196	-0.003508636236302634	-0.038152544947778096	0.006816614866277361	-0.10411691154793871	0.11486426436561124	-0.012356834302276182	-0.10893206178052707	-0.06073517462366297	-0.06449677886807227	-0.09045832984926047
-0.06843969028613765	-0.04042514140396091	-0.07913720883641176	0.0967037038081306	-0.017194325502295927	0.07041678252893416	-0.0219222504757307	-0.05362507941301523	-0.09122816173869308	0.08169769805211334	-0.06463975442246236	-0.026932632835061858	-0.1484339879226579	-0.001099917621739476	-0.06703291361902446	0.027854502780275077
-0.06753502412553823	-0.019697539701661042	-0.06832607130349763	0.14253984751022364	0.0029389111149889418	-0.06267933165532268	-0.017293953722834453	-0.010255304146836538	0.018087586315273844	0.024495287747321945	0.1905669031626495	-0.041841524584186524	-0.08924414907889784	0.0836087173256355	-0.02129635819726752	-0.002921806349804386
-0.06682577884837931	0.0006052355293432717	-0.048915543752958514	0.07611190781096336	-0.10771894432163555	-0.08550139681832514	-0.030735572848323102	0.03282969122276346	-0.062150457328560754	0.0014187174986005073	-0.11441345529111806	-0.06774582819200442	-0.045400504772671824	0.052699471365703666	0.08408167744046552	0.12326819156729328
-0.05742002631456754	0.04033324687295877	-0.0025138726950367563	0.0972490694144854	-0.13291337276026252	0.04132833587742974	-0.04250118770268589	0.037283588867388716	0.0014730263296949932	0.06984539425462158	0.08848059816752568	-0.04202708902058784	-0.0008283907444987359	0.1041634655556373	0.08392799426896261	-0.12419305631168898
-0.05341623227755051	0.054668273240197025	0.043718099614105124	0.14495390465861727	-0.026056762542572585	0.05862956238285983	-0.04564533700845971	0.06870377749579487	0.004061817339551535	-0.11786316345054813	-0.15363133128877499	0.015517234243743497	-0.08694846952710343	0.050455759178521735	0.056772315292794154	0.06699907409864093
-0.05763792442255814	0.07668000975620576	0.011385042949401925	0.15091126761562693	0.02053007203639774	-0.03699735923273757	-0.05256768918552264	0.06642321073321193	0.006360864511861388	0.06763621882180193	0.04170246862617782	-0.04320532466846966	0.012092510132321493	0.11818757030075158	0.040809843771316606	-0.031728837757800096
-0.0541238409834104	0.07173862125537818	0.018930581115299088	0.10966898283979064	-0.03914302668839107	-0.09799868255230945	-0.022337219178029846	0.0971530572199843	0.043898595662431455	-0.17802985334026813	-0.02142839683159107	-0.0016289129121414892	-0.002391707560172435	0.06994991479454801	0.07439018278289801	-0.012575269693697294
-0.05492898624796616	0.08972707239344042	0.021668654348627685	0.08266796909154739	-0.10741311606405265	-0.0858828053201707	-0.06904903873115621	0.0696580143825292	-0.0033774470175251567	0.08326226289314179	-0.042607221645627594	-0.0027616386500767184	0.07236912977976666	0.11954595557633436	0.06656140022329655	0.024008712310848543
-0.05210057574611719	0.08338500142565382	0.04704719178494359	0.0646204707107556	-0.15932608280234684	-0.014075942971639286	-0.0725062286127234	0.05919311030870986	0.08901962595883983	-0.11933605175429195	0.06816052981812239	0.025860132400847332	0.05833133105120918	0.07115369503309775	-0.018345614727804438	-0.0746705532363301
-0.055054680534814014	0.07212554744291237	0.013212376879528028	0.07297597778988399	-0.0833417459370345	0.07776088048045873	-0.08720468262538629	0.04319155567095988	0.0651511554152414	0.08010605254057082	-0.01203925361029029	-0.11445596098963029	0.15703526601021597	0.055239351166451976	0.039741996471723655	0.026786946800434176
-0.05103175574008356	0.06149018712181171	0.03604977903773214	0.08015853938366582	0.03337381493509045	0.04414995838768316	-0.05399503075796351	0.06177556598987084	0.16767120580629305	-0.07489585223617314	0.09067145448272441	-0.07837096192762533	0.12985231424264354	0.01228065834959479	0.06890264398023828	-0.17415696462082453
-0.05991965378130215	0.09355093660848098	-0.010281941846435225	0.014690801017172577	0.050965764615125475	-0.0654147417641634	-0.05381672082064091	0.020596365779459298	0.08899820924302931	2.1774673667794307e-05	-0.062334609357505344	-0.09322538457254773	0.01853271846756461	0.02257601387580782	-0.03182880427266056	-0.04068708684254539
-0.05269512438966803	0.09693138350825153	-0.003406407678908917	-0.0845613175567171	-0.031456757323199504	-0.009845500589634426	-0.05961682084171927	-0.04156318099193969	0.0972123622315683	0.02236682223499813	-0.00382494701478296	-0.11095596037200622	0.026601402194720535	0.013144609242353014	-0.027695303805240042	-0.02529585333989506
-0.056161971769440766	0.11182645480644757	-0.0024346549096371716	-0.08265529059254409	0.042015933675838356	0.10556861680799151	-0.05403161364366462	-0.03369941768511878	0.049428114421173217	0.0248618291716975	-0.04994552225932948	-0.13943805481000549	-0.033661746363745304	0.0005776170021571819	-0.06015941032219134	0.008436158151871875
-0.04839670322368553	0.12050133573603229	0.02298780398582792	-0.07550610327069487	0.14686200101215438	0.031148393685312685	-0.06733463002713296	-0.042912490851344715	-0.001595184894433475	-0.06794857859295425	0.028415767724384863	-0.0260141354191751	-0.017305095171333915	-0.003917813198512971	0.014369224573504993	-2.5415968497241592e-06
-0.05224949223031437	0.10689101357659928	-0.02199359879777408	-0.10316640932223395	0.09069618227366096	-0.05608381929150845	-0.015726280413206336	-0.04760836421802514	-0.04670995926772785	-0.08909565964973452	-0.04396938386434892	-0.02702690724709387	-0.058096760516792204	0.03402420880393283	0.03584843251555976	-0.0021286259527459744
-0.05328154066670595	0.10201017398190082	0.007956600064816473	-0.0948576498713255	0.012734170979632121	-0.05792138807247473	-0.08500782747213825	-0.11260838796988548	-0.08124878106306042	0.053973574387600254	0.010331366737603332	0.02205583799194918	0.002409232423167499	0.05215388531683143	0.04846614911186972	0.05871291412019578
-0.05457225339810367	0.12950355664985091	-0.00015300958892844262	-0.055016153838993095	-0.08068062817667589	0.023453032042948217	-0.07354853935576103	-0.08587793831226115	-0.03514579636539038	-0.04936932213155598	0.005185079456555172	-0.046762941796938295	-0.012481155354424131	0.06014173921020307	-0.044162130659064096	-0.11749736326722333
-0.05415492652313826	0.07967184606702955	0.003095372613427326	0.0017153872615463762	0.006650538943020754	0.09233063742810449	-0.09188194099801619	-0.04681249146602148	-0.012874065876216641	0.04187473483688193	-0.042471981809591504	-0.02637050765276192	-0.018908104594935086	0.06139313226484251	-0.09415574481949217	0.051674367994496595
-0.048411290340140106	0.1345663979417857	0.04047935692411498	0.05740101767378425	0.06993732028103557	-0.014678401673896111	-0.07200068122613251	-0.010584798719189657	0.04398966025566822	-0.013163976020187266	0.11063349190425842	-0.07303279494186751	0.010157706534542878	0.02311803282619349	-0.05039578230034551	0.01940608479153296
-0.053487872982762294	0.14293696392070052	0.014845418560110795	-0.03191618145721994	0.013278643552669906	-0.0726597434097866	-0.07784825575571552	-0.08094697330899939	-0.0060370996633399045	-0.04919640879873282	-0.09093787448953977	-0.08666446641929929	0.017722441602695573	-0.030924089459335717	0.024864408448062238	-0.06523171115888714
-0.05472667549996178	0.1711126042153891	0.011654695626257986	-0.05265089972660511	-0.04728386684945475	-0.02913312497502884	-0.0649222265384676	-0.12164927536017651	-0.03094863738273636	0.08674358909580153	0.001109399409618544	-0.036712369569673935	-0.012776907635278082	0.024307895367215705	-0.03884664852251301	-0.048328116024648954
-0.05709098666572575	0.12874998733864051	-0.009212656153478771	-0.06435856058070084	-0.05910875166878008	0.028870640995153442	-0.08729839656810968	-0.08100436042220172	-0.07753246887202075	-0.0918348785697655	-0.047708773035618594	0.0100617967219856	-0.008100807361431202	0.03684787471236023	-0.02138444388379627	-0.043672433172509253
-0.05933312206737999	0.12115049527136076	-0.005327890328719072	0.010333295815022795	-0.03141139829864766	0.09388722639008401	-0.08989660092073298	-0.05436743074228378	-0.07866717210784864	0.036819240885246185	0.016997286277600616	-0.022905663800847055	0.038451118600279215	0.10005623230600985	-0.002260339995754025	0.01386697815760475
-0.05857338193730073	0.10254626271315946	0.01303674214096373	0.06378513420606444	0.03854107208752575	0.06122763520519526	-0.08110776775987642	-0.029328346760125815	-0.037098297482269976	-0.1075380288927694	-0.043122620120731175	0.020182597589252893	0.057767434031429775	0.032758478528647605	0.04644182370266367	-0.05443960648850275
-0.05743272031362627	0.12156350223161831	-0.006920507646942331	0.06948090816399122	0.05851613037500415	-0.02161778784359675	-0.10550245262379641	-0.021965839070615084	-0.004006920681869167	-0.0006847208600770108	-0.008263162011073164	-0.0501596178440313	0.043397890119789645	0.07143704021674283	-0.0681755653544264	0.005684628195217711
-0.0616623045726357	0.10431399257755351	-0.007705580646969104	-0.0005707633224235044	0.006280211890832544	-0.07964090068458274	-0.10051282945774608	-0.04907620766106386	-0.0336009509179191	-0.054291018549713264	-0.025351830271703055	-0.026671225600066104	0.08358019870228016	-0.0013051272979001404	0.0030315625752536136	-0.0822827142810615
-0.06206216517729639	0.11072142438371628	-0.00864618571800652	-0.04027063899064532	-0.07268662001281838	0.011137457168088057	-0.09772327966126258	-0.06763093486798066	-0.012599293542633215	0.00023985645347631917	-0.08176960297648174	-0.028900421870365588	0.003457149439277251	0.016320039865785643	-0.10488824600212368	-0.06664495733420456
-0.05872019763496063	0.11489087537583034	0.004923357393176671	-0.007325489068308549	0.0333013115918031	0.09561837899057761	-0.10582594916824371	-0.040725677945183815	-0.00018745986880337338	-0.02210993963340551	-0.04588639519619034	0.0013945957493327798	0.005935338595255545	0.008462818193525835	-0.08728097912323057	0.001241159230458016
-0.05662394412636768	0.14262930293096857	-0.0029974985995849072	-0.0052760007090627324	0.09895491965027485	-0.011592860167082174	-0.12082831959041908	-0.04697873985628127	-0.009800350583203424	0.025559866357330232	-0.03312627761648944	0.0007867553659018534	0.004465216260775541	0.006119510051260664	-0.09355604161623009	0.06352008153849176
-0.0608603027603426	0.08948425982177859	-0.05083770643405937	-0.10132642775168793	0.028516360983259596	-0.05315292859811031	-0.09659059804439445	-0.03277757865738167	-0.1132262630699317	-0.016636991262026484	0.07941958629684526	0.05337195875624802	0.07798573303559843	-0.03348236962357433	0.0009647390940425455	-0.006882335630383034
-0.05589746178550366	0.09964358856200915	0.0010734695387371498	-0.06939438735932654	-0.04361013590781231	0.04938004838844674	-0.1031672810610167	-0.04009057190619977	-0.07314974857816196	-0.17840006654758872	-0.015882333615406915	0.08925446199936572	-0.031626412343239	-0.03725458949890456	-0.020987656469315927	-0.030308493819328555
-0.061088302399788436	0.06461666794178295	-0.03786588896068032	-0.007294467195479649	0.026532634369365128	0.10753577245634664	-0.09233420902203117	-0.05914541379674847	-0.12013668311133947	-0.03763115811255485	-0.0069128876893780455	0.06381014253615652	-0.026779425354663305	0.025551174780797683	-0.07096842616655225	0.05155586020401706
-0.061157641644802634	0.03823532255897335	-0.04380348284055761	0.04519046898833989	0.06908785789965116	-0.018091209077504885	-0.11559982567895222	-0.025470203312000093	-0.09982464297012622	0.04424243305946099	0.07663410935247444	0.14796239194752012	0.08347273563269704	0.023762929323394882	-0.07983353752652608	0.09728981877712259
-0.06396255244179183	0.06179573735148505	-0.02138515910450338	-0.009889938556786215	-0.0723510392877865	-0.0539319096961371	-0.09338170997771103	0.03484736861820049	-0.02766973065975753	-0.045165949532906334	0.1044058306483869	0.08364462215539259	0.03180491349235303	-0.0219131084708694	-0.028276207236050174	0.13495718659249384
-0.0645408752555692	0.03888738799468441	-0.05076608119240312	0.005727120304862513	-0.03387338937056581	0.08315083532493082	-0.08941167625818007	0.029621649207679793	-0.06907096577007692	0.07007275096023723	0.00944964734622892	0.050881135325951246	0.06650675855708608	-0.014610915481164253	-0.036809102168158116	0.06168039193597759
-0.06390055183083314	0.04584335651757754	-0.029588370847911494	0.03458518506403588	0.07926601780962965	-0.007267062190119863	-0.11468640879171803	0.0512354928285	-0.011336790481569235	-0.08297773027804559	0.014096934861015223	0.06196678292804781	0.02424855080695277	-0.020601287360551928	-0.05116210703210662	0.12515893136123785
-0.06637760135846163	0.06181152258203799	-0.06602666040012249	-0.044908412029300224	-0.038956226938139674	-0.06266947198318865	-0.08443125758930989	0.021023209042277814	-0.07720529989798879	-0.005454243611857012	-0.02175535736235736	0.029458308940528862	0.02422365193287411	-0.023205059223722017	-0.010779338212767579	0.08808577041595635
-0.06899262008976513	0.020597313883401126	-0.05736434566696679	-0.016155598128692734	-0.03338590018452596	0.06758859253397509	-0.06960589032389222	0.024708430469771153	-0.10930505068756473	0.005609846648296561	-0.015721386472872863	0.052487660497174994	0.03058419578730978	0.006084056307634226	0.03166119227762883	0.013773613519905381
