ICA_00	ICA_01	ICA_02	ICA_03	ICA_04	ICA_05	ICA_06	ICA_07	ICA_08	ICA_09	ICA_10	ICA_11	ICA_12	ICA_13	ICA_14	ICA_15	ICA_16
1.3156485816498815	-3.157202319920958	-0.6023954288345978	-0.6096311684005216	2.7808123772748674	-2.365406339908766	-0.4706578276208221	0.8161487261151532	-2.8041258558337367	-5.474433944609724	1.736626892231119	-1.6477866693877956	-0.9932522964519173	-2.235420063645082	2.175602484055966	0.774202940208603	1.0438740895796554
-0.003767270721859521	-2.8023081551774416	-0.178016666262044	0.9772342882191235	2.92390975726383	-1.6195216024424905	0.18190786032657527	1.4372366987354395	-2.4483028084575644	-4.051206963887117	0.8716194914515252	-1.5036520454053806	0.03252331552360574	-1.8823144221240127	0.42348314133493464	1.0341660027674406	1.4001737441703805
-0.808197687086201	-2.6854385186735654	-0.17659365072635613	-0.6644039238834937	3.1104347376101753	-1.1472743289497846	0.4894802805428001	-0.9805057250897602	-2.204669028133406	-3.16760745633494	0.3093100829931942	0.16936479027348014	0.8405328810936986	-1.9989720098672092	2.1991205434170924	0.7092937527214793	1.1269567569981822
-0.11596791045818447	-2.601649076490219	-0.10902152281396746	-1.058385970825065	2.410980392382847	-0.5515089973891569	-0.5868474930794101	1.0155233283247138	-2.1433888128926433	-1.6849429833390965	-0.3550428126305407	-0.5648747606641407	-1.0829887866598207	-2.074769272030976	0.6971507983952774	0.8196753053425481	0.873128601813342
-0.17722260786972402	-2.21043522060438	-0.1405723330085989	1.3949922160718498	1.4264102233204685	0.6580549677389756	-0.1422743659824468	0.4428937006217917	-1.9168782971120335	-1.036305512775367	-1.4409875709512332	-0.5799843880523907	-0.7276712202552199	-2.154321874984576	1.1346619443457837	0.17485346902558702	0.9323796025057082
-0.021836157860736834	-2.075646012820189	0.004686636859274761	-0.11324651563538336	0.05259795433877322	0.7321821565611253	-0.7517996612799953	0.7008529049830559	-1.7884177517366882	-0.35211816661882916	-1.913155518625381	-0.8207936416794602	1.352517333661476	-2.1912993529117553	-0.014603521318257408	-0.2768238673315624	0.6513818336933084
0.011929038902745917	-1.898383097931894	0.4402085212174214	-0.8738377894383883	-0.48927446366822164	-0.10385653091594217	-0.41563068815052906	-0.2207379500524466	-1.3711195012470845	0.6618031419571632	-2.080562564285937	-1.3206722481411244	-0.6980753094773701	-2.0493126915994697	1.622638339913353	0.23071324755734854	0.4341640488767627
-0.23117215807805494	-1.920907459619603	0.08473625058186283	1.2648798139341386	0.12211989173179158	-0.20095800254222854	-0.44328203510771397	-1.2440121310778294	-1.5915430308808474	1.2566393130036204	-2.097877717551076	0.009004847067938224	-0.5101919547343267	-2.2312330282273227	0.7250605653706206	-0.31329235979348663	0.7514570137728956
-0.1052969278059712	-1.8520291581102906	0.2635995513612391	0.44048211012213945	0.3362772733041425	0.21041647475369346	-0.183316805055103	0.26851575627856855	-1.5856020551396042	2.1609387155256914	-1.85633816647735	-1.2530526264100765	1.3152125666312258	-1.9791484423423453	0.9257125634570448	-0.17539744629084594	0.2970460570147494
-1.3267561502059921	-1.5617041421617226	0.24549019826576426	-1.07106510377216	0.04454146908468346	1.4442289504970902	0.22495532581687955	0.3299766817364824	-1.4708526919631688	2.01881457722277	-1.648983511558197	0.3733411722763759	0.7375220536724446	-1.8695607239105207	0.10521606939916334	-0.46678463743284915	-0.05981604098992862
0.12835956539539978	-1.628508430616394	0.1505931352837109	-1.1919873733068491	-0.7521026539717331	1.9970588366964435	-0.4228375002119403	-0.3230589805277084	-1.5503897783735308	1.6081078135433053	-1.697084900516768	-0.4818874312946861	-0.9062647267520691	-1.7627994941923133	0.5320561595142956	-0.4465877383983342	0.5665828001849783
0.4460896191894027	-1.634517402830858	0.456791871855361	0.8977235458228738	-1.0626495118220431	1.4152307970902007	-0.335870205014825	0.7416373695341724	-1.5138474926410108	2.3365921384519783	-1.0965888200275067	-1.1606859391005235	-1.267605731964507	-1.628981863524926	0.609438028428261	0.012671530735412512	-0.37874720985792576
-0.4056614249382675	-1.6126379703262967	0.6039700342251741	1.0577683144766254	-0.7477931506321808	0.8612178660283749	0.3732664331046191	-1.5165362895243175	-1.3374076146551002	2.1129140653943135	-1.0736495634050176	-1.2385066449699438	0.9184392860009019	-1.828806778422672	0.9442721746615094	-0.2912225013551475	-0.05640712712725775
0.005860551823114624	-1.542003580465082	0.6206590515723575	-0.6364208939683729	-0.5101320375416769	0.7451296441802068	0.2039213793812052	0.3581355588047702	-1.4141127950488166	1.8125447676190185	-0.7069457080391842	-0.003358382445677437	1.234274183147443	-1.631713740168197	0.28968787651872735	0.007954581296078556	-0.35280979704463855
-0.7890262415940874	-1.501139813525219	0.876474266880375	-1.2713055540987834	-0.3810865648545219	0.912606411642425	-0.5489066157594973	0.019203395248920185	-1.1946377632616763	1.2863864608060467	-0.5624001469823732	-0.7169856218491495	0.21463000527540724	-1.678456319626079	-1.312977217366094	-0.1361194943938683	-0.5147757997489004
-0.7559739758665893	-1.3836620815592469	0.44127056858303343	-1.1034472919346945	-0.4243679071083141	0.7824114319442067	-0.05484953748638372	-0.37889415206589266	-1.421590970075018	1.4884871595744376	-0.9361883610009895	0.3231633932364254	-1.0553456239850774	-1.6978556733546404	-0.561497259547491	-0.4903341320543711	-0.8710097936279809
-1.1806406123501312	-1.1764111036425102	0.7310122868119465	-0.16250940254509547	-0.8926798061086467	1.052112020211947	0.40296328276986876	0.2153163853685076	-1.2603518729478418	0.675105956050178	-0.13822569074152025	-0.3027416430058449	-1.3636618896731787	-1.6259045225490523	-1.0576449478503331	-0.8210097370799618	-0.8829286108443045
-0.5513336424391222	-0.9459253904280058	0.7772751258868744	1.1973761593468117	-1.2704158847636715	0.2744528171529823	-0.43105588410922585	-0.43762608090401883	-1.004880361533344	0.24337916275050797	0.14248378855261784	1.0012163224184756	-0.8895362394761815	-1.5257555464168497	-1.702114672085749	-0.9322477709476581	-1.58726063180535
-0.1510371562188851	-1.0432055556931277	1.0332690211328563	1.1283122659798084	-1.1026448246207539	-0.19381881674515225	0.464393542415752	-0.44943746233327164	-0.9683734347656014	0.8911784648086003	0.6440651364848272	-1.2473705566498725	0.9312442524105627	-1.4138949378343686	-0.2564786343146096	-0.3638733738780326	-1.5013188910607982
-0.8623750094876007	-0.9304000482735438	0.9247158794305249	-0.7055094909613274	-0.44410613504297847	-0.9271462081214811	0.463457676000111	-2.5328074850687416	-1.0245946539006596	0.8725652514947639	0.3036385444539269	0.9880551571960662	1.1530549000973773	-1.8190289429656419	-0.6855408421823271	-1.1473329157067438	-1.3433512767654427
0.0703268995550344	-0.9100979867078559	0.9973403722899137	-1.3311903637425375	-0.11592408135669625	-0.6650738475161844	0.5339509379636491	-0.4110990198727438	-1.0662489478592159	1.2950248846433976	0.6909331098938043	-0.026272041663786858	-0.4574907438042845	-1.8042195033641748	-1.418022640535702	-0.8679458692264532	-2.061659314770317
-0.397094312403063	-0.9505221933220802	0.83812418347177	-0.11729549676934059	0.0989207284399639	-0.226828081013616	0.6172016236180428	-1.9519290373932092	-1.208968974710255	1.3159167004597239	0.34716096015464737	0.7514603543469769	-1.49806491314104	-1.8988228248611787	-1.3077330146844037	-1.1386015523519033	-1.8030622984502382
-0.6299865380286569	-0.9971877674061164	0.5689815981350008	1.045403035286558	-0.386385353876793	-0.08713002666511227	0.8374279603808953	0.6153295555183014	-1.4009935464226353	1.0239476746794212	-0.17528815375713455	0.7117625078718033	-1.0375999950480654	-1.9105574568946875	-1.0918937030196327	-1.598929817472544	-1.6838879245836404
-1.0374990393740047	-1.158372019032852	0.4211028434312472	1.4568809415120125	-0.7034271503331069	0.10197427542062873	0.6769536113101313	-0.389681554497324	-1.4501999720286185	0.6131043230978801	-0.46439732235961545	1.2108560275716922	-0.05977038361469634	-2.155940871861278	-1.0862792479284515	-1.5862240145983393	-1.501474038693308
-0.4849069230633946	-1.1624206888984676	0.7037635576667614	0.8391511608844096	-1.2018580983725582	-0.3091969957005763	0.7218167839521721	1.0745610915755512	-1.3651052019524004	0.2408025496271702	-0.3844670685664027	-0.47131448748139637	1.149864391125684	-1.9428204119346124	-0.021027446960729473	-1.1041694308845726	-1.9132456601233474
-1.2592346041846296	-1.1663485643997222	0.5931114136570903	-0.9577780525286865	-0.9435213324759304	-1.6590849051409666	0.8373667504535786	-1.1500776748450636	-1.359754435845127	0.3872948155706784	-0.19434883770790196	1.0157974596553798	0.8802732506331303	-1.8475689499179275	-0.02485254171966208	-0.8880122792623106	-1.5055331006457926
0.05586112056414972	-0.9180102057492853	0.9031859791540627	-1.2149466113336516	-0.2624017637530369	-1.7737636687448501	0.302014427848752	1.0206975595119885	-1.1099606459610727	0.5917599567811108	0.322372883597064	0.49220713267868565	-0.7380971660702351	-1.5581375804850504	-0.4888230782684883	-0.669870701967968	-2.242585009205798
-0.1610107433158191	-0.9024750551152428	1.0251509426181857	0.34566489158933206	0.17313952811511993	-1.1401302852666944	0.5907032544182222	-1.6664075024294829	-1.0525313381051855	1.251276090229681	0.6932093183330968	0.26136016995327077	-1.3523074079067656	-1.6714554952562948	-0.438348384294337	-0.8512188541331379	-1.655486971180829
-0.5940929611221396	-0.824166758683636	1.2583088563622449	1.2029984473933206	0.5887400187982174	0.05976507263144428	0.3274415398151172	0.4814156447466286	-0.8915103625488187	0.5663731024327732	0.9330343080947108	1.7919692601485913	-0.4311037436172475	-1.4582982965416194	-0.09629674296936949	-0.6007417586106104	-2.0074985934216008
-0.5276832250834371	-0.8279478057751659	1.2846936606193486	0.9754949054727727	-0.27985807902288795	0.4419835255550865	0.24830597723891018	-0.19394758158186792	-0.8696631791907589	0.2627535300619543	1.1504962222568862	-0.5446014580078926	0.9983534062360948	-1.480689083870637	-0.70521252428941	-0.48542423688826386	-2.5855099585077204
-0.7790095956626266	-0.8817961186186881	1.1603542451917137	-0.9040448515405055	-0.25961883706079786	-0.5245960280981127	0.6134732185028097	-0.2133082165097164	-1.064438980510827	0.3631291326437006	0.7906199634179577	1.0999674700087707	1.2529087277473436	-1.35802518958044	0.08621437264949357	-0.5103384984180628	-1.4694567679473882
0.3830747783773415	-0.8508139608067169	1.0613321666776694	-1.4033556216260448	-0.5451946583852476	-0.5888242533495531	0.2662437209312423	-0.7227990967476854	-1.0297237225582694	0.49957021531185736	0.9212210531515038	-0.0070124165119994294	-0.5265985976971358	-1.3947403399393103	-0.6524348428160882	-0.22177024371858603	-2.560136226234898
-0.35162119466331754	-0.8624383222030622	1.224669349179528	-0.06840831526187491	-0.21618650075050327	-0.15096351350118278	0.37993301976816585	0.19362567999361602	-0.9623614122875432	0.48847481277973837	1.229757248250396	0.7264780516585914	-1.3419813115619148	-0.9940217279839593	0.5373091288256685	0.05002865417339694	-1.253732236150421
-0.030061150815173254	-0.6140237127292063	1.4423557820242088	1.437495774771445	-0.2405196306139626	-0.4791561085057362	-0.05191305120146781	-1.0003974862448444	-0.7072561422321634	-0.10564230087709263	1.7284777209207338	1.1142164722885	-0.2542293126613553	-1.174438329393537	-0.1893582350611627	-0.4443151866030868	-1.7011852615684258
1.547568064769626	-0.4450960639260145	1.6176177281913349	0.08284632112607714	0.02610233066300335	-0.4741820471793373	-0.44525082282831163	-0.08009045934807066	-0.4989518308011383	-0.025340494679826558	1.642442226996183	-0.08008345001639819	1.4533723962986917	-0.6056264529234122	0.5263925271925244	0.368598657510757	-0.5682642976494798
1.3324346359009767	-0.4086053839053324	1.5418576255654823	-1.3456818096753673	0.32799611406377294	-0.09646516272433091	-0.21772951798354892	-1.7096201514585099	-0.5361735459032484	0.3776881845388547	1.9757147134902437	-0.5217830231795849	-0.026533596384565712	-0.8258270836424775	-0.31339402745529826	0.21310949559511372	-1.3093764734670938
0.6477367838202199	-0.5140868829299267	1.785075459013182	0.0527071809488608	0.7958085155733979	0.22540354873755514	-0.15464377663973733	-0.47533799691260453	-0.5065877795182674	0.5744869404206556	2.293768236015523	0.5876562780999585	-1.4154162098930343	-0.4194819841134394	0.4896627496992569	0.9195715986633456	-0.33837280417973636
0.1459680476741459	-0.45592063223933776	1.9568464195705357	1.4344816888746765	0.9828239086796786	0.9181369189482494	-0.8746766837974725	-0.7608553030085874	-0.3117183382063203	-0.44519217005308287	2.088240870472133	0.5985077989977231	0.19591118777865746	-0.5908763344427337	-0.3956920189986633	0.4520831484562558	-0.5169926296205175
0.7956321468006186	-0.6069058185267979	1.9345007436840302	-0.3152087462671906	0.4451658505516071	0.8336502819722789	-0.8106893670361434	-0.4454415959988799	-0.39308791819806166	-0.5555947080830712	1.684479820565353	0.21981609483535808	1.4759733794583247	-0.424506298271067	0.4654272439543189	0.8931713242147963	-0.473967745604625
0.63181267419717	-0.508211906925092	1.8581084717018903	-1.3748409932261265	0.21168601928937145	0.9969354536742789	-0.9929279144283025	-1.0736037997614163	-0.4552817377726734	-0.425917387487512	2.063998711795837	-0.5483653678104918	-0.1835058607019248	-0.7237571173452907	-0.7067436079728308	0.5376828507450895	-1.4810460154401281
-0.1468819377586952	-0.588047804226836	1.8317253677644791	-0.15498560065946007	-0.20234148648159422	0.7714695696879316	-0.43560129573764234	-0.5954616248446619	-0.4088075227045104	-0.2312512845417773	1.734640211296233	0.458807418156238	-1.4537666486229055	-0.606160794079223	0.24717725859855338	0.6239646192572069	-0.28299717006062447
-0.24054249075167047	-0.4257116819185581	1.9981015655911607	1.4447087848285431	-0.3233626794833898	0.622759392123028	-0.657044656929276	-0.253664107939415	-0.3017507890760703	-1.1256347601636667	1.5860926799599375	0.461560020567319	-0.32373523709491564	-0.5816100429044462	0.3177597572425198	0.6552706683950099	-0.8018734842947124
0.24698877851246548	-0.4517395979622605	1.812626092460018	0.25414451866931775	-0.7240231364243668	0.07355795291077574	-0.626751704029608	0.45051977186342373	-0.38938717354287566	-0.7071399042447413	1.6035291471234638	-0.1146730186099729	1.5509520463716384	-0.49587059890702295	-0.054987631922580216	0.7720863359221702	-1.2911229759132774
0.6720840463128549	-0.37551764626864875	2.033178372350253	-1.3627806536427436	-0.6224662348279653	0.5901658428119725	-0.9056071784043325	-0.16950886969366452	-0.22824030116538743	-1.3483735750356518	1.359513959608862	-1.59807923942079	-0.17939209503791312	-0.5055843174731537	-0.15683299405758716	0.7856574072669598	-0.6186236310548444
0.275453637730828	-0.4189327193842539	1.911143710367784	0.5701750361363686	-0.5730806886318223	-0.08449158801702093	-0.8093802305620756	-0.6401852188143619	-0.4052429161751903	-0.5502033302104647	1.7860373586150466	-0.30033701526856504	-1.3896093471414304	-0.5395424949766605	0.045383717083667834	0.38072449593584656	-0.9067783397952047
0.052686800965564724	-0.2654919269285028	1.9983726778145094	1.2950731530317057	-0.016950309190870066	0.10369803221199082	-0.40952137777091635	0.2885106904230657	-0.28289754872631956	-0.7301656198820156	1.3066115442951423	-0.2520247081312603	0.687338254975711	-0.35720230981618994	0.8168948490716385	0.6911741607855253	-0.35072941636851385
0.34987987305159945	-0.34544894017607153	2.1223446793206997	-0.4499657962989359	-0.05351375884873983	0.5158079269860719	-0.7202799986664752	-1.1391041690798727	-0.20658555443474283	-0.9559511903081451	1.2624673613224002	-0.48662352506307993	1.4469192297445999	-0.541524861609529	0.4798841594837026	0.5409931783482528	-0.37758661938592875
0.898831420471019	-0.26321169854251275	2.230848868008894	-1.5011565909350915	-0.013523977642634166	1.3740341341576818	-0.9561756010397956	0.6611258693653254	-0.0945238580809284	-0.7876878611148945	1.3128644589687821	-0.8797234583666272	-0.08317677579440043	-0.31286539703180544	1.2309139228923303	1.2653189062631762	-0.9089126692782968
0.8915112150406298	-0.2685155108398569	2.251766732315049	0.11440945822101606	-0.16218504799995864	1.1337480873820678	-0.40260305880900804	-1.3079248208961665	-0.3126310067056161	-0.31296698274144397	1.9225506765918237	-0.8475262335179613	-1.4129643349908645	-0.5728582660752289	0.5182749698217483	0.717897057512134	-0.3635593503482634
0.7653051711694778	-0.9583160531146273	0.8268835194120058	1.4437853235907112	-0.1838666871901035	2.844005100487436	-0.7089630272749615	0.40837708659962046	-1.2563249144482462	-0.3771956928701004	1.3416042587594508	1.2004689816010188	-0.11950665658229467	-0.4872474158464672	0.2885503064364705	-0.38663499331008483	0.7571494570250797
0.570427060006996	-1.24325785946829	-0.0394560044327801	1.16229834317404	-1.1246908310836952	2.280163328378716	0.9473189938457091	1.5058675602205234	-1.781518732228576	-0.06511574859050098	0.07084426591813336	-0.26004691234360233	0.8044622242316911	-0.7629811428849065	0.49822245182998015	-0.037391660054395245	0.3679908453420854
0.42630746749379134	-0.6804013925670466	0.8115151798743567	-0.03876610923354024	-2.0411861118961445	1.3421922588648647	0.16465171898050573	1.75701614478422	-1.2049755942367413	-1.1421415446331062	1.0112486219710584	0.6275019545320185	1.5534370508603665	-0.4811534679950745	-0.6882320395468214	-0.0794449489603925	0.6412489228825248
0.9401074107993654	-0.3869028774334644	0.8857566584624048	-1.3983205993004426	-2.6267101435178155	0.06690829169205306	-0.0803622027433331	1.109521111553299	-1.1073418130879429	-0.6760734105978674	1.1393332618099405	-0.8320914483028564	-0.17797009950128687	-0.2984820695751777	-0.26591013548321046	0.13838219037586805	0.39335041540986143
1.0274052810149865	-0.4287201094811263	0.8470962312993056	0.7462835110234315	-1.9206935561410061	-0.10742982673938123	-0.3655187730411091	0.644005355508072	-1.1565502104720542	0.18328218129434024	1.2431450431788296	0.829596299347787	-1.1252931505940496	-0.3570677692548902	-0.0977418608924787	0.04765350092052822	0.1696699125497917
0.5867778055646921	-0.5669274342851495	0.3630819671118974	0.9890818234179248	-1.1522778261221736	-0.19037575408767307	0.31199898139927895	0.6043106288318506	-1.4281965399930452	0.8632040090837345	1.003492323995846	-0.04721079171312662	1.02647569976109	-0.5050639494305927	-0.5612853375140839	-0.38942812616434963	0.8290328201222642
-0.20694371141326826	-0.07023224148011395	0.9166179562694394	-0.756857513004313	-0.5387743294056493	-0.3981812142478226	0.729205444851751	0.7666954824278849	-0.9559193019948771	0.4348530468228128	1.021923310423734	1.7366064959160827	1.2282745139510316	-0.31873249174926493	-0.9930050860432783	-0.36945269831662964	1.1701747729042142
0.723918077057694	0.1919157287628772	0.8678649368362841	-1.5169577873272269	-0.9901723385224112	0.31805113760239445	0.05787045582136955	0.7715658227489698	-0.6776809788516137	0.6072207830199688	0.18515442368133025	0.038693612874179106	-0.2559372431804654	-0.40852568791278265	-1.2704816069903422	-0.07916961288014632	0.5885652283534978
0.002183550426443969	0.15902520060770287	1.2282841992900286	0.10021389501611346	-0.8428611924515251	0.4987548250192064	0.5366179986435096	-0.028813684375873377	-0.559985971538436	0.5389021127594247	0.46684011353092614	0.2869632988774191	-1.370044112751457	-0.31346776157885786	-0.06676009319618405	0.11885540943212553	1.114306342333517
0.2375218692697238	-0.12190373980544902	0.6097459382603567	1.5341340776600156	-1.2739048797483006	0.10659137439604709	0.022167544517027113	0.28716760774172223	-1.0377682234214538	0.3250468173218397	0.8519516278100161	1.0438130417814464	-0.10670209412662086	-0.5215852815978917	-1.796229018851542	-0.938744471201961	1.4778335071181152
0.6837985367609701	0.22626792310679278	1.0424163449238375	-0.0884466372390303	-1.3727778799286117	-0.6055111710750736	0.4960107654247942	0.9998353465494991	-0.6433568703132411	0.23181044931944256	-0.21553443194104965	0.1831463521683437	1.408364287832138	-0.06237886634683382	0.7945595242913076	0.18557984201283106	0.9692413038617995
1.2705580198454154	0.15209957944560942	0.9825981615060966	-1.4231619298441727	-1.0325676875646184	-1.0093994673648354	-0.2950905706683596	-1.0380934801489445	-0.6179430200639774	0.4019176949368693	0.15840354529418255	-0.42041182482669187	-0.24402747563810553	-0.3783383759039743	-0.3922696292820047	-0.048694428135446784	0.2187616536262606
0.5176740924950669	0.32050029212514275	1.1072862533911296	0.5494494199130182	-0.5880809524786456	-1.176504076636555	0.3894020971442182	0.6350974999594673	-0.494493193994854	1.2585119238092206	-0.3768763244259286	0.1354831224501823	-1.4009652330282796	0.011937895932678846	1.1675203462768362	0.538742986768307	0.7456790916559743
0.309263521846855	0.11988425648064394	0.8269200848414796	1.1715816418503093	-0.003160111278213202	-0.7094253361525977	-0.29675990349211895	-0.560089626392651	-0.8070389867022412	0.7809034132924537	0.6973915281981752	0.6136228539440052	0.8050057081201706	-0.28013489127948277	-1.4611895154189738	-0.6115570351664801	1.2974841258580982
0.36541526256340867	-0.08295430957279433	0.4209248634494286	-0.5879035159949595	0.15680077211431018	-0.5821890679437555	0.620848335137913	0.19621073904992228	-1.168788201050594	0.9511717999693335	0.750952753597344	2.2261141934524313	1.2418100543566284	-0.04201781487075143	-0.4525731188273675	-1.050720495311616	1.7434003425074556
0.6045353533540857	-0.1342647392853538	0.8980920232236725	-1.522532848874719	-0.014384163400317417	-0.05234385560273544	0.3079074142653688	0.6942441196163175	-0.8873561269708238	0.2446186383068587	0.49344079932437873	-0.2526930516925312	-0.20343967661468057	0.014573523894214194	-1.1978077136944794	0.5647189128858748	1.4091261163650637
-0.01241951271531212	-0.1993422152560819	1.0428568917028536	-0.011173663831376452	-0.3578776254791136	-0.06675472621682077	-0.050360594786769665	0.4623333475622852	-0.6358394832173732	0.25807582868416057	0.15077030619959297	0.47179603177074225	-1.666863097312093	0.4634278805431951	0.14511850620060776	1.1276309787836192	1.946906015414454
-0.2585238708788179	0.04804814417090864	1.200425640434364	1.4145632758244637	-0.4260399300655318	-0.8035708034299466	-0.11381996936115563	0.5677601870306209	-0.28307078765012716	0.12948564572685298	-0.7347324153176096	-0.3511562945686267	0.4817423424871244	0.37084711634107714	0.8243923033069397	1.3308938349437924	1.4891021272412692
-0.39039973172484677	-0.1587459002395736	1.0717284534822815	-1.0002809357035598	-0.012227748756699781	-1.439834069771953	0.38813925526353443	-0.7438416320592861	-0.6700711435473254	0.7018552534044902	0.3412894161419611	0.49860347917661696	0.8381655898052589	0.23946666512605813	0.6962000330546686	0.7694402096767233	1.6819216660982275
-0.061406502587257446	-0.33728011001371494	0.809537019250313	-0.9483472651722278	0.37432180795451614	-0.9081576554601642	-0.2413167081244275	0.9777332413448996	-0.898310179177185	0.6994555173845411	0.1728349613678538	0.38929256640181015	-1.2031473566789148	0.3994116007052538	-0.2524329912157311	0.3979830343171978	2.1770599323610758
-0.10178094245026768	-0.3032619671608316	1.070696759331999	1.0279659205495943	0.1658919062619494	-0.3648457460028011	-0.15505579242731032	0.6354684093912506	-0.7225446836861619	0.8074625402257776	0.18699596294330403	-0.011301960552987877	-1.1751918131240173	0.4653830307124962	0.6389432873769461	0.9548175592104092	1.7716182390546495
-0.8543492280102415	-0.38415466150960187	0.9625319028877831	1.1382331244353532	0.03822717960692223	-0.2186219159696911	0.16341122530518767	0.5543831536344213	-0.7548870612057694	0.560187833335259	0.19648779686357312	0.017311123083216775	0.6441500622931953	0.35322128596003133	-0.16504379940327465	0.9531246271459328	2.0942761681072177
-0.13242424680402204	-0.41659765202954013	0.6162238642601079	0.016003926641339154	-0.33942531860934083	0.14687335944668434	0.08894908649503205	-0.9737277496252141	-0.9389727118857353	0.04032554056699809	0.4221415967126712	0.03334944552128911	1.3744420200652634	0.09068756325404322	-0.6706505719873898	0.1429976096516294	2.269602604411204
-0.952968509035	-0.4118657646454599	0.9575179077361774	-1.5023128003867496	-0.7251236089533097	0.4937722688497532	0.16969257209200264	1.3848790807019695	-0.752790114192094	-0.10926361749463423	0.14743196618377552	0.5211785255747584	0.48971048871151307	0.39799987958273525	1.2535078438330163	0.9617467182120792	1.7395750299276433
-0.8584639940433746	0.2533361289358652	0.9299274648833258	-0.11576577375453899	-1.3084305874863968	-0.8410309514817734	-0.05389803416164635	-1.4713087593339984	-0.34295819616101275	-0.2778947164065631	-0.7205263918619407	-0.28983788003760497	-1.5077328428792274	0.1439766442619141	0.36995670591896623	0.6903078015602672	1.671654779367862
-0.41652488568085383	0.07172978598868475	1.098687720260298	1.3212255451336097	-0.44616937106561927	-1.4743181309448528	-0.017754962629291878	0.30654101475657264	-0.3431116698263603	0.5345659221164875	-0.5504229498124825	-0.23727282373047606	0.6069934732209492	0.41785579638361287	1.223394962011873	1.3707502555310656	1.1656043542825487
-0.763838064016295	0.2726715374607701	1.0082469204175804	-0.9516460631380853	0.5969150981402515	-1.3934343220884255	-0.27277924857108	-0.01963452420351682	-0.3562033682382393	0.7885607171343876	-0.8492104964035819	-0.09017924454842731	0.7793128617233323	0.2752445212702721	-0.6079236405251621	0.9874098397704223	0.9219337206185482
-0.14329122947558995	0.2610068959024231	0.9522095905025194	-0.7372924825851473	1.2476193186259792	-0.35174669818283266	-0.266768898959213	0.229176426928773	-0.42400640757936986	1.180599553803184	-0.928611957620273	0.4363281205897732	-1.2630356224679458	0.35046637329820685	0.2542767372666145	0.6298268348423306	1.0722740376483908
0.8736027747349567	0.28725337479137725	1.0868738354616736	1.0571076384402782	1.2427641999467138	0.9263179658194379	-0.655576232917014	0.34238651053247576	-0.26343169249938886	1.1986745207588134	-1.0373212111807604	-1.0637668846552844	-0.912528914624044	0.4939187138305761	0.4923774496337712	0.9184325346880988	0.8672237076669702
0.010879546253462725	0.04354772450526959	1.1241974217042514	0.9709731773103414	0.6168744362258081	1.4650283748457251	0.20007825143241542	-0.8214915189391836	-0.5397228488288924	1.1511776549403612	-0.546265979040617	-0.8827749219980306	0.9597640621119141	0.38163200006580905	1.0903202967853407	0.7517350861293302	1.6841794605075575
0.5681134512726881	-0.051386112983265154	0.699900825822424	-0.4336251582718271	-0.03603049688450621	1.5751494100438481	-1.1189944015027213	-0.8678759116561031	-0.7608439059420113	0.43926320246082995	-0.011858356451901685	0.6131090155847615	1.3361713987891177	0.3125197058659639	-0.3170114516400179	-0.005569778347332173	2.217761248112844
0.22456381070098552	-0.428438078204349	0.08259493428050142	-1.5151859827425462	-0.8757355353458247	1.1752319137936773	-0.48326243053045886	0.37821459060846024	-1.0605176279443265	0.09478602248957606	0.6125266973517471	1.0982491653118582	0.46204705196646234	0.14604608760480794	-1.511918232594761	-0.9860754273313611	1.735478578594753
-0.7275520033712368	-0.3241058298544253	0.4958214468974444	-0.664789127368188	-1.3693187643560512	0.39169450380728305	0.713126149325914	1.13376383551636	-1.0389865698078613	-0.5757691113542199	-0.23148219380095975	0.5479429679354578	-1.282755559401948	0.5750795533185207	0.8923412796420903	-0.06727682297399822	1.6866746134396253
0.06261171419124255	-0.3753029870026918	0.3264629791581341	1.3517202356880818	-1.4529413999278953	-0.8616014556382728	-0.7789436422518291	-1.256494059651364	-1.19671074221157	-0.26728367019437055	0.2193005821181972	1.0776348383296648	0.018219460806740143	-0.13214376598476643	-0.4114047209201905	-0.5890137858891172	1.6992526107182246
-0.015702442591074547	-0.5276947234424345	0.3989225864858407	-0.04552610677166396	-0.8716873752434048	-1.0075692871985373	0.41086652570584353	-0.06622597315922013	-1.2394062817731153	0.4839727956917877	0.4539487310589967	0.40958545278448266	1.5335616871715814	-0.13477749867568956	-0.8228109363831101	-0.08113782547990699	1.5054507452566057
-1.1656211051417393	-0.2117921116614484	0.4926594737294106	-1.2443950934912935	-0.5259011450838622	-0.5391555195666432	-0.052219104164187805	0.48869321475295147	-1.096166565849658	-0.5100296115517793	-0.18010981847956595	0.8724583426446328	0.6812539268313511	-0.029656726043097267	-1.568646272421184	-0.7941159134529077	1.9878257972835534
-0.48228912343785146	-0.0989063064973873	0.45082176811534197	-1.2841339178373636	-1.0804489333756622	-0.2959872851421277	-0.6982508391504726	0.4042047993773017	-0.8352033993845424	-1.2118567390809734	-0.8102433643752915	0.3044535867135899	-0.9608524137421627	0.5022287957100063	-0.3654256072712671	-0.0772723873173322	1.3507887410964705
0.02734942330297651	0.07307645302822226	0.7471377165490243	1.0591322900918658	-1.0670903384445396	-0.9715870186318472	-0.5668515602365513	1.0956585490007207	-0.660043488013645	-0.8654685369202583	-1.4691498419172535	-1.193444424497546	-0.9305857358119799	0.6981797386771348	0.3797744314576241	0.0080057070176241	0.991650722221018
0.21718117150849553	-0.1412587616032153	0.42047022751006496	0.15885152414854212	-0.6529280706189035	-2.1009100796688984	-0.5226102691316632	-1.2172502607833966	-0.9170642123523822	-0.09766523873029996	-0.31675346069152427	0.14256123448677624	1.3351856047706903	0.39169193237386646	-1.1696627629880199	-0.45194954492672634	2.3050745230190413
0.810293361299148	0.07688206134591707	0.7303382355618432	-1.4344494309669542	0.5252265391632029	-1.7030055937544655	-0.4097468805727123	0.5488629621412348	-0.6881322503017675	0.7955437820801939	-0.7181157091348848	-0.9448456727995225	-0.4796140202842246	0.3743204378149565	-0.09682407286997771	0.12170650720568292	1.0531523975947725
0.07202722111309116	0.054890764913689834	0.7004928764867666	0.2915182920864316	1.2384115445760266	-1.1195663380264673	-0.2646841920893148	-1.1768304325208772	-0.7718460183240825	0.9500130054384994	-0.25793329311187024	0.06155211467356002	-1.3906911810370128	0.38852707709043727	-0.31273898665829436	-0.04929885884442204	1.9146354728762156
-0.213339001624267	0.011160281486504251	0.5488364791748872	1.2713261948835022	1.3964005446334877	-0.2982183978127718	-0.011819416076723533	1.2105608412785058	-0.8870096334115612	0.9873632090453108	-0.4881482800713967	0.9933665210430016	-0.1551925052983511	0.5195596494201395	-0.4557772927523696	-0.5937245777403078	1.3086525332053998
-0.27711674611730963	0.2354024845535278	0.5916845145807574	0.7021906885999478	0.694060838279161	0.3794321215787904	3.83137700994486e-05	0.20878901118082893	-0.7710722564393624	0.28741366802628987	-0.9754343397108669	-1.0804476674540966	1.1949574609314837	0.46835791019568274	-0.27054479393154784	-0.2213039539969955	0.2784430181478631
-0.9023804839413012	0.15171344524506244	0.8423002802602997	-1.1197792253425198	0.5028754287813475	-0.7192458977561396	-0.30151836791993775	0.780177805006129	-0.4707323406370425	0.17792786980826836	-1.0465602258878461	0.11127611190261248	0.7470812323816588	0.7935100658868572	0.9415272461664589	0.7405480733774773	0.2947922280375833
-0.8296639015088625	0.3155741678452151	0.8474070629580419	-0.4699156043604818	0.7637734289184188	-1.6514965357375972	-0.42276318328014506	0.19969192446250839	-0.37108456595902056	0.6444157921821007	-1.1554345843831957	-0.18684725526186116	-1.1317224938858608	0.6925431951310593	0.5653212881956029	1.0615230908609679	0.1636322836957816
-0.21790855972028197	0.15990328587975117	0.8835432414091361	1.3329226548173942	1.584594878060037	-2.0095902686971767	-0.49672157466608613	0.3700758732122815	-0.4838643189761871	0.9566546276813737	-0.9985886339721423	-0.08708980016196556	-0.4541952373502915	0.8569602956467426	0.29776427396897964	1.1578602364961044	0.1516860629512649
-0.04663557269918878	0.41505969661906855	0.938694348511693	0.19898157519395854	2.103658125341174	-0.5778379980910953	-0.6972232736649988	-0.10305087253323543	-0.4686194376974666	0.8922094562856507	-0.9895199627608099	-1.1238761817349627	1.4295558522974927	0.7440882417047595	-0.06585478854084865	0.8482620467369059	-0.2006177892324533
0.2767569922527835	0.2586754678487763	1.0488530713870137	-1.289107548625362	2.078308094445163	0.4263451666674966	-0.6139626373237208	0.5641436943037595	-0.45643845140159367	0.8644527466167246	-0.7730685798375642	-1.3258087618160983	-0.01081768866417254	0.8280392597837103	0.41598731364577124	1.119824441747324	-0.22821385088083473
-0.307470843286074	0.4802570211106617	0.9691815599477235	0.11442045012155543	1.9096295147638576	0.9898231434282335	-1.0034063381623854	-0.6708252278926035	-0.34688523845881303	0.9421800877167485	-0.7274129655481438	-1.706828235496023	-1.36576161514152	0.7297159671681339	0.05536909544153292	0.7835082987278054	0.2854293038932714
-0.3401278165830331	0.32534226905711716	0.41503922056088643	1.6087561513080744	1.811321964071777	0.9538883274436166	-0.8714756294177961	-1.0680684032586378	-0.7090687689199249	0.5256221604668153	-0.6528075490935156	0.5448789737064235	-0.08821710838768686	0.7021543254080346	-0.7866189855666583	-0.13224297081660977	0.6627042836942191
-0.38606618946040977	0.34888429810105487	0.6283442254495175	0.4481107147032822	1.1793622417065837	1.5917724699923952	0.21473752623942052	0.6911924925094527	-0.7428582626228164	0.02642221869154557	-0.7504130273990722	-1.617924394656052	1.337326926520118	0.6448318792402609	-0.6208594970411663	-0.3938394025384153	0.5636261300405486
-1.2954222728298619	0.2674667168285178	0.43632088529594293	-0.8917346295805029	0.2488506066094442	1.271432043988218	0.28744288702273263	-1.3236363767365353	-1.0047185573297959	-0.7185258661549839	-0.6738495516814769	0.6159261873541194	0.9503010138225542	0.40213375694853165	-0.8130373220231691	-1.0169794212316108	1.237895530395959
-0.6818283799472066	0.335670912928806	0.4340832393293304	-1.4943345036165372	-0.3873647686620563	0.8168336571043702	-0.02462025463455995	1.032587013564237	-0.9469893026707484	-0.5388673600850685	-0.9370589221325372	-0.945755705438696	-0.6600783119231277	0.4143989194593843	-1.4871516010969457	-0.47435658899977784	0.061454327694264094
-0.43414440299501117	0.21854799700002564	0.4473662095346658	0.4148207254105147	-0.7981299128597317	0.025036665826773087	0.17045524352485975	-0.8798361129708387	-0.8902595714457288	-0.6203249402150238	-0.7374282290976553	-1.3534491713967252	-1.5872283828110212	0.5293855685612704	-0.3415108920319906	-0.7477967925064486	0.9987578305199372
-0.6522609014923655	0.5523990130147077	0.20522994808316866	1.3442889123710904	-0.4454354643249856	0.10492155111790614	0.0637243834730295	0.4350410126475891	-1.0906844354240215	-0.24402857323147062	-0.7089577198509777	0.590534739104452	0.01975990406955734	0.3460453181991954	-1.0495262189299037	-1.0777802218926054	-0.0443290615162339
-0.6373602409334493	0.2793293775725169	-0.06331521941945234	0.573991928396387	-0.5832550551867275	-0.585246773026634	1.1767693986268528	-0.8234284605071004	-1.276485068910712	0.05473657274773883	-0.3450855298755386	-0.657768130817147	1.1487825238764529	-0.014174936474894324	-2.8474770512468512	-2.082821478942114	0.6194337681230827
-0.5426651494409754	0.5292227312013366	0.0697127936395993	-0.6216109713636958	-0.3582864623669758	0.08799490067274182	0.6499979707069602	0.9894273839484047	-1.1471432958526895	-0.5162702057945991	-0.8382601939494738	0.47039860240583165	1.290678072886141	0.44418250930782693	0.029310839973595206	-1.685219180652373	-0.5792673634432862
-0.12035756526414813	0.6539283731811734	0.32215359516470415	-1.4101873038677817	-0.7642856032882821	-0.6821410542945548	0.4784143571530325	-1.07033100502255	-0.7973562311896063	-1.0806707564030462	-1.1635229182478524	-1.65978916821753	-0.5326794595487996	0.2273265317681687	-1.017780425991175	-1.1047598630957896	-0.7122553605439318
-0.28629118814695953	0.5321571727594695	0.3074191694234676	0.5998930578622536	-0.472047082141956	-1.1803561805001952	0.3465960575060161	0.8825944729677643	-0.9886528263570145	0.16255478566797066	-0.8515048545215719	-0.30547040182206775	-1.4357724408760129	0.6294576717376366	0.21328800659791014	-0.818831043487956	-0.5751715123408266
-0.4838590548527429	0.712251077761415	0.16539205043295613	1.270629150534026	0.1415428952861961	-0.9369828924116742	0.23820718965458237	-0.3743002382214996	-0.8456473486897909	-0.010598746700660461	-1.0001138904125841	-1.325396110773347	0.647168597610601	0.5418447468331979	-0.4358088083939955	-1.4681072955231003	-0.4616248487640242
-0.8297304478870473	1.0803883465629145	0.17824939160172834	-0.8884115307665628	0.8952812932318533	-1.2452675002051143	0.35421631100343315	0.32237278162404454	-0.6155310805144573	0.3218854423222055	-0.727836697498174	-0.05922761820057017	1.0204265765670553	0.5719261041946084	0.9982183379615074	-1.005131612722395	-1.534851418806174
-0.3968771883855613	0.8685819592316654	0.030042839090996417	-1.0079300570223413	1.3133355395844535	-1.5735549335159067	-0.00996493226053173	-0.5588687644123401	-0.6336402450465357	-0.033385314907845146	-0.9715678563646013	-0.426467009775625	-0.882993424770549	0.3989398223949141	-1.4523988677293613	-1.3467796712867117	-1.0954043726088
0.15951157608938202	0.7836279609582069	-0.03808382076063362	0.8994759942152042	1.5252725979053676	-0.8002748734127169	0.2610547823080711	0.9238194851978586	-0.766305060662234	-0.041023950777751034	-0.7767123330803175	-0.0724610424205989	-1.1907934018149475	0.8034962249839219	-0.5277838648207529	-0.630006115957062	-1.9434057300501533
-0.5621852764791175	1.054250730046287	0.10498758511041356	1.0448257835314738	1.462632035645508	0.38049200740201355	0.2786685186044482	0.3598884263175208	-0.6593224640499835	-0.63970302847268	-0.7891747283687479	-0.9341187355051506	1.1718307396335936	0.49687847590781015	-0.6525480239951997	-1.4514997568510726	-1.6421966400564036
-0.3540305894393798	0.9261856347574986	0.1694517862254424	-1.3223323464551202	1.077341027613013	-0.22930189279319746	0.19405267470289844	0.9658128235544067	-0.7302859525842605	-0.3209104964079976	-0.7831644842606198	-0.8654440884984108	0.18054321822227606	0.7410494971831785	0.3083058147478003	-0.19317896862338682	-1.8728150175428429
-0.1265564437657901	1.0897045675838135	0.3686957656318481	0.5417100028783945	1.1572047676616564	-0.7218644130592234	0.1209814193610379	0.3294155128454536	-0.4183001492399877	-0.2672468527716553	-0.5799362855516094	-1.9166608423462126	-1.1844884632214419	0.5559487838992925	-0.6725870424905761	-0.3525354288193819	-1.6723698856317584
-0.06458383601780494	0.6869456337598921	0.28732165118242625	0.9507659903304638	1.5234070308270449	-0.35429512010717107	0.12182166288541278	-0.17962667828710496	-0.8381348756360515	0.09551285625821555	-0.7375230245860457	-1.2148516282941606	0.9890639290867229	0.8692073831285371	0.48853163781965186	-0.48815231673443965	-1.419170862818168
-1.663368625974098	0.7983360390965131	0.333244077686297	-0.961009928328442	1.7967318607155645	1.0523887640610756	-0.33484126729007135	-0.04467689826413212	-0.6730734806412487	-0.2976454557157218	-0.5591804750540001	0.046730555922737865	0.9050754055042594	0.7693084230056829	-0.7985052690499324	-0.37400054745959804	-0.9930502238220984
-0.42781228700563495	0.5718632652511588	0.13006201297830686	-1.4838049413796495	0.6126127652670141	1.9459998353683625	-0.5448206080241302	0.28968357384558274	-0.8179952142470269	-0.8387741822164295	-0.5767806034761302	0.009229801345062	-0.5596439581887791	0.8658149532385553	-0.7451485615361809	-0.6635023124539389	-1.2337865464633997
-1.0952739363892836	0.47055344875775224	0.20598978363524048	-0.15598263286197087	-0.4928532290475714	2.36443025301711	0.3667725555713477	-0.0157323393958227	-0.757342459528484	-1.257108523079442	-0.8226953719674008	-1.2385805702715966	-1.3702427008152394	0.712245743997104	-0.31002579364400296	-0.7683598584697486	-0.2690449949459138
-0.7894720414817477	0.8473334894464578	0.12280461068889663	1.5106906884183318	-1.097677685234437	0.82029447828149	-0.741021104119054	-0.5591850468621722	-0.7232423443983509	-1.3140454877096024	-1.0051788566278839	0.39162755284615863	-0.4402645700924	0.5141473821489068	-0.5969214421357484	-0.852112704668829	-0.5061161981540364
0.694234777085654	0.7394924717108173	-0.006182308198264359	0.6432249521293091	-1.1145823217156057	0.60988920632323	-0.19046722164577584	0.6966024512620957	-0.5418573386904472	-1.0988838719038632	-1.1004219123314956	-2.27400284001138	1.2590525674690287	0.6605120415522391	0.27197536299610314	-0.8656948981685132	-1.4157935410493736
-0.5050795987693119	0.8648480494465323	0.19626818259142742	-1.16690617921041	-0.4936393079310802	-0.3435717040826986	0.20242242933718377	-1.082604076911991	-0.7431617856472148	-1.1075243301125581	-0.8711539120179989	-0.036653752261869704	0.5593994948273296	0.5133771245844665	0.5029475890901258	-1.0916317710663883	-0.9364564007107155
-0.40762282050365894	0.7941933883095447	0.4143535999730067	-0.5976162341510373	-0.08027404538605434	-0.2592277291917957	0.03180631530667792	0.21861280117437087	-0.3391217639259116	-0.9179488011773319	-1.2910437938503185	-0.8810933441998439	-1.1698208165311277	0.6415923247289725	1.785703975718774	-0.38881693524359856	-0.8697113732600458
-0.21096356128358745	0.9837596985274978	0.3749300339427809	1.3145660872647438	0.33930912880465675	-0.866782139066448	-0.8501871440810882	-0.9394532805700557	-0.43879493298847033	-0.8532305468949194	-1.2770634853226288	0.017796803490046725	-0.6656825092213325	0.47604291130471155	0.21062527803086298	-0.03507591033276425	-1.491023065772724
0.9636276157419923	0.3517489228265561	0.2775181264519499	0.5112146115126347	0.19324146305713819	0.7839666380573983	3.3619321507992863	-1.0915365858112953	-0.3489115694880764	0.15540892667917378	-1.2616257770163897	-2.6443512616270244	1.373273495764109	0.7532978700612177	4.623668544869906	-0.9039076377786313	-1.3694393495055825
-0.9043857711889006	0.649161535924971	0.2012531577600507	-0.935666674192763	0.21104750390710003	0.22217071532609783	2.160135933589838	-1.2443918657388233	-0.4684832494011403	-0.319588493780001	-1.4337586230427215	1.235031087256253	0.8714609281819292	0.28445953577263894	2.5770001434402725	-0.4858906516854829	-0.7152504685108363
0.23066359894786556	1.1387143121656396	0.3857310323884113	-1.3957681641898165	-0.14276208315393352	0.478267930307545	-1.1250484968307257	0.43001008951220593	-0.09303428492114642	-1.1437878875723733	-1.6103348152607506	-1.3639397161423896	-0.630923092019612	0.01978261261178204	-1.3111453675043676	-0.8134843663595642	-0.7783482717674612
0.015585846209630664	0.8321343809558726	-0.0793500023779774	0.6766557067097968	-0.5427952928167135	-0.1972041718521525	1.2850352186551037	-0.501323744956298	-0.5874880073898305	-1.6136333363869562	-1.268866910610718	1.0278376535409333	-1.494341133607275	0.3641604549654176	1.6753522291991918	-0.5592984627017514	-1.711092815745328
0.1713129195726723	0.8803200635471355	0.1121423688085155	1.3612777576079549	-0.18492704715177585	-1.0107949529375515	-0.9040871277131345	0.554761713929634	-0.19570030008523723	-1.6138501049371032	-1.174682162606344	-1.990817056439949	0.7837300952295553	0.45851739863441626	-1.402420566508118	-1.0550473749211504	-0.20357776162462804
0.04776392811377457	0.6085618551282604	-0.15514075098221178	-0.9825624423846991	-0.10132437463029541	-0.6915692159399459	3.2938002755039335	0.4598700028828742	-0.7376479170993565	-0.054435766158900875	-0.6112834357633574	3.607235696453497	0.8728024840116646	0.46583649559111096	6.398219980697615	-0.704002508407817	-1.5570729783034174
0.17687859837301387	1.0462780733840014	1.642998316327212	-1.2264089482769174	1.0104839105847334	-0.03828584740132093	-0.452271583135024	6.357268271634976	2.1660083164872193	-1.3086008222734589	0.6520875298105843	1.9826228645942843	-0.4401647374667977	-2.341163441213065	1.696906996147515	-8.235223557644282	2.625314587210021
0.19809799032696396	1.241778627908947	2.4407584574600563	0.29562452048309623	1.6892661719367477	-0.006012913037606891	-0.6980915842538772	-2.6276513694643784	3.0272751411916086	-1.7269257425087254	-0.960720326305117	-3.5933807437884466	-0.6783393834985336	-2.488129449420522	1.148700804715249	-6.482789721904617	2.923794297683696
-0.15851718195472822	1.1282607307634074	0.23180632860575395	1.1503107538386113	1.3116813509832639	-0.36183844978572477	0.5110687874590163	0.4744131064937466	0.49543153121023914	-2.537471899014333	-1.097239750657171	3.8566201776191953	-0.825360703580754	-1.088948077666582	-2.0355226122444545	-0.010441438464723674	-0.8761620287681335
0.5597224920483296	0.7905331886673089	0.8798853426282819	1.5265707747834243	0.13054803185545494	0.6471920802340523	-0.21883933528178667	0.7791631502238269	1.3259369490605453	-2.6277240027292152	-1.8996219732965518	0.07609258135139647	0.22580042179104495	-1.012330771808417	-0.005029548406895672	0.3871472077467527	0.9714463276080894
0.7439436176453996	0.8722289026054637	0.3498557657856369	-0.2746782205041014	-0.6343583843009887	-0.8175323170050236	-0.01980067481611959	0.7078915751967022	0.6495729228457541	-2.609270762432594	-1.6794597863028364	2.310167652372156	1.4284683406945577	-0.8626476420039532	-0.6266624298878062	1.1849599076912012	-0.7422431481379133
0.9225673725549693	0.6514513363558602	0.7828872783985041	-0.9086838599602531	0.06275015419716186	-2.1390566720121993	-0.41377519241602717	0.00021750260115921532	1.12567591143556	-0.7853341387382786	-1.9279899767988289	0.18173251319318343	-0.666046129682658	-0.8396298051259476	0.018796468510283527	1.6436325055057288	0.5355228562203854
0.42576545072074806	0.9770458601074273	0.5666779588564005	1.231555716625541	1.3094882464635997	-2.043829506909941	-0.42434065583748987	0.7125236814786505	0.8173547585971788	-0.095510084761998	-1.4748120668593345	2.51957419553788	-0.6094163616204306	-0.90899832322484	-1.3941929309266403	1.4786890201583471	-1.4213915878996737
0.08598295166451178	0.6628714933932421	1.0070492438570493	1.0893327274337772	1.6866421134455323	-0.4752632734429091	-0.28741033824150125	0.28586952807952143	0.9819096997886815	0.11012909898525448	-1.5716774643887683	0.27631448240520373	0.9573159465452402	-0.8547875383227111	-1.6584937324344982	1.3424641414385945	0.49914529852579564
0.017521602912805315	0.7670207603785941	0.7236477771759869	0.07442136608096618	0.5771410945810487	0.9720998779586393	-0.022175438959762418	0.7394027789796122	0.8277798116233177	-0.3596561813135454	-1.695986377747531	1.0445082975161142	1.7074586799869866	-0.703702652926326	-0.7199219484086135	1.975140128940275	-0.18045654917284182
0.6975588761227492	0.9226268803528141	0.4830658330517708	-1.3516607683049071	-0.6045061456670611	0.10290936533076961	-0.07429197141274334	0.4971002257767233	0.8132717779963458	-0.6446955205964835	-1.828371170183012	-0.38035363498037195	0.04317149907179042	-0.9580828178156194	-1.7246114861932367	0.9633687514920392	-0.2090555734934517
0.740308736615509	1.021905617301789	0.603686332106415	0.9903016925455081	-0.42184894958668895	-1.4633599968697868	-0.4686359237998433	0.5971126637867491	1.0591756066222482	0.008378274814124162	-2.0793923924737068	0.33159080822075593	-0.6789989029348957	-0.9535129806147854	0.18103898537665222	1.000515606811207	-0.891218877279977
1.3139438139592559	1.0710881659934366	0.3642676613270783	-0.04657823283918162	0.6357124794965794	-1.8881801304595187	0.033884983342570486	-1.5356117516873022	0.6618874197725303	0.496667215567776	-1.789993519898714	0.9230672286401848	1.584455653203445	-0.9669923994829126	-0.9219954665860602	0.28594887874197505	0.4602568531840254
0.9153848954186825	1.249600036784466	0.3773697172224744	-1.3700071249032135	1.399856882202532	-0.9978487637584748	0.0180243662541337	0.3255662369911872	0.9115685646662771	1.1377071200614135	-1.538688602182135	0.2670493708286612	-0.5878066309377167	-1.0372973518182826	-0.6361843086809625	0.7846964355156762	-0.693481032454956
1.0420474153007182	1.2287086582844646	0.019421835262986683	0.3351401519309606	1.472273214455936	0.15569888982461916	1.0536334416760498	-3.2186838357634184	0.3601283420251024	0.5706726630477258	-1.2945207357256399	0.9069895329075881	-1.187688569115637	-1.0795701971902287	-0.7393910246473903	-0.9515847789713717	0.9358079716900115
0.19799659968542535	1.0178594423114344	0.486034165659792	1.2998515841524758	1.3171077906313235	0.9361219037957661	0.10346397197299217	1.1018363548546417	0.8087142745240645	0.1310788503612436	-1.2441307504378025	2.141762867941715	-0.3834890663290041	-0.7395602899821686	-0.2185576062163572	1.1395630302625224	-0.26963563425171627
0.6104937586451833	1.1585240064676743	0.22859805015225107	0.31653436103960453	0.029634313054959865	0.7892946382293431	0.27370782647953107	0.6040851860738432	0.9084607918578373	-0.4125611310000728	-1.5555186438319772	-0.800535630834052	1.544305603449048	-0.950306989443059	-1.1984300546808933	0.8536015576428422	-0.5528390372638677
0.6374656971543596	1.1441200738867179	0.4605463707327205	-1.3592567397665831	-0.04589863353510675	-0.39744554874575144	-0.14301647227759007	0.5573321192973026	1.0412656580187265	-0.11849063198255105	-1.1700644959213309	0.43457983037213754	-0.43904903489059577	-0.9687637820134406	-0.4228270351532506	1.0049362771497101	-0.5954822719297835
0.5884034845909379	1.2248555313100071	0.32297060666766175	1.0654508761375812	0.1684985361300624	-0.2804097823415981	-0.4537807704443576	0.7066463313821011	1.1362917353409934	0.4049582780802431	-1.1145332478590282	-0.20907862435310431	-0.7662373933800101	-0.833658239729508	-0.5629836574604185	0.8324271556030519	-0.442861695569021
0.7326943513049013	1.0297431305633464	0.2307916153932205	0.23662447891449798	0.7178770959393714	-0.41266295814625004	-0.4293979333669674	1.0755870557531844	1.0605850194795898	0.2780606350610985	-0.23518211174845327	0.5141900829249484	1.4942054913950427	-0.4056520073275205	0.047847690430682495	1.7538517544426049	-0.47051221937931215
0.3250366322590818	1.020919439087054	0.5940472970431113	-1.3928803178679625	0.7517142381148553	-0.4840900417227464	-0.10193451999957316	0.23778602020943668	1.3587527939072903	0.6513832769514283	-0.3915305879082501	-1.6470186406654905	-0.06859855129187314	-0.6478158383116982	-1.1438602908458253	1.7757420799580712	-0.01365266603426729
0.2767086220025599	0.9307133434822227	0.33460205167027646	0.34672547634439954	0.7611204220228831	0.6682351348884914	-0.07821369651891413	-0.12521540194320102	0.713024103422777	0.5216558249050463	-0.8256837418485521	1.1469261010614715	-1.3184972895101599	-0.582408091893161	-0.5187998951817323	1.3964422358216197	-0.26232974831465683
-0.04305807182651509	1.052830131625994	0.31915561247659113	1.3499147859136922	0.42781138871690433	0.5369900616239126	-0.08463957976018659	0.24184190064508626	1.1176445635748076	-0.4570812388969885	-0.7439262886608453	-0.5633503362080602	0.8485903126948166	-0.5904231323608149	-0.24518615764589258	1.2694822301802373	0.2087945460721788
-0.18479364399549777	0.9751533823950148	-0.04131359154010544	-0.9935534020888729	0.22977408184016518	0.5599759559616404	0.03628787724032213	-0.6401476017751089	0.7081027452500942	-0.5857663770410141	-0.8475511964835288	1.3954862778164188	0.9482170986410843	-0.3165511762510421	1.1775105886439332	1.1772602105301055	0.24959158361980474
-0.18000617317355572	1.010975167285477	0.20550081007261858	-0.3987043363479875	0.3423807909045809	0.08101663905933301	-0.22174714608747723	0.6815442414378989	1.181003889407163	0.11059921030261267	-0.29378595966754717	-0.17139020840417718	-1.0879176120013851	-0.40402253280172595	0.5208183985195972	1.6583675199612482	0.8538038524116623
0.6488244996239589	0.9900284315023724	-0.4025810208239479	1.4472259718993847	0.4258387915479762	1.2771258492063682	0.30785746418967336	-1.5580274734881367	0.3192387263737521	-0.28938616204774337	-0.3873316284042883	1.5617147459793295	-0.29571809434871404	-0.2181710383658453	0.43211443654076065	0.14020426589841511	0.45610013041972347
0.7018335421931854	1.0916786717571425	-0.2705541547713343	0.6254986133870809	-0.027253846038194723	1.8825431478106127	0.5978152224932126	1.3422447260912298	0.6524025754203535	-0.15850304670532492	0.07188703322335525	-0.6199090911444497	1.3466477755780837	-0.2418914714944983	0.32142858638959576	0.9115525317551183	-0.15901093292627946
0.23329323643671643	1.0293689750706927	-0.6734041735697595	-0.6956368287698023	-0.6401500581056745	2.1909199536938484	1.0050955589498345	-1.9950845262953265	0.13954102139446398	-1.0630020093236703	-0.41275325847934297	2.075351307892292	1.1720656182164124	-0.23066022560499888	0.6292330085565239	-0.22366518584283304	-0.036435728215944554
0.7427532670530983	0.8618624588927417	-0.6416793699766252	-1.5704875112813845	-1.6214912906686108	2.501452455925841	0.5652653003522908	1.2377672959670758	0.38607313817852507	-0.8807107250342415	0.23926542572828763	0.053677439408398295	-0.2738990580098571	-0.06337477620851445	0.0010705179316814408	0.5818970190746865	-0.25557870118115006
0.32531971633314716	0.9539561532535517	-0.5948948469453038	-0.15970202347429566	-2.1163006488545277	2.1589260772407624	1.1662147197386383	-2.461952559433462	0.11877784550489494	-0.8531788024257309	-0.6463792118134394	0.9936172929939803	-1.4317933334906523	-0.29280812323304906	1.5194162241198683	-0.3933663164199422	0.34465765922748554
0.4560618806661703	0.8461582622207214	-0.7176423445765063	1.4699116349498287	-2.2783886275964136	1.4226293976720361	0.4055561186161897	1.5800167472278146	0.43140618923844265	-0.8935027668953675	-0.08297263918773327	0.9463959856194613	-0.3628004891114758	-0.1919661257995398	0.13069265843173564	0.5085932014117291	0.17893682757030857
1.360863321089639	0.9222396494148172	-0.60319850820387	-0.048923259898493075	-2.3092264826319426	0.5666439467123091	0.11382306180406525	-0.2066779983232846	0.4129056426263993	-0.716514651339646	-0.30442446578364785	-0.06329395327688714	1.4613684109847904	-0.18745795848827151	0.7627477268917988	0.8751308250829728	-0.023441526026805257
1.269960423778303	0.855598053422844	-0.6178641869335135	-1.380743978802193	-1.441107662767689	-0.18592269117356935	-0.06655329117234629	0.7609621897646798	0.5400031148687356	0.030353330046272015	0.10733069801329481	-0.2695592814295406	-0.5185879334494478	-0.01673922495561376	-0.004167783869142292	1.087443635646909	0.09328023511159524
0.8385973084955973	0.9741911732555233	-0.7263555354934098	0.7634818986479583	-0.865619950447847	0.6519309151133814	0.24877545725069203	-0.6464343137406453	0.4613074348844333	0.8770863629387591	0.2020344469010041	-0.3441276133746956	-1.368708137433755	0.05071952030998721	1.3587521900712567	0.5064441645762108	-0.09061152992785526
-0.07365179322780434	0.9689526438019824	-0.7776324396434504	1.223051846919401	-0.4623432062880608	0.7050420332438515	0.2877580888508406	0.6867658900267648	0.6237749446731556	0.4274563995921934	0.8677887958234577	0.14863557248281964	0.6097457036410837	-0.009365893638433475	0.046675326698134546	0.667723994421839	0.5034205485388965
1.2702114493987722	0.9868969073948975	-0.7440809246896272	-0.04492069746150345	-0.7585552150008164	0.851788976085224	0.5525462700463692	-1.56293682734134	0.3183452387175004	0.0012032765641599463	0.06180089405546434	0.03787031782811962	1.34339838949658	-0.029219571580701417	0.7442438882649746	-0.19483570720101184	0.33044733748234106
0.5875502153223026	0.8152503006887255	-0.8602571740008873	-1.5385286946810388	-0.8563686025750656	1.2963488618801406	0.28201205552612174	1.1844864191994786	0.4668398427517657	0.025404152022480996	0.6223058451325835	1.1209932774096052	0.25115798605578316	0.07964308073945883	0.4395182035513362	0.38239445833815394	-0.26257923243327036
0.1696414546880904	1.1147800196499118	-0.7689386933495371	0.18449054175487303	-1.163350987076506	0.34031812567109454	0.6872517748573047	1.1819944017539792	0.6675100397618703	0.08582750554575891	0.9467529565020903	-0.8242486921216976	-1.3280143855410727	-0.16159930017571286	0.12222051634376914	0.49743580861306186	0.18734278659319464
1.1742322304234505	0.8634015367507909	-0.8644322321128729	0.9389037368041828	-0.6644482057005673	-0.4958589583707903	0.4122531939644391	0.5056400260506836	0.39924711253328643	0.22208691843008968	0.34621608868928316	0.11120018338200384	1.132607722855525	0.1702697737185732	0.618613457824275	0.23526873202911422	-0.21574887419312835
0.7827622447466324	1.0367028043603652	-0.4401362225851464	-1.4153368014570529	0.2373417903011371	-0.3093062383988419	0.3404579674981944	1.01613119882976	0.865238486233673	1.1709447733458795	0.4734112665779329	-1.5749989497546002	0.2097303101913878	-0.210751687053736	-0.048252440154257864	1.5019333205051768	0.22903774144505076
0.9142148992077946	0.9395177628028439	-0.6826288691986888	0.01942587464672804	0.6660687293497384	0.6615253422966819	0.6724714440688118	-1.8338256512251818	0.41215153949429967	0.5233277695274257	0.3477048250531816	0.7644457009862822	-1.4529440809469407	-0.19199891435225253	-0.6424814768265428	0.06369107492174113	0.8797696719748664
0.5118051678847417	1.2028537918029116	-0.5661849186142458	1.1352003378157551	0.5866653499542175	1.350331075578251	0.07444557141203137	1.3993753867720182	0.8776649627658977	0.6175436578736241	0.3172813387513728	0.20457424853089654	-0.6769556894051922	-0.26870513121469974	0.3333941924299187	0.6151640154514567	0.7453157592383081
0.12730552869663053	1.0709717143375868	-0.6360247443393648	1.2317572425270573	-0.39939324172077767	2.099439337742853	0.4903567559504656	-0.4586895598854924	0.5182262586561607	-0.9525405472738937	0.19258807382605672	0.41163271737808216	0.8661669624498066	-0.2778512845652032	-0.08209349932544675	0.3377832810021323	0.14596007520597074
0.021525438114040903	0.9625775630942185	-0.6459084704489979	-1.007766251984924	-1.0944757822907092	0.5620131818767781	0.2467421800499833	0.29462777778817717	0.6254210614589848	-0.667530816553491	0.16763796578810136	0.5356226426487016	1.1624903542625347	-0.2549945955708423	0.294901807019403	0.7253200512370614	0.8444555974499599
0.6488984201879139	1.0197617018486973	-0.7475310622596734	-0.7080031283155719	-1.1335503824779631	0.8828013097628229	0.019066012458666966	-0.9915760373059909	0.4434206838223866	-0.8842655122883579	-0.141415180335398	1.0935226894844747	-1.1386787911940068	-0.08881929682875252	1.1848844662239648	0.011686345621854666	0.586049966680161
0.6791779560361414	1.0263393350945338	-0.6605078789132488	1.4597488502508782	-0.8473980630901614	-0.1779711291256654	-0.11245474973659574	0.7015069438909681	0.6809530520696573	-0.27459656313195996	0.12528063392497626	0.42268657649323266	-0.27766526666035324	-0.17026845698023899	0.8365068478505984	0.9693428217501044	0.424299106863095
1.2644285211686166	1.0763654079108034	-0.6665041457526789	-0.1836132067976259	0.03126446673859456	-0.618332009848651	-0.0551694045389741	-0.41527856389963974	0.4697121024472564	-0.4567307736510019	0.2860861941850666	0.6117424232100989	1.4034213194263128	-0.11964866708414885	0.19331614382950443	0.5050473527836105	0.1841038059443698
0.784520853040865	1.2300549336905378	-0.6405518957924774	-1.3520384627453756	0.6503885983535003	-0.012590115071028392	0.23806929469027782	0.9325140616364894	0.5649291841803028	0.14852902298610496	0.608099634513923	0.2825191437911061	-0.10458059214846245	-0.19897986934077977	-0.4647281755169126	0.6457182301839272	-0.18354728014080926
0.20287068281418277	1.1095037123630587	-0.7434658408295661	-0.644733479842541	0.3202739793304954	1.2577554370337956	0.2740568753275548	-0.8609245007779183	0.43246764794759346	-0.43137998242410663	-0.04983528720241958	0.6083896593055659	-1.241675572294705	-0.178742989077951	0.3006514517113646	-0.3862722578598867	0.42697190076928415
0.3524756084989362	1.0798614125511325	-0.7165910060846209	1.210635335446059	-0.5329369649641006	0.8092155153699118	0.16313918035714395	1.0944920834373197	0.6881632926255752	-0.7392319407731479	0.7557245628474469	0.48713484884260466	-0.8133995712342657	0.07858805609791866	1.044292887410837	0.8460649220652254	-0.46394057151434365
0.23527108844288736	1.132126694575949	-0.6982496032034913	0.3606530326074093	-0.7711272372031313	-0.0882772214695258	-0.6714045289822196	0.7342728871550045	0.719995174822481	-0.7206706754384564	0.8187852528663517	-0.2081785124985077	1.3723637903265893	-0.019936020432389023	-0.695902700295721	0.6339526608701734	-0.3769499568603128
0.9022935712976672	1.1925190647578228	-0.819531622553338	-1.4329124676386351	-0.603026548664771	-0.7116773878089993	-0.3897350610744367	-0.15167458374346707	0.6792599484244423	-0.1762679989246085	1.1975928597908598	-0.3772145612248279	-0.3138343311594084	-0.003965149659407679	-0.1866697604648924	0.5951418091790083	-0.3127016626182659
-0.6036011615036244	1.2447274166385465	-0.6005682961679912	0.7656231573276836	0.09611839362649748	-0.7878622015958986	0.28515675703301946	1.0158398949864373	0.916708791978318	0.38637560367469176	1.4827407465480054	-1.0305440827422587	-1.198034647419795	-0.04964899348864052	-0.5897711083455683	0.7577758156319923	0.059984009545952
0.31053995158952213	1.233113609404606	-0.8374521514194975	1.2661588503778969	0.34753253140753865	0.47902751347327394	-0.08264072272038868	-0.39900146154168603	0.4997926957979658	-0.06158599147934518	1.273311501589813	-0.24493113586528673	0.8745265974534197	-0.10407872688149054	-0.8180505298933557	0.4118192196402936	0.18982240729288727
-0.7194422002142159	1.226688032932478	-0.6656175034283124	-0.6918285623298052	0.21654271128520108	0.18455337174181644	0.4541008879803154	0.6392615037938378	0.8552991517161157	0.16610606487040264	1.0377603168661511	-0.28175362490178957	1.1850165331978282	-0.2525024859795538	-0.5070186461848825	0.37666789728327754	0.7536669475564848
0.2711050454707583	1.1012944920816725	-1.0188210892318448	-1.408101318282848	-0.23251770665188554	0.8255268408816775	-0.13595665423944936	-0.7312238811243608	0.42795126845708525	-0.4597340333598957	0.9383645801966408	-0.34981131007705013	-0.6570144192297668	0.0031032346782605626	-0.6872071564867575	-0.09058272232865801	0.0782267216917987
-0.8627537155073857	1.3908697757365065	-0.99656848024169	0.35370430641271317	-0.6717250444721594	0.2569502614963955	0.4918311071058189	0.6359265191389414	0.7206235010973824	0.2910734026322171	1.4258655383244923	-1.3631872933885396	-1.4401670484831945	-0.13366495013452748	-0.4127538721251553	-0.5792140826271378	0.42112279953278514
-0.3465347530630537	1.2554920903297202	-1.144625124313372	1.3404021199828462	-0.9987198882976198	0.48229797916486156	0.038563889494365684	-1.1674249947712854	0.40817704855295445	-0.4653616568643466	1.0025634389761409	-0.22467936309527411	0.5247403000120888	-0.0181345956397229	-0.7791267055661166	-0.4690741481121768	0.5431840425623562
-0.0478826949991382	1.310719853856073	-0.9043335740111488	-0.34244338379192446	-0.9055853033358228	0.08513318524859995	0.210639834201122	0.2541849364982808	0.576438945967412	-0.138421931467045	0.8502221460311881	-0.008799509185171842	1.3322065173002509	-0.11908619408267236	-1.2489031057346152	-0.22648840574503892	0.5471806314505292
0.7750039577059874	1.0817616611884853	-1.0715938874615905	-1.4641053840758294	-0.601364212376216	0.6426577667130469	-0.09050401175958678	-1.0490206546771625	0.13174083672370676	-0.8821146134806876	0.3574093883756092	0.06808093147058149	-0.048150952456806076	-0.0758615502576048	-1.6729168645292558	-0.6640242232106115	-0.027908303630283744
-0.2014052059599972	1.242737501776519	-0.8417091258677358	-0.29431430664510005	-0.6581229105409417	-0.005082057556011227	0.35247105412862023	0.22410185691768314	0.7574679837694518	-0.10609711900806615	1.0638777184887571	-0.612707119416575	-1.3283646173755599	-0.12010888159300098	0.6379233432003659	0.2295589055542198	0.9971208586396555
0.546192435884592	0.9107608789397693	-0.9119142349426678	1.287240494904463	-0.4534267001435126	0.07649980481454913	-0.12360140921514078	-1.821296864609106	0.33019373020827214	-0.7590402728090933	0.4081242689865015	0.9013639360270704	-0.4913667068232916	0.017019197452306695	0.015067724650577366	-0.27123247612005175	0.1894584211521284
-0.10287639855000857	1.070404698438268	-1.044208163057282	0.869508153016447	-0.2091176338686251	-0.286725945137175	0.42688435781689654	1.0184454236581721	0.7248287520486207	0.38398989716612497	1.5222098869745027	-1.3349114596398537	1.1125851669805709	0.19778849701796894	0.7189806885720867	0.0053494261886318124	0.11359910011450274
-0.07218305319560968	1.067905442468137	-1.0402427030575894	-0.6625435432273176	-0.05136988118406644	-0.048254108938422205	-0.00897132716796846	-1.640526351646925	0.5555633620339127	0.11648875148866786	1.120114097273386	0.333166828669778	1.1870703262685298	0.13921629590290013	0.49766345095420106	-0.16457442859748694	0.5811280604253587
0.0879955077885673	1.0797331160007524	-0.9787008843388164	-1.2996071530682158	7.072657810695541e-05	-0.6259102958609113	-0.023769970043612705	0.7841363959476303	0.7243777700738594	0.6961424498784031	1.7099442182225812	-1.0289072731665003	-0.45507794400911905	0.23485869494748515	0.18954851525853358	0.49397785805016375	-0.20911996553655865
0.14278846561434183	0.8657486230521513	-1.1784479512423884	0.1994436990100639	0.13554551363220538	0.40588711368206365	0.34368209856580734	-2.5379535822994432	0.36170651839603146	-0.04950206786685394	0.8235358982570846	-0.41563227047071183	-1.4292283777348276	0.2244114233559262	-0.22145098681188005	-0.7787424277731286	0.5491689945892739
-0.5876431173832432	0.8661934828240915	-1.1107581611249342	1.4939788058567556	6.864676262858956e-05	0.3503529682387244	-0.02348512397278749	1.442910749362791	0.8150211658043858	0.13143271316855906	1.3583352949840628	0.9533019672649493	-0.25290908113998406	0.3743514667324407	1.6760820444427844	-0.20139333028963777	-0.03495294851160115
0.08352583898923654	1.0260870587003545	-1.1001714986709388	0.5261518376172031	-0.3861682599607863	0.15457564001975319	-0.42709332303475045	0.20214845514403046	0.6927251351900947	0.1271394374483129	1.3687059401923958	-1.7729098781269945	1.245066198998396	0.34763235759951144	-0.5676538645330506	0.0367648602161242	0.1438763397616807
-0.6890577998214643	0.5684160515888076	-1.1866675237262423	-1.053979184108233	-0.10088663933061591	-0.5361530145404354	-0.34640220685547524	0.7810116041808772	0.6849568063048751	0.6914171535828698	1.5836891120994627	0.6504402135987223	0.7328409223427617	0.6971780735112351	1.1480487972224958	-0.31898850678830726	0.11516607467483216
-0.6682986020284253	1.0787625569255161	-1.147212176145437	-0.9326084479685511	0.027126038878983995	-0.6294673413085534	-0.36439967337222867	0.740931260928413	0.8274599348794439	0.9945740291073939	1.5295920792620927	-1.4687143402796605	-1.0128768900783038	0.4144356583100869	-0.04412818697721069	-0.1719568391386858	0.8259546856981095
0.12367041018036319	0.7265700660198673	-1.1066357355099177	0.9114171023090013	0.13237606406038127	-0.6358042245683468	0.007692970587851655	-0.3948580709280145	0.5854794560888429	0.9043120032621127	1.664269353331669	-0.26467192989806354	-1.2319737253357526	0.5402911230902717	0.39162323808263755	-0.20846291082227625	0.44372097461073035
-0.8957006730860342	0.9744414853240984	-1.0747167102328625	1.2150062144132225	0.7438491662073853	-0.30119602420544617	-0.452503860372425	0.5918840612714688	0.7835312611342276	0.7993931835261565	1.8528956064833784	-0.6857085329211667	0.3854889521082464	0.4144755021647899	-0.18660475025727327	0.11928065834453423	0.8349223004768888
0.4792364751758973	0.6675263357397686	-1.2918179125036937	0.31425260221493806	0.3538510689894766	0.38532640912334515	-0.1048510599025258	-1.0932364238657413	0.3625978327370088	-0.4463707436037033	0.7539504488830627	0.0773526683756715	1.3673128923547229	0.47891707958338164	-1.1521914450232627	-0.8595889535813779	0.3190437144637596
-0.6308658403001631	1.048391171603679	-1.0546120232015785	-1.3537029505256843	-0.045105420442477666	-0.3838565106781983	0.09711053392454254	1.0123101612205845	0.9000108432641503	0.18743184996446255	1.3802206355505549	-0.8452089188871402	0.47066000415184805	0.3507688859641789	1.2345761763703196	0.009124434449089114	0.4316494297860898
-0.3933396649773068	0.9176502533645606	-1.1939230224404134	0.16485870154498805	0.1305473165743077	-1.4880344742819125	-0.06006150369502307	-0.2701802593953648	0.7450188164501498	-0.20573672209778684	1.7044470208949887	-0.22465000478866365	-1.22558077427556	0.40676383921330167	0.9933555515563207	-0.22449876989649786	0.04823458489649709
-0.3639275247868761	0.8783055738088543	-1.0014115246331858	1.1233757298533065	1.073363921255146	-2.208634978271263	-0.38218222369963323	0.6003046451068799	0.9162612989086484	1.113502293222128	1.764960389215806	-1.8008844272265547	0.7880114646902734	0.4430180831397096	0.9763838265669126	0.5333916623485369	0.08247803519693869
-0.7030074328803791	0.8878010934761006	-1.121477480298598	-0.7551009663654441	1.9544800056572604	-1.4450083655875106	-0.2867695599597986	-0.3780367966764246	0.6890854765175899	1.055140353251627	1.1449339090818118	0.9159918553730613	1.019382632665188	0.48190274118623183	0.015187232697250539	-0.32812069791431536	0.14202545396822383
0.4098344316091393	0.4604306697689399	-1.2335908223445384	-1.3906499934626775	2.4589129767874742	0.31536823646046297	-0.3109236741924245	-0.00992878754237159	0.4174293337141119	0.4709774700249355	1.0727526505900125	0.9004009424325151	-0.3724565346175321	0.5463968027088282	-0.8983578421871271	-0.40804657117102033	-0.38007118616851454
-1.03750545873884	0.6061226668975325	-1.004182146482071	-0.8083900291685541	1.353499302146583	0.740528243828038	0.40844733724620436	1.2996534084998799	0.9696482978905223	-0.06899324411837388	0.7928049543889357	-0.6939538396800881	-1.1183388584392582	0.5556461406795568	1.190751010564071	0.49550277000559	0.5235519158146614
0.444765802087057	0.8186437761625344	-1.1650939965669935	1.016711933872552	0.13252847947319144	0.3956032736776175	-0.43635617041538804	-1.4689383909331197	0.5422578435966039	-1.1229480527137763	0.10375641112791945	0.2576973911752315	-0.8875511718009059	0.2860264859711115	0.7582207831925621	-0.26874426088496467	-0.44214240154081846
-0.4309464656398796	0.6335843567452312	-1.0578012224511504	0.8222523211619343	0.16303612146575663	-0.4334731764858338	0.2695779844910456	1.2158134079334002	0.8309131434432117	-0.006040039215633971	0.899457021241466	-0.389535149826608	1.3303908911453375	0.4116548272109906	1.2577690934136176	0.26075868247628964	0.05536540100397451
-0.6424959550649845	0.88208508924807	-0.9387321606365806	-1.1552541909229008	0.2836762529870335	-1.2515978679584299	-0.8576580978070235	0.69146777653495	1.025385789429054	0.5199136078719229	1.1122346910653038	-2.6270753054343436	0.07605420681616237	0.3099269903062869	0.2040990531816562	1.0249853888239284	0.5508368157801903
-0.9407194519848705	0.5330654787567489	-1.168300844158516	0.4512199577242795	0.9877893137676486	-2.0623403250837686	0.29670454161242327	1.0517390804559423	0.9385929454232517	1.3139960655663967	1.6940684647900188	-0.21651792634531775	-1.2811863151858536	0.8831672766601792	0.8099363029003863	0.6767946578258961	-0.3735048759749288
-1.0797165373887017	0.8293707449740384	-0.8006759202627916	1.1889616472369051	1.7387881499739	-1.3254759627811288	-1.6620517959527954	1.1914634778184532	1.2904513907850343	2.14407112421299	1.5594902528568444	-2.1238333150166597	0.7988179015709757	0.786651252443896	1.1813324430846284	1.3861830008585154	0.5904037357955121
-1.239356621546002	0.49213440854280815	-1.0306182139908946	-0.8726560214758454	2.3745055185760875	-0.7949753384243491	1.3875635010243323	-1.9021732585901368	0.900486707240397	1.2574586386871107	1.3159965577451307	1.079444062663651	1.0229157575403536	0.607749747544502	1.040852140000094	0.30768272047773587	0.8145926436214206
-0.03552735380555423	0.7623800968407137	-1.1118103313853578	-1.3766323427608744	1.661425383538791	1.4559316698547087	-2.547355311479428	0.4823610841612075	0.9357142609466228	1.1292494782467135	1.4139702008796593	-0.1136519287895991	-0.6275755904493091	0.6573901587116686	0.47542868519934584	0.3394804783525421	0.1004025940354343
-1.7008099143633237	-1.8291398686987255	-0.8685067387883737	-0.4102576487097435	0.6749939143368134	0.9434435964140426	9.87564245332032	-0.09724713720692735	1.797743786166904	-0.7317206128854373	0.5791535152789384	-2.8688912737022108	-1.306895578278844	0.7419788911286712	-2.066646687249326	0.4089978239176296	1.0936234026380138
2.0782628160054113	-2.7396050737210222	-1.679824574391433	0.07409948300485028	-0.3978164001800374	-0.08506523949793639	6.79228446021712	1.293027031813529	1.2108099756851742	-2.0245476692118403	-0.22904259913795227	0.8687549194446672	-1.3468347236961715	1.493853462990652	-2.4056525231502937	-1.5402526055907904	1.2293778145280314
2.6505194132195182	-1.418360770407528	-1.7271372872925155	0.7424079293789688	-1.5152254635858564	1.0327315125581331	0.16519276098530422	-0.8156243247763729	1.0773175984217005	-2.221261498942172	-0.672550789551973	0.006543434957161351	-1.3765253786934633	1.4029201314113366	0.18976831154381157	-1.5953961991245924	0.10012973072097339
2.1836980010086178	-1.8046646981070722	-1.7946573336200118	0.4202968889113925	-2.027367314051726	-1.8805161855831776	1.9681912012224207	0.6282364412663687	1.254878698942234	-1.9866840945776059	-0.6460207445736634	-0.25601767107378315	0.9447293239375444	1.6010000425288342	-0.24619669510727396	-0.7907873196159227	-0.5210489252717195
3.144109552598231	-1.1768259527741765	-1.9405083038516537	-0.5667539540121047	-0.7187687175047145	-3.5539052980656747	-0.47069978596604545	-2.0747562597206346	0.9857807791322111	-0.06997136265388543	-0.867300280140205	0.659422990147638	-0.6592466842188631	1.4914863851320175	0.33322723003003174	-1.4046479953331874	-0.007150923967970583
2.9668565178066646	-1.4145388492931	-1.8028242569979107	1.2966963732160774	1.404317758122441	-2.315130221800412	0.8619816579251659	0.1295577690571019	0.8163270509577542	1.3798649545582908	-0.07344018110165604	1.8561607094159653	-0.8376443117763152	1.5899694467723438	-1.1513937036426165	-1.1430990591100578	-0.7802024517795536
2.252113589554781	-1.291254416952746	-1.7436992645843865	0.8630310956414622	2.1426597216304746	-0.9890738292357741	-0.23448130088124217	-0.624783242636576	0.9076614316711649	1.4547773593933684	-0.22278454389149024	0.4724496433664311	1.0123905069279917	1.6219869188665155	-1.0122795571623966	-0.7775487740483482	-0.9047557912874159
2.769058379824322	-1.5484746783372272	-1.695869289788563	-0.10597106049764668	1.9844879861425815	-0.1598188004369471	0.6593289445322446	-0.7840224577663983	0.9729418404462596	1.1515120301003652	-0.4812062153565709	0.9494782057981183	1.1998948662747984	1.6051016874950337	-1.3666085124720972	-0.8940822511030482	-0.5477897746640518
1.6662517977202562	-1.3571785186753287	-1.6077737139527284	-1.3864641600774505	1.464497390313924	0.7164314697463918	0.005434287329757517	0.676384458513366	1.162561633029147	1.2754476133930934	-0.5366481685535793	0.8124923543393044	0.8133834660003539	1.6251032065755167	-0.486844256785003	-0.9536371216529375	-0.4972274308637448
2.322165746740863	-1.5367619578014524	-1.693358182279528	-0.9893135897497516	0.3563596616690269	0.952904073216942	0.0358715387433147	0.14529526605216603	1.0695261331195822	0.46675000485875073	-0.7017949442378478	0.7407426907516177	-0.9484274706939352	1.6824192874319708	-1.0109546554039381	-0.845070771840156	-0.4698460903932312
3.0708218114160726	-1.4354323707550207	-1.581323520680482	0.9101992586858251	-0.2836706737114552	0.22802682497101465	-0.6147695211851266	1.0075665922112604	1.1587910136915207	1.2758323013312056	-0.5163390421962246	-0.05537939517332555	-0.7622392892570611	1.7573911094456756	0.9445090162055383	-0.5821376494387889	-0.7606743426312111
3.6610621571722812	-1.54690852545678	-1.6219758317248942	0.22852490308614312	0.1283524682295902	-0.46061000346145176	0.19956191845813986	-0.7154511470527241	0.9838595697460454	1.2715137062752426	-0.38176508315596347	0.6403112856266915	1.2785628203244663	1.7734497213131304	-0.19242498186123008	-0.526855737456709	-0.26841341204488883
3.1322345901304165	-1.556566053940531	-1.3468704595225827	-1.4755519798301104	0.8443774693462943	0.16357549013646566	-0.3052068590724469	0.7606938244750397	1.326111069214509	1.9688352136208664	-0.08320583610906132	-0.30750871725113427	-0.16994669001935608	1.8293017595578502	0.8948425150276383	-0.13188296814303815	-0.7171742251010313
1.5669990637657603	-1.51058974646753	-1.4266184760770162	0.33834360326228846	1.1024705805033514	0.573799422792802	0.4151547350738879	0.2396873821841803	1.1687035044545535	1.778173219884022	0.18610071091955083	0.2720891996545027	-1.3620387297279988	1.7354858529995911	-0.6409464374462631	-0.07199192440360387	-0.2910089110836174
0.9844352219828013	-1.4068487075414413	-1.4166015419490328	1.218584908281052	0.9655119914545044	1.008574651045072	-0.4892071085032693	0.9317455943468004	1.146936075245205	1.387837220539371	-0.10191123534563239	0.6406730262881173	0.25904143332388113	1.7251455505585056	-0.0739539425609436	0.03671384728137812	-0.42957937973510385
0.008894814045576226	-1.1286900823612187	-1.3717795925521907	0.4208507671477647	0.39648623958079565	1.7637658651842096	-0.6267734372261112	-0.24278580841013334	1.133690971182666	0.42232087695670306	-0.5300658733035456	0.2968191850019585	1.2825324023296363	1.4572744108175109	-0.3941283403015103	-0.09268910343806819	-0.7665283409064938
-0.3434273007597857	-1.4181395188370374	-1.1755703806586464	-1.11820279087752	-0.43079368233009685	1.3262364394597421	-0.5702683443138424	0.45971141515991915	1.2644980691159124	-0.2610559294723333	-0.2837435970534372	1.4001497308315993	1.114496221733088	1.6938753457864737	0.7530859747087125	0.23042327484519612	-0.8054684197661169
-0.7324860757717222	-1.1972780149470446	-1.297018435974416	-0.9981336388287525	-0.7746359391483825	0.44722810904056537	-0.623824855904753	0.2739252708342759	1.3784309159703405	-1.001236637026396	-0.19989836985830584	-0.01990073756190687	-0.8946768564111256	1.5732038843037612	-0.6523751540452117	0.1580367634798787	-0.4853727168481171
0.5496273515087904	-1.254458256387725	-1.2898711412110582	1.214866443134839	-0.6770690636610456	-0.22648007271707432	-1.0281070246145438	0.0469513603136458	1.182472068418675	-0.3761813792592845	-0.43738666290786177	0.41379988479190305	-0.4900637127984377	1.7253297900340532	0.3901084640547278	0.47983688053407053	-1.0643047713723122
-0.8953589592362848	-1.036566300021277	-1.294339741812374	-0.29739130982129425	0.17594075681446295	-1.3631554270621593	-0.3458982699248099	0.12048415738370225	1.452959072030904	0.1948386828049274	0.338580988483334	0.11387879589009924	1.3302189511451417	1.5893648520149102	-0.4181716117062526	0.1354797444641511	-0.5557419091207766
-0.18074064762169392	-1.0583934758832867	-1.2273625259828358	-1.2559160287203568	0.7667688863901773	-0.6176620670036703	-0.9001148949189979	-1.2680661987754132	1.337037004238731	0.4017771103855659	-0.17349247722158376	-0.22521977984232505	-0.6207228748096402	1.5684420655099345	0.5580638347153692	-0.016461831998224957	-0.8056043426821846
-1.80006170531193	-0.8400752813494986	-1.3108137733913774	0.4657280246704262	1.0210303440114212	0.15084212427302682	-0.06759301713716914	-0.09396197707519831	1.4328838140300955	0.4351219727503832	0.7026121328984494	-0.16457513426092396	-1.3077057755053276	1.4268756179272397	-0.7221856492920357	0.1065941974911817	-0.4348290768464358
-1.6194191595402974	-0.9712539998035283	-1.1245491506653102	1.2034033718667214	0.33452926800962657	1.653743004459857	-0.6829206648386505	-0.6113519293784712	1.3533215542013335	-0.33797071357090674	-0.20821585693507272	1.287190915037693	-0.22016823340860975	1.4579981067874084	0.5553710475143051	-0.0294374187642725	-0.3938482922726613
-1.859220826434588	-0.8521653685376589	-1.199738424915345	1.023468709756091	-1.0153184336894483	1.6050496967601313	-0.5412565699101295	0.41641586325806673	1.38323643006948	-1.223579185525073	-0.03832248293493393	-0.32152633622837645	0.9894440947775146	1.3956522463208565	-0.26168655075033187	0.5576106334564183	-0.66500068481169
-2.069393972100742	-0.8561909106779577	-1.1288925960524	-0.8808018344174515	-1.6535336420946003	0.6834924918470752	-0.4180377235103433	-1.284532455880992	1.3670956976578028	-1.9127414358579637	-0.2357740315554169	0.6828998299306952	1.166295584411541	1.3084937094965567	0.2270051100915014	0.09719951839803338	0.010056374468181443
-1.5434398654205321	-0.703032380356712	-1.3525917765666686	-1.0288315159077908	-1.7962215749166466	-0.21130053814924252	-1.2863470934776624	-0.0017462912724815682	1.2730840804268242	-1.4458325214055088	-0.21210707232281972	0.454099087124136	-0.8118625102924938	1.1653385868782078	0.12404548094194669	0.3210938401648747	-0.554012004457819
-1.3418674565257296	-0.86115866447457	-1.3283980197239393	0.8786439554858944	-1.3743844646474432	-0.8218340398857495	-1.301548912865527	-0.18079282653118658	1.2805887648402228	-1.0016906989777867	-0.2237209972009761	0.12343491785988973	-1.0987946916644185	1.3361480554637768	-0.5308329008819972	0.35629481455513956	-0.4719016680560355
-2.289408008727749	-0.725340607851667	-1.1955956861503716	1.0083745617786672	-0.6553231445125275	-1.0146845960329944	-0.552809843352037	0.1205146206104942	1.5365774832813885	-0.07709953250927346	0.5052470075681799	-1.0673812897649402	0.9545142025525917	1.3116233052227282	0.7826066010729905	0.6231776848258431	-0.24470136366979195
-2.17033347768887	-0.7456477315559931	-1.2524001129814466	-1.0016393553900953	-0.10592870425324934	-0.5321368249403161	-0.7584527293453495	-1.6391603390485416	1.2815053434227166	0.12371397522148656	0.012040127192120737	0.6833342021587587	0.8091646114371096	1.3992919291705048	0.7547227303184343	0.06221776426217185	-0.05300072485397428
-1.864826879098702	-0.6281636455441618	-1.296649294053376	-1.007451548137516	0.10389761456035244	-0.13610244543124392	-0.8585430788503271	-0.16327066397539886	1.2327111261038142	0.10281436700446844	-0.11140967039163668	0.2805629893968028	-1.0208861165497045	1.155985026238362	-0.42553592530809287	0.23534364642684838	-0.399395168631493
-1.369776499717662	-0.7884304663912673	-1.262053424539518	0.37802307381663364	-0.24503501014536694	0.9800711236914416	-0.8344848324626712	-0.9720099336616893	1.175241535217554	-0.19930774063483206	-0.3616621561330874	0.059424144839710764	-1.3498100419560728	1.2784418190931044	-0.5801001717712742	0.19266956548026265	-0.135380093172073
-2.294104496333571	-0.808110377839591	-1.2858791989257776	1.3966107642214078	-0.7510654141127298	0.5046563487863714	-0.8938502519241257	-0.09021462080520978	1.3959051897741104	-0.45822091412322796	-0.08256695693010037	0.792460259424511	0.21140459086807922	1.3635308165286775	0.5003967711132467	0.26007285638930094	-0.2606183008867297
-1.2845537895274013	-0.8640506020865136	-1.2694857732618314	-0.6940559521732776	-1.0761602610965513	0.04049683852019378	-0.7920362695855566	-1.1234256228070796	1.2575048830785083	-0.638224101152391	-0.6246380220000775	0.29747646871976174	1.2514720918560887	1.300484745084899	0.10539690728279535	0.14788666121175606	-0.1781463255647158
-1.5363379151290042	-0.7072404431823424	-1.304462638867975	-1.0030748075531835	-1.0055881949146352	-0.051746650672875164	-1.0523095152727282	-0.09432734523351188	1.2588673921866058	-0.33447228730087186	-0.3754554903079329	0.38770087128185676	-0.8595026283158123	1.2903272870716742	0.08336558414789867	0.18854408835257797	-0.4509312896330575
-1.1092414974007903	-0.8309851476162508	-1.1714173982741558	1.0021596016803205	-1.0247868930601467	-0.10532373377535414	-1.1300340769650166	-0.3286621359666771	1.2613063968853866	-0.33682364859782415	-0.38311221498940334	-0.34648318882228946	-0.984120965337845	1.3467856791617623	-0.5210789026481627	0.5626778645891161	-0.35331569497244414
-1.982417432169002	-0.6787456318612539	-1.2955773833603301	0.7930711283992585	-0.6643289014819858	0.21714002414606395	-1.067241458848486	-0.05188613513691184	1.2909405147470143	-0.14105132560665576	0.1685503849999092	0.03783033770094917	1.2141105393929401	1.3127984521290856	0.2818728161845937	0.2867481396821709	-0.8426063162979097
-2.1775263888385368	-0.7891342118273316	-1.2753038839116004	-1.2748551641576875	-0.7688262427187139	-0.17841601563462894	-1.1429383683441898	-0.3477163682946938	1.345807890969786	-0.11237070294138075	-0.2670114435040161	-0.28895131158814424	0.6767089728774289	1.3557245594975351	-0.46548839873016423	0.32062609412089843	-0.2357293728248834
-2.9202791704810407	-0.5152562031348064	-1.166626621350258	-0.060490951208662734	-0.7049287442725838	-0.6681330909309581	-1.0009174349480174	-0.19647125090772663	1.610332519769588	0.36978107321090287	0.6402710747731554	-0.11012679767476154	-1.3244686694622856	1.3509999196131768	1.187245225514667	0.3868183871925157	-0.016026070462258485
-2.4265254011008257	-0.8212248021291202	-1.1840363755122487	1.1355643215708129	-0.346453148009374	-0.8599305930569132	-0.994807884093402	-0.8899458585018399	1.4407976031046492	0.11267117191200245	0.41932026710306336	-1.375904532903228	0.7855868711488374	1.3808954816157022	-0.3573005947812276	0.4058687079547713	0.1922283561494499
-2.3504002864028792	-0.4772419574773588	-1.0841950672669025	-1.1480723081524409	0.0919500318499151	-0.44713206151125434	-1.2923363025797714	-0.3453903011341965	1.7022525641720425	0.7904485328968296	0.5453761443522477	0.2763340294819032	0.5521530096429301	1.4753050992744854	1.8833417357398328	0.44296733402653415	-0.14083247625616613
