ledger_id	disposition	reviewer	review_date	rationale
ds003745_sub-111_run-2_low_coverage_iqr_outlier	exclude	Cooper Sharp	2026-10-05	Registered low-coverage rule applied as registered to every flagged run (one sample-level rule, no per-run or analysis-level exceptions) after mosaic and ROI-coverage review: coverage 93.52% < 94.2137% (Q1-1.5xIQR, per dataset, all runs)
ds003745_sub-120_run-1_low_coverage_iqr_outlier	exclude	Cooper Sharp	2026-10-05	Registered low-coverage rule applied as registered to every flagged run (one sample-level rule, no per-run or analysis-level exceptions) after mosaic and ROI-coverage review: coverage 91.75% < 94.2137% (Q1-1.5xIQR, per dataset, all runs)
rf1_sub-11410_ses-01_run-2_low_coverage_iqr_outlier	exclude	Cooper Sharp	2026-10-05	Registered low-coverage rule applied as registered to every flagged run (one sample-level rule, no per-run or analysis-level exceptions) after mosaic and ROI-coverage review: coverage 99.04% < 99.1488% (Q1-1.5xIQR, per dataset, all runs)
rf1_sub-11472_ses-01_run-1_low_coverage_iqr_outlier	exclude	Cooper Sharp	2026-10-05	Registered low-coverage rule applied as registered to every flagged run (one sample-level rule, no per-run or analysis-level exceptions) after mosaic and ROI-coverage review: coverage 92.42% < 99.1488% (Q1-1.5xIQR, per dataset, all runs)
rf1_sub-11529_ses-01_run-2_low_coverage_iqr_outlier	exclude	Cooper Sharp	2026-10-05	Registered low-coverage rule applied as registered to every flagged run (one sample-level rule, no per-run or analysis-level exceptions) after mosaic and ROI-coverage review: coverage 99.07% < 99.1488% (Q1-1.5xIQR, per dataset, all runs)
rf1_sub-11572_ses-01_run-1_low_coverage_iqr_outlier	exclude	Cooper Sharp	2026-10-05	Registered low-coverage rule applied as registered to every flagged run (one sample-level rule, no per-run or analysis-level exceptions) after mosaic and ROI-coverage review: coverage 99.15% < 99.1488% (Q1-1.5xIQR, per dataset, all runs)
rf1_sub-11572_ses-01_run-2_low_coverage_iqr_outlier	exclude	Cooper Sharp	2026-10-05	Registered low-coverage rule applied as registered to every flagged run (one sample-level rule, no per-run or analysis-level exceptions) after mosaic and ROI-coverage review: coverage 99.03% < 99.1488% (Q1-1.5xIQR, per dataset, all runs)
rf1_sub-11719_ses-01_run-1_low_coverage_iqr_outlier	exclude	Cooper Sharp	2026-10-05	Registered low-coverage rule applied as registered to every flagged run (one sample-level rule, no per-run or analysis-level exceptions) after mosaic and ROI-coverage review: coverage 88.6% < 99.1488% (Q1-1.5xIQR, per dataset, all runs)
rf1_sub-11764_ses-01_run-2_low_coverage_iqr_outlier	exclude	Cooper Sharp	2026-10-05	Registered low-coverage rule applied as registered to every flagged run (one sample-level rule, no per-run or analysis-level exceptions) after mosaic and ROI-coverage review: coverage 98.43% < 99.1488% (Q1-1.5xIQR, per dataset, all runs)
rf1_sub-11789_ses-01_run-1_low_coverage_iqr_outlier	exclude	Cooper Sharp	2026-10-05	Registered low-coverage rule applied as registered to every flagged run (one sample-level rule, no per-run or analysis-level exceptions) after mosaic and ROI-coverage review: coverage 98.7% < 99.1488% (Q1-1.5xIQR, per dataset, all runs)
rf1_sub-11789_ses-01_run-2_low_coverage_iqr_outlier	exclude	Cooper Sharp	2026-10-05	Registered low-coverage rule applied as registered to every flagged run (one sample-level rule, no per-run or analysis-level exceptions) after mosaic and ROI-coverage review: coverage 99.13% < 99.1488% (Q1-1.5xIQR, per dataset, all runs)
rf1_sub-11822_ses-01_run-2_low_coverage_iqr_outlier	exclude	Cooper Sharp	2026-10-05	Registered low-coverage rule applied as registered to every flagged run (one sample-level rule, no per-run or analysis-level exceptions) after mosaic and ROI-coverage review: coverage 99.08% < 99.1488% (Q1-1.5xIQR, per dataset, all runs)
rf1_sub-11824_ses-01_run-1_low_coverage_iqr_outlier	exclude	Cooper Sharp	2026-10-05	Registered low-coverage rule applied as registered to every flagged run (one sample-level rule, no per-run or analysis-level exceptions) after mosaic and ROI-coverage review: coverage 98.86% < 99.1488% (Q1-1.5xIQR, per dataset, all runs)
rf1_sub-11828_ses-01_run-2_low_coverage_iqr_outlier	exclude	Cooper Sharp	2026-10-05	Registered low-coverage rule applied as registered to every flagged run (one sample-level rule, no per-run or analysis-level exceptions) after mosaic and ROI-coverage review: coverage 98.8% < 99.1488% (Q1-1.5xIQR, per dataset, all runs)
rf1_sub-11829_ses-01_run-2_low_coverage_iqr_outlier	exclude	Cooper Sharp	2026-10-05	Registered low-coverage rule applied as registered to every flagged run (one sample-level rule, no per-run or analysis-level exceptions) after mosaic and ROI-coverage review: coverage 99.08% < 99.1488% (Q1-1.5xIQR, per dataset, all runs)
rf1_sub-11853_ses-01_run-1_low_coverage_iqr_outlier	exclude	Cooper Sharp	2026-10-05	Registered low-coverage rule applied as registered to every flagged run (one sample-level rule, no per-run or analysis-level exceptions) after mosaic and ROI-coverage review: coverage 98.92% < 99.1488% (Q1-1.5xIQR, per dataset, all runs)
rf1_sub-11853_ses-01_run-2_low_coverage_iqr_outlier	exclude	Cooper Sharp	2026-10-05	Registered low-coverage rule applied as registered to every flagged run (one sample-level rule, no per-run or analysis-level exceptions) after mosaic and ROI-coverage review: coverage 99.06% < 99.1488% (Q1-1.5xIQR, per dataset, all runs)
rf1_sub-11861_ses-01_run-1_low_coverage_iqr_outlier	exclude	Cooper Sharp	2026-10-05	Registered low-coverage rule applied as registered to every flagged run (one sample-level rule, no per-run or analysis-level exceptions) after mosaic and ROI-coverage review: coverage 98.85% < 99.1488% (Q1-1.5xIQR, per dataset, all runs)
rf1_sub-11866_ses-01_run-1_low_coverage_iqr_outlier	exclude	Cooper Sharp	2026-10-05	Registered low-coverage rule applied as registered to every flagged run (one sample-level rule, no per-run or analysis-level exceptions) after mosaic and ROI-coverage review: coverage 99.09% < 99.1488% (Q1-1.5xIQR, per dataset, all runs)
rf1_sub-11866_ses-01_run-2_low_coverage_iqr_outlier	exclude	Cooper Sharp	2026-10-05	Registered low-coverage rule applied as registered to every flagged run (one sample-level rule, no per-run or analysis-level exceptions) after mosaic and ROI-coverage review: coverage 99.07% < 99.1488% (Q1-1.5xIQR, per dataset, all runs)
rf1_sub-11867_ses-01_run-2_low_coverage_iqr_outlier	exclude	Cooper Sharp	2026-10-05	Registered low-coverage rule applied as registered to every flagged run (one sample-level rule, no per-run or analysis-level exceptions) after mosaic and ROI-coverage review: coverage 98.65% < 99.1488% (Q1-1.5xIQR, per dataset, all runs)
rf1_sub-11870_ses-01_run-1_low_coverage_iqr_outlier	exclude	Cooper Sharp	2026-10-05	Registered low-coverage rule applied as registered to every flagged run (one sample-level rule, no per-run or analysis-level exceptions) after mosaic and ROI-coverage review: coverage 99.03% < 99.1488% (Q1-1.5xIQR, per dataset, all runs)
rf1_sub-11870_ses-01_run-2_low_coverage_iqr_outlier	exclude	Cooper Sharp	2026-10-05	Registered low-coverage rule applied as registered to every flagged run (one sample-level rule, no per-run or analysis-level exceptions) after mosaic and ROI-coverage review: coverage 99.06% < 99.1488% (Q1-1.5xIQR, per dataset, all runs)
rf1_sub-11877_ses-01_run-2_low_coverage_iqr_outlier	exclude	Cooper Sharp	2026-10-05	Registered low-coverage rule applied as registered to every flagged run (one sample-level rule, no per-run or analysis-level exceptions) after mosaic and ROI-coverage review: coverage 99.14% < 99.1488% (Q1-1.5xIQR, per dataset, all runs)
rf1_sub-11881_ses-01_run-1_low_coverage_iqr_outlier	exclude	Cooper Sharp	2026-10-05	Registered low-coverage rule applied as registered to every flagged run (one sample-level rule, no per-run or analysis-level exceptions) after mosaic and ROI-coverage review: coverage 98.61% < 99.1488% (Q1-1.5xIQR, per dataset, all runs)
rf1_sub-11881_ses-01_run-2_low_coverage_iqr_outlier	exclude	Cooper Sharp	2026-10-05	Registered low-coverage rule applied as registered to every flagged run (one sample-level rule, no per-run or analysis-level exceptions) after mosaic and ROI-coverage review: coverage 98.72% < 99.1488% (Q1-1.5xIQR, per dataset, all runs)
rf1_sub-11902_ses-01_run-1_low_coverage_iqr_outlier	exclude	Cooper Sharp	2026-10-05	Registered low-coverage rule applied as registered to every flagged run (one sample-level rule, no per-run or analysis-level exceptions) after mosaic and ROI-coverage review: coverage 99.06% < 99.1488% (Q1-1.5xIQR, per dataset, all runs)
rf1_sub-11923_ses-01_run-1_low_coverage_iqr_outlier	exclude	Cooper Sharp	2026-10-05	Registered low-coverage rule applied as registered to every flagged run (one sample-level rule, no per-run or analysis-level exceptions) after mosaic and ROI-coverage review: coverage 98.9% < 99.1488% (Q1-1.5xIQR, per dataset, all runs)
rf1_sub-11926_ses-01_run-1_low_coverage_iqr_outlier	exclude	Cooper Sharp	2026-10-05	Registered low-coverage rule applied as registered to every flagged run (one sample-level rule, no per-run or analysis-level exceptions) after mosaic and ROI-coverage review: coverage 98.7% < 99.1488% (Q1-1.5xIQR, per dataset, all runs)
rf1_sub-11960_ses-01_run-1_low_coverage_iqr_outlier	exclude	Cooper Sharp	2026-10-05	Registered low-coverage rule applied as registered to every flagged run (one sample-level rule, no per-run or analysis-level exceptions) after mosaic and ROI-coverage review: coverage 89.17% < 99.1488% (Q1-1.5xIQR, per dataset, all runs)
rf1_sub-11960_ses-01_run-2_low_coverage_iqr_outlier	exclude	Cooper Sharp	2026-10-05	Registered low-coverage rule applied as registered to every flagged run (one sample-level rule, no per-run or analysis-level exceptions) after mosaic and ROI-coverage review: coverage 80.74% < 99.1488% (Q1-1.5xIQR, per dataset, all runs)
rf1_sub-12020_ses-01_run-2_low_coverage_iqr_outlier	exclude	Cooper Sharp	2026-10-05	Registered low-coverage rule applied as registered to every flagged run (one sample-level rule, no per-run or analysis-level exceptions) after mosaic and ROI-coverage review: coverage 99.13% < 99.1488% (Q1-1.5xIQR, per dataset, all runs)
rf1_sub-12054_ses-01_run-1_low_coverage_iqr_outlier	exclude	Cooper Sharp	2026-10-05	Registered low-coverage rule applied as registered to every flagged run (one sample-level rule, no per-run or analysis-level exceptions) after mosaic and ROI-coverage review: coverage 98.74% < 99.1488% (Q1-1.5xIQR, per dataset, all runs)
rf1_sub-12054_ses-01_run-2_low_coverage_iqr_outlier	exclude	Cooper Sharp	2026-10-05	Registered low-coverage rule applied as registered to every flagged run (one sample-level rule, no per-run or analysis-level exceptions) after mosaic and ROI-coverage review: coverage 98.66% < 99.1488% (Q1-1.5xIQR, per dataset, all runs)
