scope	condition	n	points_per_decade	se_hc3	ci95_low	ci95_high	df_t	p	p_holm_six_cells
pooled_dataset_sex_adjusted	Computer win	237	0.1274509478628157	0.08021034920438835	-0.03058284585695467	0.2854847415825861	232	0.11343149255215919	0.3402944776564776
pooled_dataset_sex_adjusted	Computer loss	237	0.08617637852561343	0.06172764584299703	-0.03544201793719026	0.2077947749884171	232	0.16402657165027645	0.3402944776564776
pooled_dataset_sex_adjusted	Stranger win	237	0.16036891681857915	0.06978760290396939	0.022870454950272595	0.29786737868688573	232	0.022454918575452492	0.08981967430180997
pooled_dataset_sex_adjusted	Stranger loss	237	0.16013714371506751	0.06668563921959673	0.028750300782282884	0.2915239866478522	232	0.017121691205764827	0.08560845602882414
pooled_dataset_sex_adjusted	Friend win	237	0.02237798291546833	0.05181534935413186	-0.07971079132092047	0.12446675715185714	232	0.6662301548299464	0.6662301548299464
pooled_dataset_sex_adjusted	Friend loss	237	0.2625998914954783	0.08753946965268918	0.09012595731300124	0.4350738256779554	232	0.002996414551044179	0.017978487306265074
pooled_dataset_adjusted	Computer win	237	0.13142863749026	0.07877785633715187	-0.023775843130382	0.286633118110902	234	0.09658476618334325	0.28975429855002977
pooled_dataset_adjusted	Computer loss	237	0.072523471178415	0.06138334307967313	-0.04841114578635762	0.1934580881431876	234	0.23860963804246088	0.47721927608492176
pooled_dataset_adjusted	Stranger win	237	0.15550411660069116	0.06898586494469823	0.01959136349042115	0.29141686971096115	234	0.02511301306362517	0.12128297099365828
pooled_dataset_adjusted	Stranger loss	237	0.15218673644510383	0.06710888902900217	0.019971914272257363	0.2844015586179503	234	0.024256594198731656	0.12128297099365828
pooled_dataset_adjusted	Friend win	237	0.018080020442840943	0.051826462427821116	-0.08402607329357568	0.12018611417925758	234	0.7275104160348439	0.7275104160348439
pooled_dataset_adjusted	Friend loss	237	0.27065993157363194	0.0875044284705597	0.09826276307674739	0.44305710007051646	234	0.0022214645821717785	0.01332878749303067
rf1_sex_adjusted	Computer win	203	0.13981121212978076	0.09360948852825385	-0.04478263137734809	0.3244050556369096	199	0.13687498845091295	0.6843749422545647
rf1_sex_adjusted	Computer loss	203	0.054294600299799094	0.07314663511930757	-0.08994738551354206	0.19853658611314026	199	0.4587985909967288	1.0
rf1_sex_adjusted	Stranger win	203	0.1673015281316319	0.08227538222683663	0.005058049718801055	0.3295450065444627	199	0.04333645803356163	0.2600187482013698
rf1_sex_adjusted	Stranger loss	203	0.05765965121639077	0.06586865757754264	-0.07223047915456693	0.18754978158734847	199	0.3824262618794926	1.0
rf1_sex_adjusted	Friend win	203	0.020237492115119972	0.05930380222474889	-0.09670702878084542	0.13718201301108537	199	0.7332745438336117	1.0
rf1_sex_adjusted	Friend loss	203	0.1411755647270043	0.09532916138692683	-0.04680939892775279	0.32916052838176135	199	0.14020749091322085	0.6843749422545647
ds003745_sex_adjusted	Computer win	34	0.11222757749704522	0.15989537743312854	-0.21388119479444917	0.4383363497885396	31	0.4879897784321404	0.9759795568642808
ds003745_sex_adjusted	Computer loss	34	0.18839603177817635	0.11487767705082445	-0.04589853525776416	0.42269059881411686	31	0.11112122027150477	0.4444848810860191
ds003745_sex_adjusted	Stranger win	34	0.1395112503728033	0.1364185371748695	-0.13871619053307124	0.4177386912786778	31	0.3143783255238359	0.9431349765715076
ds003745_sex_adjusted	Stranger loss	34	0.5003724963885647	0.18348200436567325	0.12615848131300977	0.8745865114641197	31	0.01042172419403106	0.052108620970155305
ds003745_sex_adjusted	Friend win	34	0.03549454878843573	0.11631835249315929	-0.20173829518403977	0.27272739276091124	31	0.7622914051906791	0.9759795568642808
ds003745_sex_adjusted	Friend loss	34	0.6816990744661396	0.18618682256702632	0.3019685462988673	1.061429602633412	31	0.0009270330317805808	0.0055621981906834855
