dataset	subject	prior_ratings_l2_ready	primary_included	newly_excluded	exclusion_reason	ratings_policy
ds003745	152	true	false	true	partner_2_loss_greater_than_win	within_partner_loss_gt_win_primary_2026-10-01
rf1	10590	true	false	true	partner_1_loss_greater_than_win	within_partner_loss_gt_win_primary_2026-10-01
rf1	10642	true	false	true	partner_1_loss_greater_than_win	within_partner_loss_gt_win_primary_2026-10-01
rf1	10647	true	false	true	partner_1_loss_greater_than_win	within_partner_loss_gt_win_primary_2026-10-01
rf1	10718	true	false	true	partner_2_loss_greater_than_win	within_partner_loss_gt_win_primary_2026-10-01
rf1	10804	true	false	true	partner_3_loss_greater_than_win	within_partner_loss_gt_win_primary_2026-10-01
rf1	10806	true	false	true	partner_1_loss_greater_than_win	within_partner_loss_gt_win_primary_2026-10-01
rf1	10897	true	false	true	partner_1_loss_greater_than_win	within_partner_loss_gt_win_primary_2026-10-01
rf1	10926	true	false	true	partner_2_loss_greater_than_win	within_partner_loss_gt_win_primary_2026-10-01
rf1	10954	true	false	true	partner_3_loss_greater_than_win	within_partner_loss_gt_win_primary_2026-10-01
rf1	10958	true	false	true	partner_1_loss_greater_than_win	within_partner_loss_gt_win_primary_2026-10-01
rf1	10984	true	false	true	partner_3_loss_greater_than_win	within_partner_loss_gt_win_primary_2026-10-01
rf1	11083	true	false	true	partner_2_loss_greater_than_win	within_partner_loss_gt_win_primary_2026-10-01
rf1	11139	true	false	true	partner_1_loss_greater_than_win	within_partner_loss_gt_win_primary_2026-10-01
rf1	11171	true	false	true	partner_2_loss_greater_than_win	within_partner_loss_gt_win_primary_2026-10-01
rf1	11227	true	false	true	partner_1_loss_greater_than_win	within_partner_loss_gt_win_primary_2026-10-01
rf1	11276	true	false	true	partner_2_loss_greater_than_win	within_partner_loss_gt_win_primary_2026-10-01
rf1	11311	true	false	true	partner_1_loss_greater_than_win	within_partner_loss_gt_win_primary_2026-10-01
rf1	11430	true	false	true	partner_1_loss_greater_than_win;partner_2_loss_greater_than_win	within_partner_loss_gt_win_primary_2026-10-01
rf1	11443	true	false	true	partner_2_loss_greater_than_win	within_partner_loss_gt_win_primary_2026-10-01
rf1	11517	true	false	true	partner_1_loss_greater_than_win	within_partner_loss_gt_win_primary_2026-10-01
rf1	11631	true	false	true	partner_1_loss_greater_than_win	within_partner_loss_gt_win_primary_2026-10-01
rf1	11660	true	false	true	partner_1_loss_greater_than_win;partner_2_loss_greater_than_win	within_partner_loss_gt_win_primary_2026-10-01
rf1	11723	true	false	true	partner_2_loss_greater_than_win	within_partner_loss_gt_win_primary_2026-10-01
rf1	11815	true	false	true	partner_1_loss_greater_than_win	within_partner_loss_gt_win_primary_2026-10-01
rf1	11872	true	false	true	partner_1_loss_greater_than_win	within_partner_loss_gt_win_primary_2026-10-01
rf1	11881	true	false	true	partner_1_loss_greater_than_win	within_partner_loss_gt_win_primary_2026-10-01
rf1	11897	true	false	true	partner_1_loss_greater_than_win	within_partner_loss_gt_win_primary_2026-10-01
rf1	12021	true	false	true	partner_2_loss_greater_than_win	within_partner_loss_gt_win_primary_2026-10-01
