scope	condition	n	mean	sem
Pooled	Computer win	347	1.5994236311239194	0.12891500758952754
Pooled	Computer loss	347	-1.4351585014409223	0.1020067780652591
Pooled	Stranger win	347	2.4985590778097984	0.10723946182897398
Pooled	Stranger loss	347	-1.6253602305475505	0.0986024863636613
Pooled	Friend win	347	4.236311239193084	0.07725781592815296
Pooled	Friend loss	347	-2.4293948126801155	0.13837849541550487
rf1	Computer win	313	1.5527156549520766	0.1379858757467596
rf1	Computer loss	313	-1.5047923322683705	0.1083400038670889
rf1	Stranger win	313	2.437699680511182	0.1138156098012335
rf1	Stranger loss	313	-1.6773162939297124	0.09823590132218554
rf1	Friend win	313	4.26517571884984	0.08089053469861829
rf1	Friend loss	313	-2.511182108626198	0.14347338404677495
ds003745	Computer win	34	2.0294117647058822	0.3390384172008413
ds003745	Computer loss	34	-0.7941176470588235	0.27935312265753026
ds003745	Stranger win	34	3.0588235294117645	0.30428073768684694
ds003745	Stranger loss	34	-1.1470588235294117	0.43903222231433203
ds003745	Friend win	34	3.9705882352941178	0.2584931451548812
ds003745	Friend loss	34	-1.6764705882352942	0.4882224081799289
