dataset	subject	session	run	coverage_pct	missing_eligible_voxels	slice_indices	input	mask	coverage_mask	mosaic
rf1	11012	01	1	99.79559059716748	154	8,10,13,15,18,20	/ZPOOL/data/projects/rf1-sra-sharedreward/derivatives/harmonized/sub-11012/ses-01/func/sub-11012_ses-01_task-sharedreward_run-1_space-MNI152NLin6Asym_desc-smoothToFWHM6_bold.nii.gz	/ZPOOL/data/projects/rf1-sra-linux2/derivatives/fmriprep/sub-11012/ses-01/func/sub-11012_ses-01_task-sharedreward_run-1_part-mag_space-MNI152NLin6Asym_desc-brain_mask.nii.gz	/ZPOOL/data/projects/sharedreward-aging/resources/tpl-MNI152NLin6Asym_space-RF1Grid_desc-coverageEligible_mask.nii.gz	/ZPOOL/data/projects/sharedreward-aging/qc/coverage-mosaics/review-2026-10/rf1_sub-11012_ses-01_run-1_coverage-99.80.png
rf1	11410	01	2	99.04166500749943	722	0,5,9,14,18,23	/ZPOOL/data/projects/rf1-sra-sharedreward/derivatives/harmonized/sub-11410/ses-01/func/sub-11410_ses-01_task-sharedreward_run-2_space-MNI152NLin6Asym_desc-smoothToFWHM6_bold.nii.gz	/ZPOOL/data/projects/rf1-sra-linux2/derivatives/fmriprep/sub-11410/ses-01/func/sub-11410_ses-01_task-sharedreward_run-2_part-mag_space-MNI152NLin6Asym_desc-brain_mask.nii.gz	/ZPOOL/data/projects/sharedreward-aging/resources/tpl-MNI152NLin6Asym_space-RF1Grid_desc-coverageEligible_mask.nii.gz	/ZPOOL/data/projects/sharedreward-aging/qc/coverage-mosaics/review-2026-10/rf1_sub-11410_ses-01_run-2_coverage-99.04.png
rf1	11472	01	1	92.41959675599622	5711	5,12,20,27,35,42	/ZPOOL/data/projects/rf1-sra-sharedreward/derivatives/harmonized/sub-11472/ses-01/func/sub-11472_ses-01_task-sharedreward_run-1_space-MNI152NLin6Asym_desc-smoothToFWHM6_bold.nii.gz	/ZPOOL/data/projects/rf1-sra-linux2/derivatives/fmriprep/sub-11472/ses-01/func/sub-11472_ses-01_task-sharedreward_run-1_part-mag_space-MNI152NLin6Asym_desc-brain_mask.nii.gz	/ZPOOL/data/projects/sharedreward-aging/resources/tpl-MNI152NLin6Asym_space-RF1Grid_desc-coverageEligible_mask.nii.gz	/ZPOOL/data/projects/sharedreward-aging/qc/coverage-mosaics/review-2026-10/rf1_sub-11472_ses-01_run-1_coverage-92.42.png
rf1	11529	01	2	99.07352101833048	698	8,14,20,26,32,38	/ZPOOL/data/projects/rf1-sra-sharedreward/derivatives/harmonized/sub-11529/ses-01/func/sub-11529_ses-01_task-sharedreward_run-2_space-MNI152NLin6Asym_desc-smoothToFWHM6_bold.nii.gz	/ZPOOL/data/projects/rf1-sra-linux2/derivatives/fmriprep/sub-11529/ses-01/func/sub-11529_ses-01_task-sharedreward_run-2_part-mag_space-MNI152NLin6Asym_desc-brain_mask.nii.gz	/ZPOOL/data/projects/sharedreward-aging/resources/tpl-MNI152NLin6Asym_space-RF1Grid_desc-coverageEligible_mask.nii.gz	/ZPOOL/data/projects/sharedreward-aging/qc/coverage-mosaics/review-2026-10/rf1_sub-11529_ses-01_run-2_coverage-99.07.png
rf1	11572	01	1	99.14785171026958	642	8,12,15,19,22,26	/ZPOOL/data/projects/rf1-sra-sharedreward/derivatives/harmonized/sub-11572/ses-01/func/sub-11572_ses-01_task-sharedreward_run-1_space-MNI152NLin6Asym_desc-smoothToFWHM6_bold.nii.gz	/ZPOOL/data/projects/rf1-sra-linux2/derivatives/fmriprep/sub-11572/ses-01/func/sub-11572_ses-01_task-sharedreward_run-1_part-mag_space-MNI152NLin6Asym_desc-brain_mask.nii.gz	/ZPOOL/data/projects/sharedreward-aging/resources/tpl-MNI152NLin6Asym_space-RF1Grid_desc-coverageEligible_mask.nii.gz	/ZPOOL/data/projects/sharedreward-aging/qc/coverage-mosaics/review-2026-10/rf1_sub-11572_ses-01_run-1_coverage-99.15.png
rf1	11572	01	2	99.02971900343779	731	8,11,15,18,22,25	/ZPOOL/data/projects/rf1-sra-sharedreward/derivatives/harmonized/sub-11572/ses-01/func/sub-11572_ses-01_task-sharedreward_run-2_space-MNI152NLin6Asym_desc-smoothToFWHM6_bold.nii.gz	/ZPOOL/data/projects/rf1-sra-linux2/derivatives/fmriprep/sub-11572/ses-01/func/sub-11572_ses-01_task-sharedreward_run-2_part-mag_space-MNI152NLin6Asym_desc-brain_mask.nii.gz	/ZPOOL/data/projects/sharedreward-aging/resources/tpl-MNI152NLin6Asym_space-RF1Grid_desc-coverageEligible_mask.nii.gz	/ZPOOL/data/projects/sharedreward-aging/qc/coverage-mosaics/review-2026-10/rf1_sub-11572_ses-01_run-2_coverage-99.03.png
rf1	11719	01	1	88.6021847914095	8587	0,10,20,30,40,50	/ZPOOL/data/projects/rf1-sra-sharedreward/derivatives/harmonized/sub-11719/ses-01/func/sub-11719_ses-01_task-sharedreward_run-1_space-MNI152NLin6Asym_desc-smoothToFWHM6_bold.nii.gz	/ZPOOL/data/projects/rf1-sra-linux2/derivatives/fmriprep/sub-11719/ses-01/func/sub-11719_ses-01_task-sharedreward_run-1_part-mag_space-MNI152NLin6Asym_desc-brain_mask.nii.gz	/ZPOOL/data/projects/sharedreward-aging/resources/tpl-MNI152NLin6Asym_space-RF1Grid_desc-coverageEligible_mask.nii.gz	/ZPOOL/data/projects/sharedreward-aging/qc/coverage-mosaics/review-2026-10/rf1_sub-11719_ses-01_run-1_coverage-88.60.png
rf1	11764	01	2	98.42710946521721	1185	8,16,23,31,38,46	/ZPOOL/data/projects/rf1-sra-sharedreward/derivatives/harmonized/sub-11764/ses-01/func/sub-11764_ses-01_task-sharedreward_run-2_space-MNI152NLin6Asym_desc-smoothToFWHM6_bold.nii.gz	/ZPOOL/data/projects/rf1-sra-linux2/derivatives/fmriprep/sub-11764/ses-01/func/sub-11764_ses-01_task-sharedreward_run-2_part-mag_space-MNI152NLin6Asym_desc-brain_mask.nii.gz	/ZPOOL/data/projects/sharedreward-aging/resources/tpl-MNI152NLin6Asym_space-RF1Grid_desc-coverageEligible_mask.nii.gz	/ZPOOL/data/projects/sharedreward-aging/qc/coverage-mosaics/review-2026-10/rf1_sub-11764_ses-01_run-2_coverage-98.43.png
rf1	11789	01	1	98.69921289106571	980	8,12,16,19,23,27	/ZPOOL/data/projects/rf1-sra-sharedreward/derivatives/harmonized/sub-11789/ses-01/func/sub-11789_ses-01_task-sharedreward_run-1_space-MNI152NLin6Asym_desc-smoothToFWHM6_bold.nii.gz	/ZPOOL/data/projects/rf1-sra-linux2/derivatives/fmriprep/sub-11789/ses-01/func/sub-11789_ses-01_task-sharedreward_run-1_part-mag_space-MNI152NLin6Asym_desc-brain_mask.nii.gz	/ZPOOL/data/projects/sharedreward-aging/resources/tpl-MNI152NLin6Asym_space-RF1Grid_desc-coverageEligible_mask.nii.gz	/ZPOOL/data/projects/sharedreward-aging/qc/coverage-mosaics/review-2026-10/rf1_sub-11789_ses-01_run-1_coverage-98.70.png
rf1	11789	01	2	99.1292690372848	656	8,11,14,16,19,22	/ZPOOL/data/projects/rf1-sra-sharedreward/derivatives/harmonized/sub-11789/ses-01/func/sub-11789_ses-01_task-sharedreward_run-2_space-MNI152NLin6Asym_desc-smoothToFWHM6_bold.nii.gz	/ZPOOL/data/projects/rf1-sra-linux2/derivatives/fmriprep/sub-11789/ses-01/func/sub-11789_ses-01_task-sharedreward_run-2_part-mag_space-MNI152NLin6Asym_desc-brain_mask.nii.gz	/ZPOOL/data/projects/sharedreward-aging/resources/tpl-MNI152NLin6Asym_space-RF1Grid_desc-coverageEligible_mask.nii.gz	/ZPOOL/data/projects/sharedreward-aging/qc/coverage-mosaics/review-2026-10/rf1_sub-11789_ses-01_run-2_coverage-99.13.png
rf1	11822	01	2	99.07883035346899	694	8,11,14,16,19,22	/ZPOOL/data/projects/rf1-sra-sharedreward/derivatives/harmonized/sub-11822/ses-01/func/sub-11822_ses-01_task-sharedreward_run-2_space-MNI152NLin6Asym_desc-smoothToFWHM6_bold.nii.gz	/ZPOOL/data/projects/rf1-sra-linux2/derivatives/fmriprep/sub-11822/ses-01/func/sub-11822_ses-01_task-sharedreward_run-2_part-mag_space-MNI152NLin6Asym_desc-brain_mask.nii.gz	/ZPOOL/data/projects/sharedreward-aging/resources/tpl-MNI152NLin6Asym_space-RF1Grid_desc-coverageEligible_mask.nii.gz	/ZPOOL/data/projects/sharedreward-aging/qc/coverage-mosaics/review-2026-10/rf1_sub-11822_ses-01_run-2_coverage-99.08.png
rf1	11824	01	1	98.85849294522093	860	8,12,15,19,22,26	/ZPOOL/data/projects/rf1-sra-sharedreward/derivatives/harmonized/sub-11824/ses-01/func/sub-11824_ses-01_task-sharedreward_run-1_space-MNI152NLin6Asym_desc-smoothToFWHM6_bold.nii.gz	/ZPOOL/data/projects/rf1-sra-linux2/derivatives/fmriprep/sub-11824/ses-01/func/sub-11824_ses-01_task-sharedreward_run-1_part-mag_space-MNI152NLin6Asym_desc-brain_mask.nii.gz	/ZPOOL/data/projects/sharedreward-aging/resources/tpl-MNI152NLin6Asym_space-RF1Grid_desc-coverageEligible_mask.nii.gz	/ZPOOL/data/projects/sharedreward-aging/qc/coverage-mosaics/review-2026-10/rf1_sub-11824_ses-01_run-1_coverage-98.86.png
rf1	11828	01	2	98.80009025869735	904	8,16,25,33,42,50	/ZPOOL/data/projects/rf1-sra-sharedreward/derivatives/harmonized/sub-11828/ses-01/func/sub-11828_ses-01_task-sharedreward_run-2_space-MNI152NLin6Asym_desc-smoothToFWHM6_bold.nii.gz	/ZPOOL/data/projects/rf1-sra-linux2/derivatives/fmriprep/sub-11828/ses-01/func/sub-11828_ses-01_task-sharedreward_run-2_part-mag_space-MNI152NLin6Asym_desc-brain_mask.nii.gz	/ZPOOL/data/projects/sharedreward-aging/resources/tpl-MNI152NLin6Asym_space-RF1Grid_desc-coverageEligible_mask.nii.gz	/ZPOOL/data/projects/sharedreward-aging/qc/coverage-mosaics/review-2026-10/rf1_sub-11828_ses-01_run-2_coverage-98.80.png
rf1	11829	01	2	99.08281235482286	691	10,12,14,17,19,21	/ZPOOL/data/projects/rf1-sra-sharedreward/derivatives/harmonized/sub-11829/ses-01/func/sub-11829_ses-01_task-sharedreward_run-2_space-MNI152NLin6Asym_desc-smoothToFWHM6_bold.nii.gz	/ZPOOL/data/projects/rf1-sra-linux2/derivatives/fmriprep/sub-11829/ses-01/func/sub-11829_ses-01_task-sharedreward_run-2_part-mag_space-MNI152NLin6Asym_desc-brain_mask.nii.gz	/ZPOOL/data/projects/sharedreward-aging/resources/tpl-MNI152NLin6Asym_space-RF1Grid_desc-coverageEligible_mask.nii.gz	/ZPOOL/data/projects/sharedreward-aging/qc/coverage-mosaics/review-2026-10/rf1_sub-11829_ses-01_run-2_coverage-99.08.png
rf1	11853	01	1	98.91955029931377	814	8,10,13,15,18,20	/ZPOOL/data/projects/rf1-sra-sharedreward/derivatives/harmonized/sub-11853/ses-01/func/sub-11853_ses-01_task-sharedreward_run-1_space-MNI152NLin6Asym_desc-smoothToFWHM6_bold.nii.gz	/ZPOOL/data/projects/rf1-sra-linux2/derivatives/fmriprep/sub-11853/ses-01/func/sub-11853_ses-01_task-sharedreward_run-1_part-mag_space-MNI152NLin6Asym_desc-brain_mask.nii.gz	/ZPOOL/data/projects/sharedreward-aging/resources/tpl-MNI152NLin6Asym_space-RF1Grid_desc-coverageEligible_mask.nii.gz	/ZPOOL/data/projects/sharedreward-aging/qc/coverage-mosaics/review-2026-10/rf1_sub-11853_ses-01_run-1_coverage-98.92.png
rf1	11853	01	2	99.05892034669958	709	8,11,14,17,20,23	/ZPOOL/data/projects/rf1-sra-sharedreward/derivatives/harmonized/sub-11853/ses-01/func/sub-11853_ses-01_task-sharedreward_run-2_space-MNI152NLin6Asym_desc-smoothToFWHM6_bold.nii.gz	/ZPOOL/data/projects/rf1-sra-linux2/derivatives/fmriprep/sub-11853/ses-01/func/sub-11853_ses-01_task-sharedreward_run-2_part-mag_space-MNI152NLin6Asym_desc-brain_mask.nii.gz	/ZPOOL/data/projects/sharedreward-aging/resources/tpl-MNI152NLin6Asym_space-RF1Grid_desc-coverageEligible_mask.nii.gz	/ZPOOL/data/projects/sharedreward-aging/qc/coverage-mosaics/review-2026-10/rf1_sub-11853_ses-01_run-2_coverage-99.06.png
rf1	11861	01	1	98.85318361008243	864	8,16,23,31,38,46	/ZPOOL/data/projects/rf1-sra-sharedreward/derivatives/harmonized/sub-11861/ses-01/func/sub-11861_ses-01_task-sharedreward_run-1_space-MNI152NLin6Asym_desc-smoothToFWHM6_bold.nii.gz	/ZPOOL/data/projects/rf1-sra-linux2/derivatives/fmriprep/sub-11861/ses-01/func/sub-11861_ses-01_task-sharedreward_run-1_part-mag_space-MNI152NLin6Asym_desc-brain_mask.nii.gz	/ZPOOL/data/projects/sharedreward-aging/resources/tpl-MNI152NLin6Asym_space-RF1Grid_desc-coverageEligible_mask.nii.gz	/ZPOOL/data/projects/sharedreward-aging/qc/coverage-mosaics/review-2026-10/rf1_sub-11861_ses-01_run-1_coverage-98.85.png
rf1	11866	01	1	99.08812168996137	687	8,12,16,21,25,29	/ZPOOL/data/projects/rf1-sra-sharedreward/derivatives/harmonized/sub-11866/ses-01/func/sub-11866_ses-01_task-sharedreward_run-1_space-MNI152NLin6Asym_desc-smoothToFWHM6_bold.nii.gz	/ZPOOL/data/projects/rf1-sra-linux2/derivatives/fmriprep/sub-11866/ses-01/func/sub-11866_ses-01_task-sharedreward_run-1_part-mag_space-MNI152NLin6Asym_desc-brain_mask.nii.gz	/ZPOOL/data/projects/sharedreward-aging/resources/tpl-MNI152NLin6Asym_space-RF1Grid_desc-coverageEligible_mask.nii.gz	/ZPOOL/data/projects/sharedreward-aging/qc/coverage-mosaics/review-2026-10/rf1_sub-11866_ses-01_run-1_coverage-99.09.png
rf1	11866	01	2	99.0695390169766	701	8,13,18,23,28,33	/ZPOOL/data/projects/rf1-sra-sharedreward/derivatives/harmonized/sub-11866/ses-01/func/sub-11866_ses-01_task-sharedreward_run-2_space-MNI152NLin6Asym_desc-smoothToFWHM6_bold.nii.gz	/ZPOOL/data/projects/rf1-sra-linux2/derivatives/fmriprep/sub-11866/ses-01/func/sub-11866_ses-01_task-sharedreward_run-2_part-mag_space-MNI152NLin6Asym_desc-brain_mask.nii.gz	/ZPOOL/data/projects/sharedreward-aging/resources/tpl-MNI152NLin6Asym_space-RF1Grid_desc-coverageEligible_mask.nii.gz	/ZPOOL/data/projects/sharedreward-aging/qc/coverage-mosaics/review-2026-10/rf1_sub-11866_ses-01_run-2_coverage-99.07.png
rf1	11867	01	2	98.6487742072499	1018	8,16,24,32,40,48	/ZPOOL/data/projects/rf1-sra-sharedreward/derivatives/harmonized/sub-11867/ses-01/func/sub-11867_ses-01_task-sharedreward_run-2_space-MNI152NLin6Asym_desc-smoothToFWHM6_bold.nii.gz	/ZPOOL/data/projects/rf1-sra-linux2/derivatives/fmriprep/sub-11867/ses-01/func/sub-11867_ses-01_task-sharedreward_run-2_part-mag_space-MNI152NLin6Asym_desc-brain_mask.nii.gz	/ZPOOL/data/projects/sharedreward-aging/resources/tpl-MNI152NLin6Asym_space-RF1Grid_desc-coverageEligible_mask.nii.gz	/ZPOOL/data/projects/sharedreward-aging/qc/coverage-mosaics/review-2026-10/rf1_sub-11867_ses-01_run-2_coverage-98.65.png
rf1	11870	01	1	99.03370100479168	728	0,5,10,14,19,24	/ZPOOL/data/projects/rf1-sra-sharedreward/derivatives/harmonized/sub-11870/ses-01/func/sub-11870_ses-01_task-sharedreward_run-1_space-MNI152NLin6Asym_desc-smoothToFWHM6_bold.nii.gz	/ZPOOL/data/projects/rf1-sra-linux2/derivatives/fmriprep/sub-11870/ses-01/func/sub-11870_ses-01_task-sharedreward_run-1_part-mag_space-MNI152NLin6Asym_desc-brain_mask.nii.gz	/ZPOOL/data/projects/sharedreward-aging/resources/tpl-MNI152NLin6Asym_space-RF1Grid_desc-coverageEligible_mask.nii.gz	/ZPOOL/data/projects/sharedreward-aging/qc/coverage-mosaics/review-2026-10/rf1_sub-11870_ses-01_run-1_coverage-99.03.png
rf1	11870	01	2	99.05626567913033	711	0,4,8,11,15,19	/ZPOOL/data/projects/rf1-sra-sharedreward/derivatives/harmonized/sub-11870/ses-01/func/sub-11870_ses-01_task-sharedreward_run-2_space-MNI152NLin6Asym_desc-smoothToFWHM6_bold.nii.gz	/ZPOOL/data/projects/rf1-sra-linux2/derivatives/fmriprep/sub-11870/ses-01/func/sub-11870_ses-01_task-sharedreward_run-2_part-mag_space-MNI152NLin6Asym_desc-brain_mask.nii.gz	/ZPOOL/data/projects/sharedreward-aging/resources/tpl-MNI152NLin6Asym_space-RF1Grid_desc-coverageEligible_mask.nii.gz	/ZPOOL/data/projects/sharedreward-aging/qc/coverage-mosaics/review-2026-10/rf1_sub-11870_ses-01_run-2_coverage-99.06.png
rf1	11877	01	2	99.14121504134644	647	0,5,10,16,21,26	/ZPOOL/data/projects/rf1-sra-sharedreward/derivatives/harmonized/sub-11877/ses-01/func/sub-11877_ses-01_task-sharedreward_run-2_space-MNI152NLin6Asym_desc-smoothToFWHM6_bold.nii.gz	/ZPOOL/data/projects/rf1-sra-linux2/derivatives/fmriprep/sub-11877/ses-01/func/sub-11877_ses-01_task-sharedreward_run-2_part-mag_space-MNI152NLin6Asym_desc-brain_mask.nii.gz	/ZPOOL/data/projects/sharedreward-aging/resources/tpl-MNI152NLin6Asym_space-RF1Grid_desc-coverageEligible_mask.nii.gz	/ZPOOL/data/projects/sharedreward-aging/qc/coverage-mosaics/review-2026-10/rf1_sub-11877_ses-01_run-2_coverage-99.14.png
rf1	11881	01	1	98.61293619506498	1045	8,15,22,30,37,44	/ZPOOL/data/projects/rf1-sra-sharedreward/derivatives/harmonized/sub-11881/ses-01/func/sub-11881_ses-01_task-sharedreward_run-1_space-MNI152NLin6Asym_desc-smoothToFWHM6_bold.nii.gz	/ZPOOL/data/projects/rf1-sra-linux2/derivatives/fmriprep/sub-11881/ses-01/func/sub-11881_ses-01_task-sharedreward_run-1_part-mag_space-MNI152NLin6Asym_desc-brain_mask.nii.gz	/ZPOOL/data/projects/sharedreward-aging/resources/tpl-MNI152NLin6Asym_space-RF1Grid_desc-coverageEligible_mask.nii.gz	/ZPOOL/data/projects/sharedreward-aging/qc/coverage-mosaics/review-2026-10/rf1_sub-11881_ses-01_run-1_coverage-98.61.png
rf1	11881	01	2	98.723104899189	962	8,13,18,23,28,33	/ZPOOL/data/projects/rf1-sra-sharedreward/derivatives/harmonized/sub-11881/ses-01/func/sub-11881_ses-01_task-sharedreward_run-2_space-MNI152NLin6Asym_desc-smoothToFWHM6_bold.nii.gz	/ZPOOL/data/projects/rf1-sra-linux2/derivatives/fmriprep/sub-11881/ses-01/func/sub-11881_ses-01_task-sharedreward_run-2_part-mag_space-MNI152NLin6Asym_desc-brain_mask.nii.gz	/ZPOOL/data/projects/sharedreward-aging/resources/tpl-MNI152NLin6Asym_space-RF1Grid_desc-coverageEligible_mask.nii.gz	/ZPOOL/data/projects/sharedreward-aging/qc/coverage-mosaics/review-2026-10/rf1_sub-11881_ses-01_run-2_coverage-98.72.png
rf1	11902	01	1	99.05759301291496	710	8,12,15,19,22,26	/ZPOOL/data/projects/rf1-sra-sharedreward/derivatives/harmonized/sub-11902/ses-01/func/sub-11902_ses-01_task-sharedreward_run-1_space-MNI152NLin6Asym_desc-smoothToFWHM6_bold.nii.gz	/ZPOOL/data/projects/rf1-sra-linux2/derivatives/fmriprep/sub-11902/ses-01/func/sub-11902_ses-01_task-sharedreward_run-1_part-mag_space-MNI152NLin6Asym_desc-brain_mask.nii.gz	/ZPOOL/data/projects/sharedreward-aging/resources/tpl-MNI152NLin6Asym_space-RF1Grid_desc-coverageEligible_mask.nii.gz	/ZPOOL/data/projects/sharedreward-aging/qc/coverage-mosaics/review-2026-10/rf1_sub-11902_ses-01_run-1_coverage-99.06.png
rf1	11923	01	1	98.90494962768287	825	8,12,16,21,25,29	/ZPOOL/data/projects/rf1-sra-sharedreward/derivatives/harmonized/sub-11923/ses-01/func/sub-11923_ses-01_task-sharedreward_run-1_space-MNI152NLin6Asym_desc-smoothToFWHM6_bold.nii.gz	/ZPOOL/data/projects/rf1-sra-linux2/derivatives/fmriprep/sub-11923/ses-01/func/sub-11923_ses-01_task-sharedreward_run-1_part-mag_space-MNI152NLin6Asym_desc-brain_mask.nii.gz	/ZPOOL/data/projects/sharedreward-aging/resources/tpl-MNI152NLin6Asym_space-RF1Grid_desc-coverageEligible_mask.nii.gz	/ZPOOL/data/projects/sharedreward-aging/qc/coverage-mosaics/review-2026-10/rf1_sub-11923_ses-01_run-1_coverage-98.90.png
rf1	11926	01	1	98.70452222620422	976	0,5,10,14,19,24	/ZPOOL/data/projects/rf1-sra-sharedreward/derivatives/harmonized/sub-11926/ses-01/func/sub-11926_ses-01_task-sharedreward_run-1_space-MNI152NLin6Asym_desc-smoothToFWHM6_bold.nii.gz	/ZPOOL/data/projects/rf1-sra-linux2/derivatives/fmriprep/sub-11926/ses-01/func/sub-11926_ses-01_task-sharedreward_run-1_part-mag_space-MNI152NLin6Asym_desc-brain_mask.nii.gz	/ZPOOL/data/projects/sharedreward-aging/resources/tpl-MNI152NLin6Asym_space-RF1Grid_desc-coverageEligible_mask.nii.gz	/ZPOOL/data/projects/sharedreward-aging/qc/coverage-mosaics/review-2026-10/rf1_sub-11926_ses-01_run-1_coverage-98.70.png
rf1	11960	01	1	89.16497431609126	8163	0,10,20,30,40,50	/ZPOOL/data/projects/rf1-sra-sharedreward/derivatives/harmonized/sub-11960/ses-01/func/sub-11960_ses-01_task-sharedreward_run-1_space-MNI152NLin6Asym_desc-smoothToFWHM6_bold.nii.gz	/ZPOOL/data/projects/rf1-sra-linux2/derivatives/fmriprep/sub-11960/ses-01/func/sub-11960_ses-01_task-sharedreward_run-1_part-mag_space-MNI152NLin6Asym_desc-brain_mask.nii.gz	/ZPOOL/data/projects/sharedreward-aging/resources/tpl-MNI152NLin6Asym_space-RF1Grid_desc-coverageEligible_mask.nii.gz	/ZPOOL/data/projects/sharedreward-aging/qc/coverage-mosaics/review-2026-10/rf1_sub-11960_ses-01_run-1_coverage-89.16.png
rf1	11960	01	2	80.74038678506484	14510	0,8,17,25,34,42	/ZPOOL/data/projects/rf1-sra-sharedreward/derivatives/harmonized/sub-11960/ses-01/func/sub-11960_ses-01_task-sharedreward_run-2_space-MNI152NLin6Asym_desc-smoothToFWHM6_bold.nii.gz	/ZPOOL/data/projects/rf1-sra-linux2/derivatives/fmriprep/sub-11960/ses-01/func/sub-11960_ses-01_task-sharedreward_run-2_part-mag_space-MNI152NLin6Asym_desc-brain_mask.nii.gz	/ZPOOL/data/projects/sharedreward-aging/resources/tpl-MNI152NLin6Asym_space-RF1Grid_desc-coverageEligible_mask.nii.gz	/ZPOOL/data/projects/sharedreward-aging/qc/coverage-mosaics/review-2026-10/rf1_sub-11960_ses-01_run-2_coverage-80.74.png
rf1	12020	01	2	99.13192370485406	654	8,11,15,18,22,25	/ZPOOL/data/projects/rf1-sra-sharedreward/derivatives/harmonized/sub-12020/ses-01/func/sub-12020_ses-01_task-sharedreward_run-2_space-MNI152NLin6Asym_desc-smoothToFWHM6_bold.nii.gz	/ZPOOL/data/projects/rf1-sra-linux2/derivatives/fmriprep/sub-12020/ses-01/func/sub-12020_ses-01_task-sharedreward_run-2_part-mag_space-MNI152NLin6Asym_desc-brain_mask.nii.gz	/ZPOOL/data/projects/sharedreward-aging/resources/tpl-MNI152NLin6Asym_space-RF1Grid_desc-coverageEligible_mask.nii.gz	/ZPOOL/data/projects/sharedreward-aging/qc/coverage-mosaics/review-2026-10/rf1_sub-12020_ses-01_run-2_coverage-99.13.png
rf1	12054	01	1	98.74434223974303	946	8,14,20,26,32,38	/ZPOOL/data/projects/rf1-sra-sharedreward/derivatives/harmonized/sub-12054/ses-01/func/sub-12054_ses-01_task-sharedreward_run-1_space-MNI152NLin6Asym_desc-smoothToFWHM6_bold.nii.gz	/ZPOOL/data/projects/rf1-sra-linux2/derivatives/fmriprep/sub-12054/ses-01/func/sub-12054_ses-01_task-sharedreward_run-1_part-mag_space-MNI152NLin6Asym_desc-brain_mask.nii.gz	/ZPOOL/data/projects/sharedreward-aging/resources/tpl-MNI152NLin6Asym_space-RF1Grid_desc-coverageEligible_mask.nii.gz	/ZPOOL/data/projects/sharedreward-aging/qc/coverage-mosaics/review-2026-10/rf1_sub-12054_ses-01_run-1_coverage-98.74.png
rf1	12054	01	2	98.66337487888079	1007	8,15,22,28,35,42	/ZPOOL/data/projects/rf1-sra-sharedreward/derivatives/harmonized/sub-12054/ses-01/func/sub-12054_ses-01_task-sharedreward_run-2_space-MNI152NLin6Asym_desc-smoothToFWHM6_bold.nii.gz	/ZPOOL/data/projects/rf1-sra-linux2/derivatives/fmriprep/sub-12054/ses-01/func/sub-12054_ses-01_task-sharedreward_run-2_part-mag_space-MNI152NLin6Asym_desc-brain_mask.nii.gz	/ZPOOL/data/projects/sharedreward-aging/resources/tpl-MNI152NLin6Asym_space-RF1Grid_desc-coverageEligible_mask.nii.gz	/ZPOOL/data/projects/sharedreward-aging/qc/coverage-mosaics/review-2026-10/rf1_sub-12054_ses-01_run-2_coverage-98.66.png
