dataset	subject	session	run	coverage_pct	missing_eligible_voxels	missing_z_min_mm	missing_z_median_mm	missing_z_max_mm	vs_voxels	vs_coverage_pct	vmpfc_voxels	vmpfc_coverage_pct
ds003745	104		01	96.8820929399116	2349	-72.0	-39.3	61.7	117	100.0000	1515	86.4026
ds003745	104		02	96.95775096563533	2292	-72.0	-39.3	61.7	117	100.0000	1515	87.7888
ds003745	105		01	97.54575983222502	1849	-72.0	-39.3	61.7	117	100.0000	1515	91.8152
ds003745	105		02	97.51655848896321	1871	-72.0	-39.3	61.7	117	100.0000	1515	90.9571
ds003745	106		01	96.41354411393833	2702	-72.0	-39.3	61.7	117	100.0000	1515	78.3498
ds003745	106		02	96.27550140033715	2806	-72.0	-36.4	61.7	117	100.0000	1515	80.4620
ds003745	107		01	97.49266648083994	1889	-72.0	-36.4	79.5	117	100.0000	1515	87.7888
ds003745	107		02	97.60283518496396	1806	-72.0	-36.4	79.5	117	100.0000	1515	90.4950
ds003745	108		01	98.11120402447604	1423	-72.0	-36.4	61.7	117	100.0000	1515	84.0924
ds003745	108		02	97.53115916059411	1860	-72.0	-33.4	70.6	117	100.0000	1515	81.1221
ds003745	109		01	97.9213952932744	1566	-72.0	-39.3	61.7	117	100.0000	1515	94.3894
ds003745	109		02	97.92006795948977	1567	-72.0	-36.4	76.5	117	100.0000	1515	93.2013
ds003745	110		01	96.17196936513625	2884	-72.0	-39.3	61.7	117	100.0000	1515	86.2046
ds003745	110		02	95.85473659061044	3123	-72.0	-36.4	61.7	117	100.0000	1515	82.6403
ds003745	111		01	93.94603060831707	4561	-72.0	-33.4	58.7	117	100.0000	1515	92.2112
ds003745	111		02	93.52393846480574	4879	-72.0	-33.4	58.7	117	100.0000	1515	89.2409
ds003745	112		01	96.6099895140631	2554	-72.0	-39.3	61.7	117	100.0000	1515	85.0165
ds003745	112		02	96.32594008415296	2768	-72.0	-39.3	61.7	117	100.0000	1515	85.9406
ds003745	113		01	97.40373511726995	1956	-72.0	-42.3	70.6	117	100.0000	1515	89.5710
ds003745	113		02	97.49797581597845	1885	-72.0	-42.3	70.6	117	100.0000	1515	91.2871
ds003745	115		01	97.04137299406682	2229	-72.0	-39.3	61.7	117	100.0000	1515	92.0132
ds003745	115		02	96.75201422901817	2447	-72.0	-39.3	64.6	117	100.0000	1515	92.4752
ds003745	116		01	95.40211577005269	3464	-72.0	-36.4	70.6	117	100.0000	1515	95.0495
ds003745	116		02	94.86852758863272	3866	-72.0	-36.4	70.6	117	100.0000	1515	93.4653
ds003745	117		01	95.50697513903822	3385	-72.0	-36.4	61.7	117	100.0000	1515	83.6304
ds003745	117		02	95.73129454864015	3216	-72.0	-36.4	61.7	117	100.0000	1515	84.7525
ds003745	118		01	94.86985492241735	3865	-72.0	-36.4	61.7	117	100.0000	1515	75.3135
ds003745	118		02	94.8433082467248	3885	-72.0	-36.4	61.7	117	100.0000	1515	75.0495
ds003745	120		01	91.75327519611356	6213	-72.0	-30.4	61.7	117	100.0000	1515	59.8020
ds003745	120		02	90.83608755093644	6904	-72.0	-27.4	61.7	117	100.0000	1515	51.4851
ds003745	121		01	97.0161536521589	2248	-72.0	-39.3	61.7	117	100.0000	1515	81.5842
ds003745	121		02	97.46346513757814	1911	-72.0	-42.3	61.7	117	100.0000	1515	88.1188
ds003745	122		01	98.4111814598017	1197	-72.0	-27.4	79.5	117	100.0000	1515	85.2805
ds003745	122		02	98.48285748417155	1143	-72.0	-27.4	79.5	117	100.0000	1515	86.9967
ds003745	124		01	97.56168783764053	1837	-72.0	-33.4	61.7	117	100.0000	1515	83.4983
ds003745	124		02	97.50726715247083	1878	-72.0	-33.4	70.6	117	100.0000	1515	82.9043
ds003745	125		01	98.02227266090604	1490	-72.0	-33.4	61.7	117	100.0000	1515	79.9340
ds003745	125		02	98.06740200958335	1456	-72.0	-36.4	61.7	117	100.0000	1515	83.7624
ds003745	126		01	96.13347668538208	2913	-72.0	-36.4	61.7	117	100.0000	1515	80.1320
ds003745	126		02	95.22690771048195	3596	-72.0	-36.4	61.7	117	100.0000	1515	81.5842
ds003745	127		01	98.6089541937111	1048	-72.0	-27.4	76.5	117	100.0000	1515	95.3135
ds003745	127		02	98.67133888158855	1001	-72.0	-27.4	76.5	117	100.0000	1515	95.8416
ds003745	128		01	98.68726688700407	989	-72.0	-27.4	70.6	117	100.0000	1515	90.8251
ds003745	128		02	98.71514089648124	968	-72.0	-27.4	70.6	117	100.0000	1515	92.0792
ds003745	129		01	97.95457863789007	1541	-72.0	-33.4	79.5	117	100.0000	1515	96.3696
ds003745	129		02	97.78866191481171	1666	-72.0	-30.4	79.5	117	100.0000	1515	94.1914
ds003745	130		01	97.21259905228368	2100	-72.0	-33.4	61.7	117	100.0000	1515	85.0165
ds003745	130		02	97.45550113487039	1917	-72.0	-30.4	61.7	117	100.0000	1515	84.5545
ds003745	131		01	97.51257648760934	1874	-72.0	-39.3	61.7	117	100.0000	1515	90.8911
ds003745	131		02	97.7833525796732	1670	-72.0	-39.3	61.7	117	100.0000	1515	92.4092
ds003745	132		01	97.98908931629036	1515	-72.0	-36.4	61.7	117	100.0000	1515	94.7195
ds003745	132		02	97.67982054447232	1748	-72.0	-33.4	61.7	117	100.0000	1515	91.5512
ds003745	133		01	98.25455607321574	1315	-72.0	-30.4	61.7	117	100.0000	1515	91.7492
ds003745	133		02	98.24659207050797	1321	-72.0	-30.4	61.7	117	100.0000	1515	91.5512
ds003745	134		01	96.67768353707908	2503	-72.0	-24.5	79.5	117	100.0000	1515	89.0429
ds003745	134		02	96.61928085055548	2547	-72.0	-24.5	79.5	117	100.0000	1515	90.6931
ds003745	135		01	98.38065278275528	1220	-72.0	-36.4	76.5	117	100.0000	1515	95.1155
ds003745	135		02	98.26119274213886	1310	-72.0	-33.4	76.5	117	100.0000	1515	93.0033
ds003745	136		01	98.7629249127278	932	-72.0	-27.4	61.7	117	100.0000	1515	92.5413
ds003745	136		02	98.75097890866616	941	-72.0	-27.4	61.7	117	100.0000	1515	94.3234
ds003745	137		01	98.74566957352765	945	-72.0	-36.4	61.7	117	100.0000	1515	92.0792
ds003745	137		02	98.94211497365242	797	-72.0	-42.3	61.7	117	100.0000	1515	94.0594
ds003745	138		01	97.7581332377653	1689	-72.0	-27.4	79.5	117	100.0000	1515	85.7426
ds003745	138		02	98.00236265413663	1505	-72.0	-30.4	79.5	117	100.0000	1515	97.3597
ds003745	140		01	98.02625466225992	1487	-72.0	-24.5	79.5	117	100.0000	1515	91.0231
ds003745	140		02	98.00368998792126	1504	-72.0	-24.5	64.6	117	100.0000	1515	91.0891
ds003745	141		01	98.49745815580243	1132	-72.0	-36.4	79.5	117	100.0000	1515	93.6634
ds003745	141		02	98.15766070693797	1388	-72.0	-33.4	79.5	117	100.0000	1515	89.7690
ds003745	142		01	98.65275620860378	1015	-72.0	2.3	79.5	117	100.0000	1515	93.0693
ds003745	142		02	98.71248622891198	970	-72.0	52.7	79.5	117	100.0000	1515	97.0957
ds003745	143		01	98.35012410570886	1243	-72.0	-33.4	79.5	117	100.0000	1515	98.8119
ds003745	143		02	98.2479194042926	1320	-72.0	-33.4	79.5	117	100.0000	1515	98.4158
ds003745	144		01	97.02677232243592	2240	-72.0	-27.4	79.5	117	100.0000	1515	83.0363
ds003745	144		02	98.12978669746082	1409	-72.0	-27.4	79.5	117	100.0000	1515	96.1056
ds003745	145		01	98.41383612737096	1195	-72.0	-21.5	79.5	117	100.0000	1515	99.8680
ds003745	145		02	90.81750487795166	6918	-72.0	-27.4	70.6	117	100.0000	1515	87.1947
ds003745	147		01	98.71912289783512	965	-72.0	-24.5	79.5	117	100.0000	1515	95.3135
ds003745	147		02	98.53727816934125	1102	-72.0	-24.5	79.5	117	100.0000	1515	94.9835
ds003745	149		01	98.05280133795246	1467	-72.0	-33.4	79.5	117	100.0000	1515	89.6370
ds003745	149		02	98.50674949229483	1125	-72.0	-36.4	79.5	117	100.0000	1515	94.9175
ds003745	150		01	95.69014720131672	3247	-72.0	-27.4	79.5	117	100.0000	1515	84.4884
ds003745	150		02	95.58926983368508	3323	-72.0	-27.4	79.5	117	100.0000	1515	86.0066
ds003745	151		01	97.93599596490529	1555	-72.0	-18.5	79.5	117	100.0000	1515	89.6370
ds003745	151		02	98.07536601229111	1450	-72.0	18.6	79.5	117	100.0000	1515	91.2211
ds003745	152		01	98.73372356946601	954	-72.0	-27.4	79.5	117	100.0000	1515	89.5050
ds003745	152		02	98.74566957352765	945	-72.0	-27.4	79.5	117	100.0000	1515	86.9967
ds003745	153		01	97.92006795948977	1567	-72.0	70.6	79.5	117	100.0000	1515	93.6634
ds003745	153		02	97.93466863112067	1556	-72.0	70.6	79.5	117	100.0000	1515	94.1254
ds003745	154		01	97.4714291402859	1905	-72.0	-30.4	76.5	117	100.0000	1515	82.3102
ds003745	154		02	97.62141785794874	1792	-72.0	-30.4	76.5	117	100.0000	1515	84.4884
ds003745	155		01	98.62222753155736	1038	-72.0	-33.4	61.7	117	100.0000	1515	97.7558
ds003745	155		02	98.634173535619	1029	-72.0	-30.4	61.7	117	100.0000	1515	98.5479
ds003745	156		01	96.64051819110952	2531	-72.0	-18.5	61.7	117	100.0000	1515	66.9307
ds003745	156		02	95.98083330014998	3028	-72.0	-15.6	61.7	117	100.0000	1515	59.0099
ds003745	157		01	96.44407279098475	2679	-72.0	-39.3	61.7	117	100.0000	1515	86.9307
ds003745	157		02	96.44938212612325	2675	-72.0	-39.3	61.7	117	100.0000	1515	85.1485
ds003745	158		01	97.02677232243592	2240	-72.0	-39.3	70.6	117	100.0000	1515	88.8449
ds003745	158		02	96.8329815898804	2386	-72.0	-36.4	70.6	117	100.0000	1515	88.3828
ds003745	159		01	97.18339770902189	2122	-72.0	-42.3	58.7	117	100.0000	1515	92.6733
ds003745	159		02	97.15286903197547	2145	-72.0	-42.3	61.7	117	100.0000	1515	91.6172
rf1	10317	01	1	99.93628797833792	48	-48.2	-36.4	-15.6	117	100.0000	1515	97.1617
rf1	10317	01	2	99.95354331753806	35	-48.2	-36.4	-15.6	117	100.0000	1515	97.8218
rf1	10369	01	1	99.9256693080609	56	-39.3	-30.4	58.7	117	100.0000	1515	97.8878
rf1	10369	01	2	99.89779529858373	77	-42.3	-30.4	58.7	117	100.0000	1515	97.3597
rf1	10402	01	1	99.84735661476792	115	-72.0	-18.5	58.7	117	100.0000	1515	99.0759
rf1	10402	01	2	99.83408327692165	125	-72.0	-24.5	58.7	117	100.0000	1515	97.8218
rf1	10418	01	1	99.77568059039807	169	-48.2	-27.4	-12.6	117	100.0000	1515	98.6799
rf1	10418	01	2	99.76638925390569	176	-48.2	-27.4	5.2	117	100.0000	1515	99.0759
rf1	10462	01	1	99.93097864319941	52	-72.0	-39.3	-18.5	117	100.0000	1515	98.6139
rf1	10478	01	1	99.9057593012915	71	-48.2	-42.3	-3.7	117	100.0000	1515	97.0957
rf1	10478	01	2	99.93628797833792	48	-48.2	-42.3	-3.7	117	100.0000	1515	97.6238
rf1	10486	01	1	99.84071994584478	120	-48.2	-33.4	-3.7	117	100.0000	1515	98.0198
rf1	10486	01	2	99.82213727286	134	-48.2	-36.4	-3.7	117	100.0000	1515	97.6238
rf1	10529	01	1	99.95619798510731	33	-48.2	-33.4	26.0	117	100.0000	1515	98.1518
rf1	10529	01	2	99.93761531212255	47	-48.2	-33.4	26.0	117	100.0000	1515	98.7459
rf1	10541	01	1	99.94425198104567	42	-48.2	-27.4	70.6	117	100.0000	1515	98.7459
rf1	10541	01	2	99.91903263913777	61	-72.0	-39.3	76.5	117	100.0000	1515	99.6040
rf1	10559	01	1	99.58188985784255	315	-72.0	-42.3	-15.6	117	100.0000	1515	98.7459
rf1	10559	01	2	99.3814624563639	466	-72.0	-42.3	-15.6	117	100.0000	1515	97.9538
rf1	10572	01	1	99.89779529858373	77	-48.2	-42.3	-21.5	117	100.0000	1515	98.0198
rf1	10572	01	2	99.88983129587598	83	-48.2	-39.3	-0.7	117	100.0000	1515	97.0297
rf1	10581	01	1	100.0	0				117	100.0000	1515	100.0000
rf1	10581	01	2	100.0	0				117	100.0000	1515	100.0000
rf1	10584	01	1	99.9057593012915	71	-72.0	-45.3	-24.5	117	100.0000	1515	99.8020
rf1	10585	01	1	99.98008999323059	15	-48.2	-30.4	34.9	117	100.0000	1515	99.1419
rf1	10585	01	2	99.98407199458448	12	-48.2	-39.3	32.0	117	100.0000	1515	99.1419
rf1	10589	01	1	99.80355459987523	148	-48.2	-27.4	11.2	117	100.0000	1515	97.8878
rf1	10589	01	2	99.8022272660906	149	-48.2	-27.4	11.2	117	100.0000	1515	97.8878
rf1	10590	01	1	99.82346460664463	133	-72.0	-63.1	32.0	117	100.0000	1515	98.8119
rf1	10590	01	2	99.79559059716748	154	-72.0	-63.1	40.9	117	100.0000	1515	98.3498
rf1	10596	01	1	99.85266594990642	111	-48.2	-36.4	40.9	117	100.0000	1515	98.6799
rf1	10596	01	2	99.71860523765912	212	-72.0	-36.4	-12.6	117	100.0000	1515	98.6139
rf1	10603	01	1	99.93230597698403	51	-48.2	-39.3	-18.5	117	100.0000	1515	98.0198
rf1	10606	01	1	99.83939261206015	121	-48.2	-27.4	-15.6	117	100.0000	1515	94.1914
rf1	10606	01	2	99.84735661476792	115	-48.2	-30.4	40.9	117	100.0000	1515	95.3795
rf1	10608	01	1	99.79559059716748	154	-48.2	-39.3	-12.6	117	100.0000	1515	95.3135
rf1	10608	01	2	99.82213727286	134	-48.2	-39.3	-12.6	117	100.0000	1515	96.0396
rf1	10617	01	1	99.90310463372224	73	-48.2	-45.3	-33.4	117	100.0000	1515	99.9340
rf1	10636	01	1	99.78895392824434	159	-48.2	-36.4	-12.6	117	100.0000	1515	93.2673
rf1	10636	01	2	99.81815527150613	137	-48.2	-39.3	-12.6	117	100.0000	1515	94.3894
rf1	10638	01	1	99.96947132295358	23	-48.2	-27.4	40.9	117	100.0000	1515	97.3597
rf1	10638	01	2	99.9654893215997	26	-48.2	-24.5	40.9	117	100.0000	1515	98.3498
rf1	10640	01	1	99.95752531889194	32	-42.3	-27.4	55.7	117	100.0000	1515	98.6799
rf1	10640	01	2	99.94425198104567	42	-48.2	-27.4	40.9	117	100.0000	1515	99.3399
rf1	10641	01	1	99.68542189304344	237	-48.2	-39.3	-3.7	117	100.0000	1515	98.5479
rf1	10642	01	1	99.92832397563015	54	-48.2	-26.0	40.9	117	100.0000	1515	95.9736
rf1	10642	01	2	99.91903263913777	61	-48.2	-27.4	40.9	117	100.0000	1515	95.9076
rf1	10644	01	1	99.96416198781507	27	-48.2	-24.5	29.0	117	100.0000	1515	98.1518
rf1	10644	01	2	99.95221598375343	36	-48.2	-36.4	29.0	117	100.0000	1515	98.7459
rf1	10647	01	1	99.87655795802971	93	-48.2	-12.6	-0.7	117	100.0000	1515	96.6997
rf1	10647	01	2	99.90310463372224	73	-33.4	-12.6	-3.7	117	100.0000	1515	97.8878
rf1	10649	01	1	99.95354331753806	35	-48.2	-33.4	52.7	117	100.0000	1515	98.0198
rf1	10649	01	2	99.96416198781507	27	-48.2	-27.4	-18.5	117	100.0000	1515	97.8218
rf1	10652	01	1	99.85532061747567	109	-48.2	-33.4	-15.6	117	100.0000	1515	97.6898
rf1	10652	01	2	99.87655795802971	93	-48.2	-36.4	-6.7	117	100.0000	1515	98.5479
rf1	10656	01	1	99.65091121464314	263	-48.2	-24.5	14.1	117	100.0000	1515	89.7690
rf1	10656	01	2	99.4650844847954	403	-72.0	-24.5	29.0	117	100.0000	1515	87.6568
rf1	10657	01	1	99.8619572863988	104	-72.0	-42.3	-12.6	117	100.0000	1515	98.5479
rf1	10657	01	2	99.88983129587598	83	-72.0	-48.2	-12.6	117	100.0000	1515	97.7558
rf1	10661	01	1	99.90841396886076	69	-48.2	-30.4	-12.6	117	100.0000	1515	98.3498
rf1	10661	01	2	99.88186729316821	89	-48.2	-24.5	-0.7	117	100.0000	1515	98.9439
rf1	10663	01	1	99.45977514965688	407	-48.2	-36.4	-3.7	117	100.0000	1515	96.3696
rf1	10663	01	2	99.51419583482658	366	-48.2	-39.3	-3.7	117	100.0000	1515	95.9736
rf1	10668	01	1	99.85930261882956	106	-72.0	-42.3	-12.6	117	100.0000	1515	98.4818
rf1	10668	01	2	99.82080993907537	135	-72.0	-45.3	-12.6	117	100.0000	1515	99.0759
rf1	10673	01	1	99.8513386161218	112	-48.2	-39.3	-18.5	117	100.0000	1515	99.9340
rf1	10673	01	2	99.85266594990642	111	-48.2	-42.3	-18.5	117	100.0000	1515	100.0000
rf1	10674	01	1	99.88584929452209	86	-48.2	-15.6	-0.7	117	100.0000	1515	96.1056
rf1	10674	01	2	99.88983129587598	83	-48.2	-27.4	-3.7	117	100.0000	1515	96.4356
rf1	10677	01	1	99.94690664861493	40	-42.3	-36.4	-24.5	117	100.0000	1515	100.0000
rf1	10677	01	2	99.93496064455329	49	-48.2	-36.4	-18.5	117	100.0000	1515	100.0000
rf1	10685	01	1	99.91106863643	67	-48.2	-30.4	-9.6	117	100.0000	1515	97.6238
rf1	10685	01	2	99.88319462695284	88	-72.0	-30.4	-3.7	117	100.0000	1515	97.5578
rf1	10690	01	1	99.91637797156851	63	-72.0	-30.4	-18.5	117	100.0000	1515	98.0858
rf1	10690	01	2	99.8911586296606	82	-72.0	-31.9	-15.6	117	100.0000	1515	97.8878
rf1	10691	01	1	99.96947132295358	23	-48.2	-45.3	-36.4	117	100.0000	1515	99.8020
rf1	10691	01	2	99.93761531212255	47	-48.2	-36.4	-18.5	117	100.0000	1515	99.1419
rf1	10700	01	1	99.97079865673821	22	-48.2	-24.5	-15.6	117	100.0000	1515	98.1518
rf1	10700	01	2	99.91770530535314	62	-48.2	-30.4	-12.6	117	100.0000	1515	96.6997
rf1	10701	01	1	99.82611927421388	131	-72.0	-36.4	5.2	117	100.0000	1515	98.1518
rf1	10701	01	2	99.7278965741515	205	-72.0	-42.3	5.2	117	100.0000	1515	97.4917
rf1	10713	01	1	99.81815527150613	137	-48.2	-36.4	-18.5	117	100.0000	1515	98.4818
rf1	10713	01	2	99.78762659445971	160	-48.2	-36.4	-18.5	117	100.0000	1515	98.4158
rf1	10716	01	1	99.97876265944598	16	-48.2	-28.9	-3.7	117	100.0000	1515	99.6700
rf1	10716	01	2	99.9853993283691	11	-48.2	-18.5	-9.6	117	100.0000	1515	99.8020
rf1	10718	01	1	99.97345332430746	20	-36.4	-24.5	-24.5	117	100.0000	1515	98.0198
rf1	10718	01	2	99.94823398239956	39	-39.3	-24.5	-18.5	117	100.0000	1515	97.4917
rf1	10720	01	1	99.69736789710508	228	-48.2	-33.4	2.3	117	100.0000	1515	97.1617
rf1	10720	01	2	99.64560187950464	267	-48.2	-33.4	2.3	117	100.0000	1515	96.1716
rf1	10723	01	1	99.86992128910657	98	-48.2	-15.6	2.3	117	100.0000	1515	95.9076
rf1	10723	01	2	99.82479194042926	132	-42.3	-12.6	2.3	117	100.0000	1515	93.7294
rf1	10741	01	1	99.70267723224359	224	-48.2	-45.3	-3.7	117	100.0000	1515	95.9076
rf1	10741	01	2	99.68143989168956	240	-48.2	-42.3	8.2	117	100.0000	1515	95.6436
rf1	10748	01	1	99.96283465403044	28	-48.2	-42.3	-9.6	117	100.0000	1515	99.2079
rf1	10748	01	2	99.92301464049164	58	-48.2	-30.4	-9.6	117	100.0000	1515	98.2838
rf1	10767	01	1	99.61109120110434	293	-48.2	-30.4	-3.7	117	100.0000	1515	91.2871
rf1	10767	01	2	99.67745789033569	243	-48.2	-30.4	-0.7	117	100.0000	1515	91.2211
rf1	10770	01	1	99.92965130941478	53	-48.2	-33.4	-18.5	117	100.0000	1515	98.0198
rf1	10770	01	2	99.91106863643	67	-48.2	-27.4	-12.6	117	100.0000	1515	96.1716
rf1	10777	01	1	99.73718791064388	198	-72.0	-34.9	-12.6	117	100.0000	1515	98.2178
rf1	10777	01	2	99.80089993230598	150	-72.0	-33.4	-12.6	117	100.0000	1515	98.7459
rf1	10781	01	1	99.76904392147493	174	-72.0	-63.1	32.0	117	100.0000	1515	98.7459
rf1	10781	01	2	99.77435325661344	170	-72.0	-63.1	32.0	117	100.0000	1515	99.0099
rf1	10783	01	1	99.49959516319569	377	-48.2	-45.3	-6.7	117	100.0000	1515	99.2079
rf1	10783	01	2	99.54870651322688	340	-48.2	-45.3	14.1	117	100.0000	1515	99.1419
rf1	10785	01	1	99.9508886499688	37	-45.3	-30.4	-12.6	117	100.0000	1515	98.4158
rf1	10785	01	2	99.94956131618419	38	-36.4	-27.4	-12.6	117	100.0000	1515	98.3498
rf1	10794	01	1	99.69073122818195	233	-72.0	-30.4	40.9	117	100.0000	1515	95.0495
rf1	10794	01	2	99.71329590252061	216	-72.0	-30.4	2.3	117	100.0000	1515	95.5776
rf1	10800	01	1	99.79559059716748	154	-48.2	-30.4	-12.6	117	100.0000	1515	94.1254
rf1	10800	01	2	99.84071994584478	120	-48.2	-33.4	-15.6	117	100.0000	1515	96.8317
rf1	10801	01	1	99.85266594990642	111	-48.2	-42.3	-3.7	117	100.0000	1515	95.3795
rf1	10801	01	2	99.83010127556777	128	-48.2	-42.3	-3.7	117	100.0000	1515	94.7855
rf1	10802	01	1	99.97876265944598	16	-42.3	-27.4	-18.5	117	100.0000	1515	99.0099
rf1	10802	01	2	99.98805399593836	9	-45.3	-27.4	-24.5	117	100.0000	1515	99.3399
rf1	10803	01	1	99.70400456602822	223	-72.0	-45.3	-0.7	117	100.0000	1515	98.1518
rf1	10804	01	1	99.91372330399926	65	-48.2	-36.4	-15.6	117	100.0000	1515	97.6898
rf1	10804	01	2	99.81550060393687	139	-48.2	-36.4	-3.7	117	100.0000	1515	96.7657
rf1	10806	01	1	99.9508886499688	37	-48.2	-24.5	-6.7	117	100.0000	1515	97.4257
rf1	10806	01	2	99.9601799864612	30	-48.2	-27.4	26.0	117	100.0000	1515	98.8119
rf1	10807	01	1	99.76373458633643	178	-48.2	-36.4	58.7	117	100.0000	1515	98.9439
rf1	10807	01	2	99.83806527827552	122	-48.2	-39.3	26.0	117	100.0000	1515	99.0099
rf1	10809	01	1	99.83939261206015	121	-72.0	-42.3	-15.6	117	100.0000	1515	98.2178
rf1	10809	01	2	99.8513386161218	112	-72.0	-42.3	40.9	117	100.0000	1515	98.1518
rf1	10810	01	1	99.71064123495135	218	-48.2	-27.4	49.8	117	100.0000	1515	98.0858
rf1	10810	01	2	99.80620926744449	146	-72.0	-27.4	46.8	117	100.0000	1515	98.7459
rf1	10812	01	1	99.77966259175194	166	-48.2	-42.3	-12.6	117	100.0000	1515	99.1419
rf1	10812	01	2	99.82213727286	134	-48.2	-42.3	-18.5	117	100.0000	1515	99.2079
rf1	10817	01	1	99.71993257144374	211	-48.2	-33.4	40.9	117	100.0000	1515	97.7558
rf1	10817	01	2	99.6827672254742	239	-48.2	-36.4	40.9	117	100.0000	1515	96.6337
rf1	10827	01	1	99.71595057008986	214	-48.2	-30.4	14.1	117	100.0000	1515	92.3432
rf1	10827	01	2	99.70002256467434	226	-48.2	-30.4	-12.6	117	100.0000	1515	91.4851
rf1	10831	01	1	99.87788529181434	92	-48.2	-24.5	-12.6	117	100.0000	1515	95.1815
rf1	10831	01	2	99.85797528504493	107	-48.2	-24.5	-12.6	117	100.0000	1515	94.7855
rf1	10834	01	1	99.85399328369105	110	-48.2	-18.5	73.5	117	100.0000	1515	94.8515
rf1	10834	01	2	99.8566479512603	108	-48.2	-18.5	73.5	117	100.0000	1515	93.7954
rf1	10838	01	1	99.62967387408912	279	-48.2	-39.3	-6.7	117	100.0000	1515	95.5116
rf1	10838	01	2	99.60445453218121	298	-48.2	-39.3	-6.7	117	100.0000	1515	97.0957
rf1	10843	01	1	99.2872217576554	537	-48.2	-42.3	29.0	117	100.0000	1515	92.7393
rf1	10843	01	2	99.34296977660972	495	-48.2	-42.3	-3.7	117	100.0000	1515	93.9274
rf1	10850	01	1	99.75178858227478	187	-72.0	-30.4	-12.6	117	100.0000	1515	94.7195
rf1	10850	01	2	99.74116991199777	195	-72.0	-30.4	-12.6	117	100.0000	1515	95.5776
rf1	10854	01	1	99.78497192689045	162	-48.2	-42.3	-12.6	117	100.0000	1515	96.7657
rf1	10854	01	2	99.8022272660906	149	-48.2	-42.3	32.0	117	100.0000	1515	96.5017
rf1	10857	01	1	99.91505063778388	64	-48.2	-36.4	2.3	117	100.0000	1515	98.6139
rf1	10857	01	2	99.93496064455329	49	-48.2	-18.5	-3.7	117	100.0000	1515	97.7558
rf1	10858	01	1	99.92168730670701	59	-72.0	-69.0	-15.6	117	100.0000	1515	98.8779
rf1	10858	01	2	99.91372330399926	65	-72.0	-69.0	-18.5	117	100.0000	1515	99.2739
rf1	10860	01	1	99.89646796479911	78	-48.2	-27.4	40.9	117	100.0000	1515	96.5677
rf1	10860	01	2	99.87788529181434	92	-48.2	-24.5	76.5	117	100.0000	1515	96.6997
rf1	10862	01	1	99.90841396886076	69	-72.0	-24.5	26.0	117	100.0000	1515	98.1518
rf1	10862	01	2	99.92035997292238	60	-72.0	-24.5	-6.7	117	100.0000	1515	98.3498
rf1	10863	01	1	99.73187857550538	202	-48.2	-36.4	-9.6	117	100.0000	1515	98.4818
rf1	10863	01	2	99.68143989168956	240	-48.2	-33.4	58.7	117	100.0000	1515	97.6238
rf1	10866	01	1	99.80089993230598	150	-48.2	-33.4	58.7	117	100.0000	1515	97.6898
rf1	10866	01	2	99.8022272660906	149	-48.2	-30.4	58.7	117	100.0000	1515	97.6238
rf1	10875	01	1	99.84337461341404	118	-72.0	-45.3	-18.5	117	100.0000	1515	96.6997
rf1	10875	01	2	99.84868394855255	114	-72.0	-66.1	-18.5	117	100.0000	1515	97.4257
rf1	10881	01	1	99.97079865673821	22	-48.2	-26.0	-12.6	117	100.0000	1515	99.6700
rf1	10886	01	1	99.92434197427627	57	-48.2	-30.4	-18.5	117	100.0000	1515	99.6040
rf1	10887	01	1	99.8314286093524	127	-72.0	-45.3	5.2	117	100.0000	1515	97.4917
rf1	10887	01	2	99.84735661476792	115	-72.0	-42.3	8.2	117	100.0000	1515	96.8317
rf1	10896	01	1	99.92434197427627	57	-42.3	-18.5	-12.6	117	100.0000	1515	95.7756
rf1	10896	01	2	99.91372330399926	65	-48.2	-18.5	-12.6	117	100.0000	1515	94.5215
rf1	10897	01	1	99.92168730670701	59	-48.2	-24.5	34.9	117	100.0000	1515	99.0759
rf1	10898	01	1	99.9455793148303	41	-48.2	-42.3	-18.5	117	100.0000	1515	99.0759
rf1	10898	01	2	99.9256693080609	56	-48.2	-42.3	-18.5	117	100.0000	1515	98.6799
rf1	10908	01	1	99.85266594990642	111	-72.0	-48.2	-12.6	117	100.0000	1515	98.9439
rf1	10908	01	2	99.84337461341404	118	-72.0	-66.1	40.9	117	100.0000	1515	98.5479
rf1	10913	01	1	99.96416198781507	27	-72.0	-72.0	-24.5	117	100.0000	1515	99.4719
rf1	10913	01	2	99.92699664184552	55	-72.0	-69.0	-18.5	117	100.0000	1515	99.3399
rf1	10918	01	1	99.90044996615299	75	-48.2	-27.4	-12.6	117	100.0000	1515	96.3696
rf1	10918	01	2	99.90177729993762	74	-48.2	-24.5	-12.6	117	100.0000	1515	95.1155
rf1	10919	01	1	99.84337461341404	118	-72.0	-48.2	-18.5	117	100.0000	1515	97.9538
rf1	10919	01	2	99.84735661476792	115	-72.0	-48.2	-21.5	117	100.0000	1515	97.5578
rf1	10924	01	1	99.91770530535314	62	-72.0	-69.0	-6.7	117	100.0000	1515	99.5380
rf1	10924	01	2	99.92301464049164	58	-72.0	-69.0	-21.5	117	100.0000	1515	99.4059
rf1	10926	01	1	99.89381329722985	80	-48.2	-33.4	-12.6	117	100.0000	1515	97.4917
rf1	10926	01	2	99.90443196750687	72	-48.2	-33.4	-9.6	117	100.0000	1515	98.3498
rf1	10928	01	1	99.97212599052284	21	-72.0	-24.5	8.2	117	100.0000	1515	99.9340
rf1	10928	01	2	99.96681665538433	25	-72.0	-6.7	8.2	117	100.0000	1515	100.0000
rf1	10929	01	1	99.98407199458448	12	-48.2	-46.8	-18.5	117	100.0000	1515	99.6040
rf1	10929	01	2	99.97876265944598	16	-48.2	-45.3	-39.3	117	100.0000	1515	99.8020
rf1	10930	01	1	99.84735661476792	115	-48.2	-42.3	-9.6	117	100.0000	1515	97.8878
rf1	10930	01	2	99.85797528504493	107	-72.0	-39.3	2.3	117	100.0000	1515	98.0198
rf1	10938	01	1	99.88983129587598	83	-48.2	-27.4	-12.6	117	100.0000	1515	97.9538
rf1	10938	01	2	99.88717662830672	85	-48.2	-27.4	-9.6	117	100.0000	1515	97.5578
rf1	10940	01	1	99.68143989168956	240	-72.0	-33.4	26.0	117	100.0000	1515	94.3234
rf1	10940	01	2	99.71595057008986	214	-72.0	-33.4	-3.7	117	100.0000	1515	94.1914
rf1	10950	01	1	99.79426326338285	155	-48.2	-39.3	-12.6	117	100.0000	1515	99.2739
rf1	10950	01	2	99.66949388762792	249	-48.2	-39.3	76.5	117	100.0000	1515	99.1419
rf1	10951	01	1	99.8566479512603	108	-72.0	-18.5	-0.7	117	100.0000	1515	95.8416
rf1	10951	01	2	99.84204727962941	119	-72.0	-15.6	40.9	117	100.0000	1515	94.7195
rf1	10952	01	1	99.82877394178314	129	-48.2	-36.4	-15.6	117	100.0000	1515	97.4917
rf1	10952	01	2	99.79559059716748	154	-72.0	-42.3	-12.6	117	100.0000	1515	97.0297
rf1	10953	01	1	99.76904392147493	174	-72.0	-63.1	40.9	117	100.0000	1515	98.8779
rf1	10953	01	2	99.74515191335165	192	-72.0	-60.1	40.9	117	100.0000	1515	99.2739
rf1	10954	01	1	99.86726662153731	100	-48.2	-36.4	-15.6	117	100.0000	1515	95.6436
rf1	10954	01	2	99.94425198104567	42	-48.2	-27.4	-15.6	117	100.0000	1515	95.9076
rf1	10956	01	1	99.76373458633643	178	-48.2	-27.4	26.0	117	100.0000	1515	90.7591
rf1	10956	01	2	99.78895392824434	159	-72.0	-27.4	26.0	117	100.0000	1515	92.0792
rf1	10958	01	1	99.87788529181434	92	-48.2	-36.4	40.9	117	100.0000	1515	97.2277
rf1	10958	01	2	99.9256693080609	56	-48.2	-31.9	-0.7	117	100.0000	1515	95.8416
rf1	10961	01	1	99.91770530535314	62	-48.2	-39.3	40.9	117	100.0000	1515	97.6898
rf1	10961	01	2	99.94823398239956	39	-48.2	-30.4	40.9	117	100.0000	1515	97.4917
rf1	10964	01	1	99.93761531212255	47	-48.2	-36.4	-18.5	117	100.0000	1515	99.2079
rf1	10964	01	2	99.96681665538433	25	-48.2	-36.4	-18.5	117	100.0000	1515	99.0099
rf1	10966	01	1	99.86992128910657	98	-72.0	-39.3	40.9	117	100.0000	1515	97.0297
rf1	10966	01	2	99.77435325661344	170	-48.2	-34.9	40.9	117	100.0000	1515	95.3135
rf1	10969	01	1	99.94690664861493	40	-48.2	-39.3	-24.5	117	100.0000	1515	99.4719
rf1	10969	01	2	99.91903263913777	61	-48.2	-36.4	-12.6	117	100.0000	1515	99.0759
rf1	10974	01	1	99.93894264590716	46	-72.0	-36.4	-18.5	117	100.0000	1515	98.0858
rf1	10974	01	2	99.93230597698403	51	-72.0	-27.4	34.9	117	100.0000	1515	97.4257
rf1	10977	01	1	99.61640053624285	289	-48.2	-33.4	-3.7	117	100.0000	1515	92.3432
rf1	10977	01	2	99.63763787679687	273	-48.2	-33.4	-3.7	117	100.0000	1515	93.1353
rf1	10979	01	1	99.89779529858373	77	-72.0	-30.4	-9.6	117	100.0000	1515	96.8317
rf1	10979	01	2	99.8712486228912	97	-72.0	-39.3	-6.7	117	100.0000	1515	96.8317
rf1	10983	01	1	99.90177729993762	74	-48.2	-37.8	20.1	117	100.0000	1515	96.9637
rf1	10983	01	2	99.91505063778388	64	-48.2	-39.3	64.6	117	100.0000	1515	96.6337
rf1	10984	01	1	99.93097864319941	52	-72.0	-69.0	-12.6	117	100.0000	1515	99.8680
rf1	10984	01	2	99.91770530535314	62	-72.0	-69.0	-12.6	117	100.0000	1515	100.0000
rf1	10998	01	1	99.93363331076866	50	-48.2	-36.4	-9.6	117	100.0000	1515	98.0858
rf1	10998	01	2	99.91903263913777	61	-48.2	-36.4	-9.6	117	100.0000	1515	97.3597
rf1	11005	01	1	99.8659392877527	101	-48.2	-36.4	-24.5	117	100.0000	1515	99.0759
rf1	11005	01	2	99.87655795802971	93	-48.2	-36.4	-24.5	117	100.0000	1515	99.7360
rf1	11007	01	1	99.93097864319941	52	-72.0	-36.4	-24.5	117	100.0000	1515	98.8119
rf1	11007	01	2	99.90974130264537	68	-72.0	-30.4	-24.5	117	100.0000	1515	98.8119
rf1	11012	01	1	99.79559059716748	154	-48.2	-27.4	-12.6	117	100.0000	1515	94.3894
rf1	11012	01	2	99.85797528504493	107	-48.2	-27.4	-15.6	117	100.0000	1515	97.0297
rf1	11016	01	1	99.67613055655106	244	-48.2	-36.4	40.9	117	100.0000	1515	92.9373
rf1	11016	01	2	99.81284593636762	141	-48.2	-36.4	40.9	117	100.0000	1515	94.6535
rf1	11021	01	1	99.84602928098329	116	-48.2	-33.4	-6.7	117	100.0000	1515	93.0033
rf1	11021	01	2	99.84337461341404	118	-48.2	-33.4	-12.6	117	100.0000	1515	93.6634
rf1	11030	01	1	99.74116991199777	195	-48.2	-18.5	46.8	117	100.0000	1515	90.0330
rf1	11030	01	2	99.74780658092091	190	-48.2	-18.5	40.9	117	100.0000	1515	89.8350
rf1	11031	01	1	99.91505063778388	64	-39.3	-30.4	-15.6	117	100.0000	1515	96.1716
rf1	11031	01	2	99.88850396209135	84	-48.2	-30.4	-12.6	117	100.0000	1515	94.9175
rf1	11036	01	1	99.74647924713628	191	-48.2	-42.3	43.8	117	100.0000	1515	96.6997
rf1	11036	01	2	99.7424972457824	194	-48.2	-39.3	52.7	117	100.0000	1515	96.6997
rf1	11039	01	1	99.75709791741329	183	-48.2	-36.4	-15.6	117	100.0000	1515	98.8779
rf1	11039	01	2	99.70533189981285	222	-48.2	-36.4	-12.6	117	100.0000	1515	98.4818
rf1	11042	01	1	99.94159731347642	44	-42.3	-24.5	-15.6	117	100.0000	1515	97.0297
rf1	11042	01	2	99.88717662830672	85	-48.2	-27.4	-15.6	117	100.0000	1515	96.3036
rf1	11053	01	1	99.83541061070628	124	-48.2	-36.4	-6.7	117	100.0000	1515	97.9538
rf1	11053	01	2	99.8022272660906	149	-48.2	-36.4	34.9	117	100.0000	1515	99.0099
rf1	11058	01	1	99.92965130941478	53	-72.0	-30.4	-12.6	117	100.0000	1515	98.5479
rf1	11058	01	2	99.93761531212255	47	-72.0	-27.4	-12.6	117	100.0000	1515	99.0099
rf1	11060	01	1	99.92301464049164	58	-48.2	-23.0	-6.7	117	100.0000	1515	97.5578
rf1	11060	01	2	99.91106863643	67	-48.2	-21.5	-6.7	117	100.0000	1515	97.0957
rf1	11063	01	1	99.75178858227478	187	-48.2	-36.4	-0.7	117	100.0000	1515	97.3597
rf1	11063	01	2	99.69736789710508	228	-48.2	-39.3	26.0	117	100.0000	1515	96.3036
rf1	11064	01	1	99.79426326338285	155	-72.0	-45.3	-6.7	117	100.0000	1515	97.7558
rf1	11064	01	2	99.66285721870479	254	-72.0	-60.1	-15.6	117	100.0000	1515	97.7558
rf1	11065	01	1	99.90044996615299	75	-48.2	-24.5	34.9	117	100.0000	1515	95.8416
rf1	11065	01	2	99.89514063101448	79	-48.2	-24.5	-6.7	117	100.0000	1515	95.6436
rf1	11066	01	1	99.85399328369105	110	-48.2	-30.4	-15.6	117	100.0000	1515	96.1056
rf1	11066	01	2	99.86328462018344	103	-48.2	-30.4	-12.6	117	100.0000	1515	94.6535
rf1	11068	01	1	99.90044996615299	75	-48.2	-42.3	46.8	117	100.0000	1515	99.1419
rf1	11068	01	2	99.94159731347642	44	-48.2	-45.3	40.9	117	100.0000	1515	99.3399
rf1	11071	01	1	99.93894264590716	46	-48.2	-27.4	76.5	117	100.0000	1515	99.6700
rf1	11071	01	2	99.84204727962941	119	-48.2	-30.4	76.5	117	100.0000	1515	99.8680
rf1	11072	01	1	99.74780658092091	190	-48.2	-24.5	-3.7	117	100.0000	1515	91.1551
rf1	11072	01	2	99.74780658092091	190	-48.2	-27.4	-3.7	117	100.0000	1515	92.7393
rf1	11074	01	1	99.61109120110434	293	-48.2	-39.3	-0.7	117	100.0000	1515	98.0198
rf1	11074	01	2	99.73586057685927	199	-48.2	-39.3	-0.7	117	100.0000	1515	99.0099
rf1	11075	01	1	99.84602928098329	128	-72.0	-36.4	-12.6	117	100.0000	1515	96.4356
rf1	11075	01	2	99.79293592959822	184	-72.0	-36.4	-12.6	117	100.0000	1515	97.8878
rf1	11076	01	1	99.48499449156479	420	-72.0	-42.3	-15.6	117	100.0000	1515	98.0858
rf1	11078	01	1	99.90310463372224	82	-72.0	-42.3	-21.5	117	100.0000	1515	99.7360
rf1	11078	01	2	99.8911586296606	91	-72.0	-42.3	-24.5	117	100.0000	1515	99.7360
rf1	11083	01	1	99.88452196073747	87	-48.2	-27.4	46.8	117	100.0000	1515	99.6040
rf1	11083	01	2	99.93363331076866	50	-48.2	-27.4	40.9	117	100.0000	1515	99.8680
rf1	11084	01	1	99.91239597021463	66	-48.2	-30.4	70.6	117	100.0000	1515	97.0297
rf1	11084	01	2	99.85266594990642	111	-48.2	-30.4	-12.6	117	100.0000	1515	95.6436
rf1	11085	01	1	99.94425198104567	42	-48.2	-42.3	-24.5	117	100.0000	1515	99.8020
rf1	11085	01	2	99.95221598375343	36	-48.2	-42.3	-18.5	117	100.0000	1515	99.6040
rf1	11090	01	1	99.81948260529076	136	-72.0	-27.4	-12.6	117	100.0000	1515	97.8878
rf1	11090	01	2	99.88452196073747	87	-72.0	-27.4	-12.6	117	100.0000	1515	97.8878
rf1	11110	01	1	99.89381329722985	80	-72.0	-42.3	58.7	117	100.0000	1515	96.1056
rf1	11110	01	2	99.89248596344522	81	-72.0	-45.3	40.9	117	100.0000	1515	97.4917
rf1	11113	01	1	99.54206984430375	345	-72.0	-57.1	40.9	117	100.0000	1515	98.6139
rf1	11113	01	2	99.53410584159599	351	-72.0	-54.2	40.9	117	100.0000	1515	98.7459
rf1	11116	01	1	99.73453324307464	189	-48.2	-39.3	-12.6	117	100.0000	1515	98.8119
rf1	11116	01	2	99.71462323630523	212	-48.2	-39.3	-12.6	117	100.0000	1515	99.0759
rf1	11120	01	1	99.78364459310583	163	-48.2	-45.3	58.7	117	100.0000	1515	99.2739
rf1	11120	01	2	99.73055124172076	203	-48.2	-45.3	-18.5	117	100.0000	1515	99.2079
rf1	11125	01	1	99.96150732024583	29	-72.0	-33.4	-30.4	117	100.0000	1515	99.9340
rf1	11125	01	2	99.97478065809209	19	-72.0	-33.4	-18.5	117	100.0000	1515	100.0000
rf1	11126	01	1	99.72125990522837	210	-72.0	-60.1	8.2	117	100.0000	1515	97.9538
rf1	11128	01	1	99.96947132295358	23	-36.4	-24.5	-6.7	117	100.0000	1515	98.1518
rf1	11128	01	2	99.96283465403044	28	-36.4	-24.5	-6.7	117	100.0000	1515	98.3498
rf1	11134	01	1	99.90310463372224	73	-48.2	-30.4	40.9	117	100.0000	1515	97.8878
rf1	11134	01	2	99.9455793148303	41	-48.2	-24.5	52.7	117	100.0000	1515	98.4818
rf1	11139	01	1	99.85399328369105	110	-48.2	-31.9	-3.7	117	100.0000	1515	96.1056
rf1	11139	01	2	99.82611927421388	131	-48.2	-27.4	-3.7	117	100.0000	1515	95.9076
rf1	11145	01	1	99.9508886499688	37	-72.0	-33.4	-18.5	117	100.0000	1515	99.2079
rf1	11145	01	2	99.96283465403044	28	-72.0	-27.4	-18.5	117	100.0000	1515	99.2739
rf1	11164	01	1	99.76506192012106	177	-72.0	-36.4	-0.7	117	100.0000	1515	97.2937
rf1	11167	01	1	99.9508886499688	37	-48.2	-42.3	-30.4	117	100.0000	1515	99.2739
rf1	11167	01	2	99.88717662830672	85	-72.0	-48.2	-24.5	117	100.0000	1515	98.8119
rf1	11168	01	1	99.93097864319941	52	-72.0	-30.4	2.3	117	100.0000	1515	96.6997
rf1	11168	01	2	99.92301464049164	58	-72.0	-48.2	-6.7	117	100.0000	1515	96.9637
rf1	11171	01	1	99.81151860258299	142	-48.2	-33.4	-0.7	117	100.0000	1515	98.7459
rf1	11171	01	2	99.81019126879836	143	-48.2	-33.4	-3.7	117	100.0000	1515	97.7558
rf1	11177	01	1	99.71196856873598	217	-48.2	-39.3	40.9	117	100.0000	1515	96.6337
rf1	11177	01	2	99.75709791741329	183	-48.2	-39.3	40.9	117	100.0000	1515	97.4257
rf1	11192	01	1	99.9601799864612	30	-72.0	-27.4	-24.5	117	100.0000	1515	98.2178
rf1	11192	01	2	99.96814398916895	24	-48.2	-24.5	-12.6	117	100.0000	1515	97.4257
rf1	11193	01	1	99.79028126202897	158	-48.2	-42.3	17.1	117	100.0000	1515	95.9736
rf1	11193	01	2	99.8314286093524	127	-48.2	-42.3	26.0	117	100.0000	1515	97.2277
rf1	11201	01	1	99.85266594990642	111	-48.2	-27.4	-12.6	117	100.0000	1515	99.1419
rf1	11203	01	1	99.92832397563015	54	-48.2	-28.9	-18.5	117	100.0000	1515	97.7558
rf1	11203	01	2	99.89248596344522	81	-48.2	-27.4	-12.6	117	100.0000	1515	95.3135
rf1	11209	01	1	99.88850396209135	84	-48.2	-27.4	70.6	117	100.0000	1515	98.2838
rf1	11209	01	2	99.94292464726105	43	-42.3	-24.5	70.6	117	100.0000	1515	98.8119
rf1	11227	01	1	99.9654893215997	26	-48.2	-42.3	-18.5	117	100.0000	1515	99.2739
rf1	11227	01	2	99.94956131618419	38	-48.2	-45.3	8.2	117	100.0000	1515	99.2739
rf1	11238	01	1	99.97345332430746	20	-48.2	-39.3	-18.5	117	100.0000	1515	99.8020
rf1	11238	01	2	99.97743532566135	17	-48.2	-42.3	-24.5	117	100.0000	1515	99.8020
rf1	11241	01	1	99.7424972457824	194	-48.2	-33.4	-3.7	117	100.0000	1515	99.6700
rf1	11241	01	2	99.77833525796733	167	-48.2	-36.4	-6.7	117	100.0000	1515	99.7360
rf1	11246	01	1	99.85930261882956	106	-72.0	-28.9	-12.6	117	100.0000	1515	99.5380
rf1	11246	01	2	99.87257595667583	96	-72.0	-36.4	-15.6	117	100.0000	1515	99.5380
rf1	11276	01	1	99.74647924713628	191	-72.0	-45.3	-18.5	117	100.0000	1515	99.6700
rf1	11276	01	2	99.81417327015224	140	-72.0	-45.3	-18.5	117	100.0000	1515	99.8020
rf1	11286	01	1	99.71329590252061	216	-72.0	-48.2	-3.7	117	100.0000	1515	99.3399
rf1	11301	01	1	99.81550060393687	139	-48.2	-45.3	-6.7	117	100.0000	1515	97.6898
rf1	11301	01	2	99.8659392877527	101	-72.0	-45.3	-9.6	117	100.0000	1515	97.7558
rf1	11311	01	1	99.86726662153731	100	-48.2	-34.9	-0.7	117	100.0000	1515	97.4917
rf1	11311	01	2	99.86726662153731	100	-48.2	-39.3	-0.7	117	100.0000	1515	99.0759
rf1	11312	01	1	99.84204727962941	119	-48.2	-24.5	40.9	117	100.0000	1515	92.3432
rf1	11312	01	2	99.87390329046045	95	-48.2	-24.5	64.6	117	100.0000	1515	93.8614
rf1	11316	01	1	99.86992128910657	98	-72.0	-48.2	-12.6	117	100.0000	1515	98.5479
rf1	11316	01	2	99.83275594313702	126	-72.0	-66.1	-18.5	117	100.0000	1515	98.9439
rf1	11318	01	1	99.88983129587598	83	-48.2	-24.5	-6.7	117	100.0000	1515	92.4092
rf1	11318	01	2	99.89248596344522	81	-48.2	-24.5	-6.7	117	100.0000	1515	92.4092
rf1	11321	01	1	99.29518576036315	531	-48.2	-42.3	-0.7	117	100.0000	1515	95.7756
rf1	11321	01	2	99.25669308060898	560	-48.2	-42.3	8.2	117	100.0000	1515	96.6337
rf1	11325	01	1	99.75709791741329	183	-72.0	-24.5	-0.7	117	100.0000	1515	91.2871
rf1	11325	01	2	99.7823172593212	164	-72.0	-33.4	64.6	117	100.0000	1515	94.4554
rf1	11326	01	1	99.60445453218121	298	-48.2	-36.4	14.1	117	100.0000	1515	98.2838
rf1	11326	01	2	99.59781786325807	303	-48.2	-36.4	14.1	117	100.0000	1515	98.4158
rf1	11329	01	1	99.71727790387449	213	-72.0	-36.4	34.9	117	100.0000	1515	95.7096
rf1	11329	01	2	99.74116991199777	195	-72.0	-36.4	-6.7	117	100.0000	1515	95.7756
rf1	11330	01	1	99.81019126879836	143	-72.0	-24.5	-6.7	117	100.0000	1515	92.1452
rf1	11330	01	2	99.81417327015224	140	-72.0	-24.5	32.0	117	100.0000	1515	92.6733
rf1	11337	01	1	99.75311591605941	186	-72.0	-24.5	-3.7	117	100.0000	1515	91.4851
rf1	11337	01	2	99.70665923359748	221	-72.0	-24.5	-3.7	117	100.0000	1515	89.5050
rf1	11338	01	1	99.87523062424508	94	-48.2	-30.4	-6.7	117	100.0000	1515	95.7096
rf1	11338	01	2	99.90044996615299	75	-48.2	-30.4	-3.7	117	100.0000	1515	96.6337
rf1	11340	01	1	99.87523062424508	94	-72.0	-42.3	-18.5	117	100.0000	1515	97.1617
rf1	11340	01	2	99.90708663507613	70	-48.2	-42.3	-24.5	117	100.0000	1515	97.4917
rf1	11343	01	1	99.5593251835039	332	-48.2	-45.3	-18.5	117	100.0000	1515	100.0000
rf1	11343	01	2	99.51950516996509	362	-48.2	-45.3	-9.6	117	100.0000	1515	99.6700
rf1	11345	01	1	99.8911586296606	82	-48.2	-36.4	40.9	117	100.0000	1515	96.8317
rf1	11345	01	2	99.89514063101448	79	-48.2	-36.4	40.9	117	100.0000	1515	96.7657
rf1	11348	01	1	99.89381329722985	80	-72.0	-27.4	58.7	117	100.0000	1515	95.6436
rf1	11348	01	2	99.89646796479911	78	-72.0	-27.4	58.7	117	100.0000	1515	94.3894
rf1	11358	01	1	99.97478065809209	19	-48.2	-33.4	-24.5	117	100.0000	1515	98.4818
rf1	11358	01	2	99.98141732701522	14	-48.2	-28.9	-24.5	117	100.0000	1515	98.3498
rf1	11364	01	1	99.91239597021463	66	-48.2	-24.5	58.7	117	100.0000	1515	94.8515
rf1	11364	01	2	99.86328462018344	103	-72.0	-30.4	58.7	117	100.0000	1515	95.3795
rf1	11367	01	1	99.97876265944598	16	-48.2	-24.5	-15.6	117	100.0000	1515	97.6238
rf1	11367	01	2	99.97478065809209	19	-42.3	-24.5	-15.6	117	100.0000	1515	97.0297
rf1	11374	01	1	99.95752531889194	32	-48.2	-36.4	-24.5	117	100.0000	1515	99.0099
rf1	11374	01	2	99.94823398239956	39	-48.2	-36.4	-24.5	117	100.0000	1515	99.4719
rf1	11376	01	1	99.95885265267657	31	-72.0	-27.4	-15.6	117	100.0000	1515	99.4719
rf1	11376	01	2	99.96283465403044	28	-72.0	-72.0	-18.5	117	100.0000	1515	99.6040
rf1	11377	01	1	99.97610799187672	18	-48.2	-30.4	-6.7	117	100.0000	1515	98.9439
rf1	11377	01	2	99.96681665538433	25	-48.2	-30.4	-0.7	117	100.0000	1515	99.2079
rf1	11387	01	1	99.83541061070628	124	-72.0	-28.9	-12.6	117	100.0000	1515	95.1155
rf1	11387	01	2	99.81284593636762	141	-72.0	-36.4	-15.6	117	100.0000	1515	95.7096
rf1	11410	01	1	99.36553445094837	478	-48.2	-45.3	-6.7	117	100.0000	1515	98.6139
rf1	11410	01	2	99.04166500749943	722	-72.0	-42.3	-3.7	117	100.0000	1515	94.5875
rf1	11416	01	1	99.96947132295358	23	-48.2	-36.4	-24.5	117	100.0000	1515	98.2838
rf1	11426	01	1	99.9057593012915	71	-48.2	-36.4	-12.6	117	100.0000	1515	98.2178
rf1	11430	01	1	99.85266594990642	111	-48.2	-36.4	-15.6	117	100.0000	1515	97.2937
rf1	11432	01	1	99.91372330399926	65	-48.2	-33.4	-12.6	117	100.0000	1515	95.1815
rf1	11432	01	2	99.85930261882956	106	-48.2	-33.4	-3.7	117	100.0000	1515	94.6535
rf1	11433	01	1	99.84204727962941	119	-48.2	-24.5	-0.7	117	100.0000	1515	96.6337
rf1	11433	01	2	99.86461195396807	102	-48.2	-24.5	-9.6	117	100.0000	1515	97.0957
rf1	11435	01	1	99.93230597698403	51	-48.2	-27.4	43.8	117	100.0000	1515	97.7558
rf1	11435	01	2	99.92168730670701	59	-48.2	-36.4	43.8	117	100.0000	1515	98.4818
rf1	11439	01	1	99.75444324984404	185	-72.0	-24.5	2.3	117	100.0000	1515	94.6535
rf1	11440	01	1	99.43721047531822	424	-48.2	-42.3	-12.6	117	100.0000	1515	97.6898
rf1	11440	01	2	99.48764915913405	386	-48.2	-45.3	-12.6	117	100.0000	1515	98.2178
rf1	11443	01	1	99.98274466079985	13	-42.3	-18.5	-12.6	117	100.0000	1515	98.2178
rf1	11450	01	1	99.69604056332045	229	-72.0	-39.3	55.7	117	100.0000	1515	94.3894
rf1	11450	01	2	99.74515191335165	192	-72.0	-42.3	55.7	117	100.0000	1515	95.1815
rf1	11451	01	1	99.94159731347642	44	-48.2	-24.5	-15.6	117	100.0000	1515	99.4059
rf1	11451	01	2	99.95221598375343	36	-39.3	-24.5	-18.5	117	100.0000	1515	99.6700
rf1	11461	01	1	99.79028126202897	158	-48.2	-27.4	-12.6	117	100.0000	1515	96.6337
rf1	11461	01	2	99.8911586296606	82	-48.2	-24.5	-6.7	117	100.0000	1515	99.1419
rf1	11462	01	1	99.91770530535314	62	-48.2	-36.4	-12.6	117	100.0000	1515	98.2178
rf1	11472	01	1	92.41959675599622	5711	-57.1	-18.5	52.7	117	100.0000	1515	71.3531
rf1	11472	01	2	99.56596185242702	327	-48.2	-36.4	-12.6	117	100.0000	1515	97.2937
rf1	11492	01	1	99.71727790387449	213	-72.0	-36.4	26.0	117	100.0000	1515	98.8779
rf1	11492	01	2	99.75046124849015	188	-72.0	-34.9	26.0	117	100.0000	1515	98.6799
rf1	11493	01	1	99.84602928098329	116	-48.2	-39.3	-12.6	117	100.0000	1515	95.9736
rf1	11493	01	2	99.8513386161218	112	-48.2	-39.3	-15.6	117	100.0000	1515	95.7096
rf1	11498	01	1	99.93761531212255	47	-48.2	-42.3	-24.5	117	100.0000	1515	98.9439
rf1	11517	01	1	99.9654893215997	26	-48.2	-42.3	-18.5	117	100.0000	1515	98.8119
rf1	11517	01	2	99.96416198781507	27	-48.2	-42.3	-18.5	117	100.0000	1515	98.2178
rf1	11518	01	1	99.83806527827552	122	-48.2	-30.4	2.3	117	100.0000	1515	94.0594
rf1	11518	01	2	99.78098992553657	165	-48.2	-30.4	-0.7	117	100.0000	1515	94.1254
rf1	11523	01	1	99.8566479512603	108	-72.0	-34.9	-12.6	117	100.0000	1515	98.7459
rf1	11523	01	2	99.89912263236836	76	-72.0	-30.4	-12.6	117	100.0000	1515	98.7459
rf1	11526	01	1	99.39340846042555	457	-48.2	-24.5	29.0	117	100.0000	1515	87.3267
rf1	11526	01	2	99.38942645907166	460	-48.2	-27.4	-6.7	117	100.0000	1515	86.7987
rf1	11527	01	1	99.95885265267657	31	-48.2	-33.4	-24.5	117	100.0000	1515	98.7459
rf1	11527	01	2	99.9601799864612	30	-42.3	-30.4	-27.4	117	100.0000	1515	98.2178
rf1	11529	01	1	99.57790785648866	318	-42.3	-24.5	26.0	117	100.0000	1515	90.9571
rf1	11529	01	2	99.07352101833048	698	-48.2	-24.5	40.9	117	100.0000	1515	85.7426
rf1	11530	01	1	99.79824526473672	152	-48.2	-36.4	-12.6	117	100.0000	1515	96.8977
rf1	11530	01	2	99.82744660799851	130	-48.2	-39.3	-12.6	117	100.0000	1515	97.2937
rf1	11532	01	1	99.98008999323059	15	-48.2	-36.4	32.0	117	100.0000	1515	98.3498
rf1	11532	01	2	99.97478065809209	19	-48.2	-33.4	40.9	117	100.0000	1515	98.7459
rf1	11533	01	1	99.93628797833792	48	-48.2	-24.5	-6.7	117	100.0000	1515	95.5116
rf1	11533	01	2	99.9548706513227	34	-48.2	-30.4	-3.7	117	100.0000	1515	96.2376
rf1	11534	01	1	99.74515191335165	192	-72.0	-15.6	14.1	117	100.0000	1515	95.6436
rf1	11534	01	2	99.71196856873598	217	-48.2	-24.5	23.0	117	100.0000	1515	94.1914
rf1	11535	01	1	99.43853780910285	423	-48.2	-27.4	5.2	117	100.0000	1515	90.0990
rf1	11535	01	2	99.64427454572001	268	-48.2	-27.4	5.2	117	100.0000	1515	92.4752
rf1	11536	01	1	99.69205856196658	232	-48.2	-30.4	40.9	117	100.0000	1515	94.3234
rf1	11536	01	2	99.70400456602822	223	-48.2	-30.4	40.9	117	100.0000	1515	94.8515
rf1	11539	01	1	99.88717662830672	85	-48.2	-30.4	-0.7	117	100.0000	1515	97.2937
rf1	11539	01	2	99.91106863643	67	-48.2	-30.4	8.2	117	100.0000	1515	97.6898
rf1	11540	01	1	99.53012384024211	354	-45.3	-30.4	-3.7	117	100.0000	1515	91.1551
rf1	11540	01	2	99.45181114694913	413	-48.2	-30.4	-9.6	117	100.0000	1515	89.9010
rf1	11542	01	1	99.87788529181434	92	-72.0	-66.1	26.0	117	100.0000	1515	99.4059
rf1	11542	01	2	99.94292464726105	43	-72.0	-36.4	-18.5	117	100.0000	1515	99.6040
rf1	11545	01	1	99.64161987815076	270	-48.2	-30.4	-12.6	117	100.0000	1515	96.6337
rf1	11545	01	2	99.60445453218121	298	-48.2	-27.4	-12.6	117	100.0000	1515	97.0957
rf1	11551	01	1	99.58056252405792	316	-45.3	-30.4	-12.6	117	100.0000	1515	96.3696
rf1	11551	01	2	99.5898538605503	309	-45.3	-30.4	-9.6	117	100.0000	1515	98.2838
rf1	11559	01	1	99.97079865673821	22	-48.2	-24.5	-12.6	117	100.0000	1515	97.6238
rf1	11559	01	2	99.9654893215997	26	-48.2	-26.0	-12.6	117	100.0000	1515	97.4257
rf1	11560	01	1	99.9508886499688	37	-72.0	-48.2	34.9	117	100.0000	1515	99.0099
rf1	11560	01	2	99.78497192689045	162	-72.0	-42.3	-18.5	117	100.0000	1515	99.3399
rf1	11563	01	1	99.82611927421388	131	-72.0	-27.4	46.8	117	100.0000	1515	97.2937
rf1	11563	01	2	99.82479194042926	132	-72.0	-27.4	46.8	117	100.0000	1515	97.1617
rf1	11570	01	1	99.75975258498255	181	-39.3	-24.5	70.6	117	100.0000	1515	93.6634
rf1	11570	01	2	99.64958388085851	264	-72.0	-27.4	70.6	117	100.0000	1515	93.2013
rf1	11572	01	1	99.14785171026958	642	-48.2	-21.5	5.2	117	100.0000	1515	80.9901
rf1	11572	01	2	99.02971900343779	731	-48.2	-24.5	2.3	117	100.0000	1515	78.9439
rf1	11579	01	1	99.81151860258299	142	-72.0	-27.4	26.0	117	100.0000	1515	95.5776
rf1	11579	01	2	99.85797528504493	107	-72.0	-27.4	-18.5	117	100.0000	1515	97.2277
rf1	11586	01	1	99.75842525119792	182	-72.0	-30.4	-15.6	117	100.0000	1515	96.2376
rf1	11587	01	1	99.6734758889818	246	-72.0	-27.4	2.3	117	100.0000	1515	92.2772
rf1	11587	01	2	99.56065251728852	331	-72.0	-27.4	-0.7	117	100.0000	1515	89.9010
rf1	11588	01	1	99.42526447125658	433	-48.2	-27.4	52.7	117	100.0000	1515	92.3432
rf1	11588	01	2	99.49428582805719	381	-48.2	-27.4	64.6	117	100.0000	1515	93.2013
rf1	11591	01	1	99.32969643876345	505	-48.2	-27.4	-15.6	117	100.0000	1515	88.8449
rf1	11591	01	2	99.38013512257928	467	-48.2	-27.4	-12.6	117	100.0000	1515	90.6931
rf1	11597	01	1	99.76107991876717	180	-36.4	-24.5	29.0	117	100.0000	1515	90.5611
rf1	11597	01	2	99.74515191335165	192	-42.3	-24.5	34.9	117	100.0000	1515	90.2310
rf1	11598	01	1	99.71727790387449	213	-36.4	-24.5	-6.7	117	100.0000	1515	89.2409
rf1	11598	01	2	99.77037125525956	173	-36.4	-24.5	-3.7	117	100.0000	1515	91.0231
rf1	11599	01	1	99.8712486228912	97	-48.2	-36.4	-18.5	117	100.0000	1515	99.6700
rf1	11599	01	2	99.8659392877527	101	-48.2	-30.4	52.7	117	100.0000	1515	99.7360
rf1	11600	01	1	99.4703938199339	399	-72.0	-27.4	76.5	117	100.0000	1515	90.4950
rf1	11600	01	2	99.25934774817823	558	-72.0	-30.4	76.5	117	100.0000	1515	86.4686
rf1	11606	01	1	99.30314976307092	525	-45.3	-24.5	-9.6	117	100.0000	1515	85.2145
rf1	11606	01	2	99.50092249698031	376	-48.2	-24.5	-9.6	117	100.0000	1515	91.8152
rf1	11614	01	1	99.77568059039807	169	-72.0	-27.4	-0.7	117	100.0000	1515	91.0231
rf1	11614	01	2	99.77568059039807	169	-72.0	-24.5	5.2	117	100.0000	1515	90.8911
rf1	11622	01	1	99.49959516319569	377	-48.2	-21.5	79.5	117	100.0000	1515	89.3729
rf1	11622	01	2	99.52215983753435	360	-48.2	-21.5	76.5	117	100.0000	1515	90.4950
rf1	11623	01	1	99.74913391470552	189	-45.3	-30.4	-9.6	117	100.0000	1515	96.4356
rf1	11625	01	1	99.40269979691793	450	-48.2	-24.5	-9.6	117	100.0000	1515	92.6073
rf1	11625	01	2	99.544724511873	343	-48.2	-24.5	-9.6	117	100.0000	1515	92.8053
rf1	11626	01	1	99.87788529181434	92	-72.0	-30.4	-18.5	117	100.0000	1515	96.7657
rf1	11626	01	2	99.85930261882956	106	-42.3	-27.4	-18.5	117	100.0000	1515	95.8416
rf1	11628	01	1	99.51419583482658	366	-42.3	-27.4	-12.6	117	100.0000	1515	83.6304
rf1	11628	01	2	99.39340846042555	457	-42.3	-24.5	-12.6	117	100.0000	1515	78.8779
rf1	11631	01	1	99.38013512257928	467	-48.2	-27.4	52.7	117	100.0000	1515	91.8152
rf1	11631	01	2	99.31376843334793	517	-48.2	-24.5	-12.6	117	100.0000	1515	92.7393
rf1	11651	01	1	99.8168279377215	138	-42.3	-24.5	26.0	117	100.0000	1515	97.4257
rf1	11651	01	2	99.66816655384329	250	-45.3	-24.5	-12.6	117	100.0000	1515	97.6898
rf1	11660	01	1	99.82744660799851	130	-30.4	-24.5	-15.6	117	100.0000	1515	90.3630
rf1	11660	01	2	99.91505063778388	64	-30.4	-27.4	64.6	117	100.0000	1515	94.9835
rf1	11670	01	1	99.4066817982718	447	-48.2	-24.5	-3.7	117	100.0000	1515	91.5512
rf1	11670	01	2	99.3761531212254	470	-48.2	-24.5	40.9	117	100.0000	1515	88.9109
rf1	11674	01	1	99.55799784971927	333	-72.0	-27.4	52.7	117	100.0000	1515	89.8350
rf1	11679	01	1	99.85930261882956	106	-48.2	-27.4	-12.6	117	100.0000	1515	92.0792
rf1	11679	01	2	99.88319462695284	88	-48.2	-24.5	-15.6	117	100.0000	1515	94.7855
rf1	11681	01	1	99.62303720516599	284	-48.2	-27.4	-12.6	117	100.0000	1515	97.0297
rf1	11681	01	2	99.60843653353508	295	-48.2	-27.4	-15.6	117	100.0000	1515	96.6997
rf1	11692	01	1	99.47835782264166	393	-48.2	-24.5	26.0	117	100.0000	1515	81.9802
rf1	11692	01	2	99.43986514288748	422	-48.2	-24.5	26.0	117	100.0000	1515	78.3498
rf1	11694	01	1	99.66418455248942	253	-48.2	-27.4	-12.6	117	100.0000	1515	98.5479
rf1	11701	01	1	99.76107991876717	180	-48.2	-27.4	43.8	117	100.0000	1515	91.9472
rf1	11701	01	2	99.83806527827552	122	-48.2	-27.4	-12.6	117	100.0000	1515	94.0594
rf1	11703	01	1	99.72524190658226	207	-72.0	-27.4	-12.6	117	100.0000	1515	90.8911
rf1	11703	01	2	99.59516319568883	305	-72.0	-27.4	-15.6	117	100.0000	1515	84.8845
rf1	11705	01	1	99.46242981722614	405	-48.2	-24.5	40.9	117	100.0000	1515	97.8218
rf1	11705	01	2	99.47304848750315	397	-48.2	-24.5	40.9	117	100.0000	1515	95.6436
rf1	11709	01	1	99.52481450510359	358	-48.2	-27.4	-12.6	117	100.0000	1515	89.6370
rf1	11709	01	2	99.44119247667211	421	-48.2	-27.4	-9.6	117	100.0000	1515	86.6667
rf1	11710	01	1	99.7079865673821	220	-48.2	-27.4	76.5	117	100.0000	1515	96.9637
rf1	11710	01	2	99.71595057008986	214	-48.2	-27.4	-12.6	117	100.0000	1515	96.6337
rf1	11714	01	1	99.50888649968807	370	-48.2	-24.5	-15.6	117	100.0000	1515	89.5050
rf1	11714	01	2	99.64958388085851	264	-45.3	-24.5	-15.6	117	100.0000	1515	94.1914
rf1	11719	01	1	88.6021847914095	8587	-72.0	5.2	76.5	117	100.0000	1515	87.6568
rf1	11720	01	1	99.6933858957512	231	-48.2	-30.4	-18.5	117	100.0000	1515	95.3795
rf1	11720	01	2	99.76904392147493	174	-48.2	-27.4	-15.6	117	100.0000	1515	98.9439
rf1	11722	01	1	99.86461195396807	102	-48.2	-27.4	-12.6	117	100.0000	1515	95.9076
rf1	11722	01	2	99.71329590252061	216	-48.2	-27.4	-12.6	117	100.0000	1515	93.2013
rf1	11723	01	1	99.55136118079614	338	-48.2	-27.4	2.3	117	100.0000	1515	90.0330
rf1	11723	01	2	99.57790785648866	318	-48.2	-27.4	2.3	117	100.0000	1515	87.7888
rf1	11736	01	1	99.81417327015224	140	-48.2	-27.4	-18.5	117	100.0000	1515	97.0297
rf1	11736	01	2	99.73055124172076	203	-48.2	-27.4	-18.5	117	100.0000	1515	92.2112
rf1	11744	01	1	99.5646345186424	328	-72.0	-27.4	-12.6	117	100.0000	1515	88.4488
rf1	11744	01	2	99.61772787002748	288	-72.0	-27.4	-12.6	117	100.0000	1515	89.5050
rf1	11746	01	1	99.83275594313702	126	-72.0	-30.4	-3.7	117	100.0000	1515	96.8317
rf1	11746	01	2	99.80886393501373	144	-72.0	-33.4	26.0	117	100.0000	1515	97.0957
rf1	11748	01	1	99.36818911851763	476	-72.0	-27.4	-6.7	117	100.0000	1515	87.9868
rf1	11748	01	2	99.49694049562643	379	-72.0	-30.4	52.7	117	100.0000	1515	93.4653
rf1	11756	01	1	99.5500338470115	339	-48.2	-24.5	-3.7	117	100.0000	1515	81.9802
rf1	11756	01	2	99.5593251835039	332	-36.4	-27.4	-3.7	117	100.0000	1515	81.8482
rf1	11764	01	1	99.24209240897808	571	-48.2	-30.4	-12.6	117	100.0000	1515	97.8218
rf1	11764	01	2	98.42710946521721	1185	-48.2	-30.4	64.6	117	100.0000	1515	90.7591
rf1	11772	01	1	99.35226111310212	488	-39.3	-24.5	5.2	117	100.0000	1515	75.7096
rf1	11773	01	1	99.53808784294986	348	-48.2	-27.4	-12.6	117	100.0000	1515	92.2112
rf1	11773	01	2	99.58587185919643	312	-48.2	-27.4	-12.6	117	100.0000	1515	93.4653
rf1	11774	01	1	99.72125990522837	210	-72.0	-27.4	-18.5	117	100.0000	1515	95.0495
rf1	11774	01	2	99.76904392147493	174	-72.0	-27.4	34.9	117	100.0000	1515	95.5776
rf1	11784	01	1	99.4106637996257	444	-48.2	-27.4	5.2	117	100.0000	1515	98.3498
rf1	11784	01	2	99.34164244282509	496	-48.2	-27.4	-12.6	117	100.0000	1515	98.2178
rf1	11787	01	1	99.69205856196658	232	-48.2	-30.4	-3.7	117	100.0000	1515	95.9736
rf1	11787	01	2	99.62303720516599	284	-48.2	-30.4	-3.7	117	100.0000	1515	94.0594
rf1	11788	01	1	99.3761531212254	470	-72.0	-24.5	8.2	117	100.0000	1515	90.0990
rf1	11788	01	2	99.45446581451837	411	-72.0	-24.5	14.1	117	100.0000	1515	90.4950
rf1	11789	01	1	98.69921289106571	980	-48.2	-24.5	8.2	117	100.0000	1515	74.5215
rf1	11789	01	2	99.1292690372848	656	-48.2	-24.5	-6.7	117	100.0000	1515	79.6700
rf1	11790	01	1	99.59781786325807	303	-42.3	-24.5	52.7	117	100.0000	1515	85.4785
rf1	11790	01	2	99.66418455248942	253	-42.3	-27.4	58.7	117	100.0000	1515	88.3168
rf1	11793	01	1	99.60312719839658	299	-45.3	-24.5	-12.6	117	100.0000	1515	92.1452
rf1	11793	01	2	99.44251981045673	420	-48.2	-27.4	-12.6	117	100.0000	1515	90.4950
rf1	11795	01	1	99.34429711039435	494	-48.2	-27.4	40.9	117	100.0000	1515	89.7030
rf1	11795	01	2	99.36818911851763	476	-48.2	-27.4	40.9	117	100.0000	1515	89.9010
rf1	11815	01	1	99.45446581451837	411	-42.3	-24.5	-0.7	117	100.0000	1515	87.9868
rf1	11815	01	2	99.41331846719494	442	-48.2	-24.5	-3.7	117	100.0000	1515	85.9406
rf1	11822	01	1	99.15847038054659	634	-48.2	-39.3	-6.7	117	100.0000	1515	95.5116
rf1	11822	01	2	99.07883035346899	694	-48.2	-39.3	-6.7	117	100.0000	1515	93.2673
rf1	11823	01	1	99.53145117402673	353	-36.4	-24.5	-12.6	117	100.0000	1515	79.4059
rf1	11823	01	2	99.69471322953584	230	-36.4	-24.5	-12.6	117	100.0000	1515	85.4785
rf1	11824	01	1	98.85849294522093	860	-48.2	-24.5	5.2	117	100.0000	1515	72.6733
rf1	11824	01	2	99.23412840627033	577	-48.2	-24.5	2.3	117	100.0000	1515	82.4422
rf1	11828	01	1	99.29518576036315	531	-42.3	-24.5	76.5	117	100.0000	1515	90.5611
rf1	11828	01	2	98.80009025869735	904	-48.2	-24.5	76.5	117	100.0000	1515	84.4884
rf1	11829	01	1	98.69257622214258	985	-45.3	-24.5	46.8	117	100.0000	1515	72.5413
rf1	11829	01	2	99.08281235482286	691	-42.3	-24.5	-9.6	117	100.0000	1515	79.9340
rf1	11840	01	1	99.78895392824434	159	-45.3	-27.4	5.2	117	100.0000	1515	95.1815
rf1	11840	01	2	99.71993257144374	211	-48.2	-27.4	5.2	117	100.0000	1515	93.2013
rf1	11847	01	1	99.51817783618047	363	-72.0	-24.5	76.5	117	100.0000	1515	77.2277
rf1	11847	01	2	99.30845909820943	521	-72.0	-24.5	76.5	117	100.0000	1515	72.3432
rf1	11853	01	1	98.91955029931377	814	-48.2	-27.4	-12.6	117	100.0000	1515	80.6601
rf1	11853	01	2	99.05892034669958	709	-48.2	-27.4	-3.7	117	100.0000	1515	82.0462
rf1	11854	01	1	99.85399328369105	110	-42.3	-30.4	-3.7	117	100.0000	1515	95.7096
rf1	11854	01	2	99.90177729993762	74	-42.3	-33.4	-6.7	117	100.0000	1515	97.3597
rf1	11861	01	1	98.85318361008243	864	-48.2	-27.4	64.6	117	100.0000	1515	86.0726
rf1	11861	01	2	99.27129375223987	549	-48.2	-27.4	-12.6	117	100.0000	1515	89.7030
rf1	11866	01	1	99.08812168996137	687	-48.2	-24.5	14.1	117	100.0000	1515	75.3795
rf1	11866	01	2	99.0695390169766	701	-48.2	-24.5	26.0	117	100.0000	1515	77.1617
rf1	11867	01	1	99.18236238866987	616	-48.2	-24.5	26.0	117	100.0000	1515	73.6634
rf1	11867	01	2	98.6487742072499	1018	-48.2	-24.5	70.6	117	100.0000	1515	64.9505
rf1	11870	01	1	99.03370100479168	728	-72.0	-27.4	-0.7	117	100.0000	1515	86.2046
rf1	11870	01	2	99.05626567913033	711	-72.0	-27.4	-15.6	117	100.0000	1515	86.6667
rf1	11872	01	1	99.46641181858001	402	-42.3	-23.0	26.0	117	100.0000	1515	86.1386
rf1	11872	01	2	99.4159731347642	440	-48.2	-24.5	26.0	117	100.0000	1515	86.4026
rf1	11876	01	1	99.49163116048793	383	-48.2	-27.4	11.2	117	100.0000	1515	86.2706
rf1	11876	01	2	99.42526447125658	433	-48.2	-27.4	5.2	117	100.0000	1515	83.5644
rf1	11877	01	1	99.31642310091719	515	-72.0	-27.4	-0.7	117	100.0000	1515	92.0132
rf1	11877	01	2	99.14121504134644	647	-72.0	-27.4	5.2	117	100.0000	1515	87.8548
rf1	11881	01	1	98.61293619506498	1045	-48.2	-36.4	58.7	117	100.0000	1515	92.0792
rf1	11881	01	2	98.723104899189	962	-48.2	-36.4	26.0	117	100.0000	1515	95.5116
rf1	11885	01	1	99.544724511873	343	-42.3	-24.5	20.1	117	100.0000	1515	86.1386
rf1	11885	01	2	99.43853780910285	423	-48.2	-24.5	-3.7	117	100.0000	1515	88.6469
rf1	11891	01	1	99.73718791064388	198	-48.2	-27.4	-12.6	117	100.0000	1515	96.6337
rf1	11891	01	2	99.7770079241827	168	-48.2	-27.4	-12.6	117	100.0000	1515	97.2277
rf1	11897	01	1	99.23943774140884	573	-72.0	-24.5	-15.6	117	100.0000	1515	82.6403
rf1	11897	01	2	99.24607441033197	568	-72.0	-24.5	-15.6	117	100.0000	1515	82.8383
rf1	11900	01	1	99.69736789710508	228	-72.0	-27.4	-6.7	117	100.0000	1515	90.9571
rf1	11900	01	2	99.66683922005866	251	-72.0	-27.4	-6.7	117	100.0000	1515	89.6370
rf1	11902	01	1	99.05759301291496	710	-48.2	-24.5	5.2	117	100.0000	1515	82.3762
rf1	11902	01	2	99.22085506842406	587	-72.0	-24.5	8.2	117	100.0000	1515	84.0264
rf1	11909	01	1	99.74913391470552	189	-48.2	-27.4	64.6	117	100.0000	1515	91.9472
rf1	11909	01	2	99.45181114694913	413	-42.3	-24.5	-3.7	117	100.0000	1515	80.6601
rf1	11913	01	1	99.6827672254742	239	-48.2	-27.4	2.3	117	100.0000	1515	93.7954
rf1	11913	01	2	99.3960631279948	455	-48.2	-27.4	70.6	117	100.0000	1515	88.8449
rf1	11914	01	1	99.5792351902733	317	-72.0	-24.5	-12.6	117	100.0000	1515	92.4752
rf1	11914	01	2	99.62038253759673	286	-72.0	-27.4	-12.6	117	100.0000	1515	94.5215
rf1	11920	01	1	99.40933646584106	445	-72.0	-27.4	76.5	117	100.0000	1515	86.2706
rf1	11920	01	2	99.65754788356628	258	-72.0	-57.1	-12.6	117	100.0000	1515	95.2475
rf1	11922	01	1	99.60047253082733	301	-48.2	-27.4	-6.7	117	100.0000	1515	92.2112
rf1	11922	01	2	99.75709791741329	183	-48.2	-27.4	-6.7	117	100.0000	1515	95.9076
rf1	11923	01	1	98.90494962768287	825	-48.2	-21.5	14.1	117	100.0000	1515	97.0957
rf1	11923	01	2	99.23943774140884	573	-45.3	-24.5	-0.7	117	100.0000	1515	96.9637
rf1	11924	01	1	99.53277850781136	352	-48.2	-26.0	23.0	117	100.0000	1515	90.4290
rf1	11924	01	2	99.45181114694913	413	-48.2	-24.5	23.0	117	100.0000	1515	89.6370
rf1	11926	01	1	98.70452222620422	976	-72.0	-24.5	-0.7	117	100.0000	1515	75.7756
rf1	11926	01	2	99.44517447802599	418	-72.0	-24.5	-0.7	117	100.0000	1515	87.1287
rf1	11928	01	1	99.44119247667211	421	-72.0	-27.4	-6.7	117	100.0000	1515	97.4917
rf1	11928	01	2	99.52083250374972	361	-72.0	-27.4	-9.6	117	100.0000	1515	98.2838
rf1	11929	01	1	99.44119247667211	421	-48.2	-27.4	-6.7	117	100.0000	1515	94.5215
rf1	11929	01	2	99.61241853488897	292	-48.2	-27.4	-6.7	117	100.0000	1515	96.4356
rf1	11931	01	1	99.78629926067508	161	-42.3	-27.4	26.0	117	100.0000	1515	98.0858
rf1	11931	01	2	99.3217324360557	511	-48.2	-27.4	58.7	117	100.0000	1515	94.8515
rf1	11935	01	1	99.26598441710136	553	-45.3	-24.5	40.9	117	100.0000	1515	78.2838
rf1	11935	01	2	99.64560187950464	267	-42.3	-24.5	-3.7	117	100.0000	1515	88.3828
rf1	11939	01	1	99.43190114017972	428	-45.3	-24.5	-12.6	117	100.0000	1515	89.3069
rf1	11939	01	2	99.52481450510359	358	-48.2	-27.4	-12.6	117	100.0000	1515	93.9934
rf1	11943	01	1	99.65091121464314	263	-72.0	-27.4	-9.6	117	100.0000	1515	87.7888
rf1	11943	01	2	99.6389652105815	272	-72.0	-27.4	-9.6	117	100.0000	1515	87.1947
rf1	11949	01	1	99.65754788356628	258	-48.2	-27.4	-6.7	117	100.0000	1515	99.6700
rf1	11949	01	2	99.60578186596584	297	-48.2	-24.5	-9.6	117	100.0000	1515	99.2739
rf1	11960	01	1	89.16497431609126	8163	-72.0	-24.5	76.5	117	100.0000	1515	55.4455
rf1	11960	01	2	80.74038678506484	14510	-72.0	-21.5	52.7	117	98.2906	1515	20.2640
rf1	11969	01	1	99.39075379285629	459	-48.2	-24.5	-3.7	117	100.0000	1515	81.1881
rf1	11969	01	2	99.47304848750315	397	-48.2	-24.5	-6.7	117	100.0000	1515	82.7063
rf1	11974	01	1	99.7770079241827	168	-72.0	-26.0	26.0	117	100.0000	1515	98.3498
rf1	11974	01	2	99.71993257144374	211	-72.0	-27.4	26.0	117	100.0000	1515	97.1617
rf1	11976	01	1	99.85266594990642	111	-72.0	-24.5	76.5	117	100.0000	1515	99.0099
rf1	11976	01	2	99.77302592282881	171	-72.0	-21.5	76.5	117	100.0000	1515	99.2739
rf1	11982	01	1	99.49694049562643	379	-48.2	-27.4	-18.5	117	100.0000	1515	93.0033
rf1	11982	01	2	99.74647924713628	191	-42.3	-27.4	-21.5	117	100.0000	1515	94.6535
rf1	11984	01	1	99.48897649291868	385	-48.2	-33.4	14.1	117	100.0000	1515	97.1617
rf1	11984	01	2	99.47172115371852	398	-48.2	-33.4	26.0	117	100.0000	1515	96.6997
rf1	12008	01	1	99.53808784294986	348	-48.2	-26.0	-9.6	117	100.0000	1515	89.7030
rf1	12008	01	2	99.544724511873	343	-72.0	-27.4	-6.7	117	100.0000	1515	92.1452
rf1	12011	01	1	99.72656924036687	206	-72.0	-27.4	-12.6	117	100.0000	1515	96.3696
rf1	12011	01	2	99.79559059716748	154	-72.0	-27.4	58.7	117	100.0000	1515	98.3498
rf1	12013	01	1	99.73453324307464	200	-48.2	-40.8	-18.5	117	100.0000	1515	96.8317
rf1	12013	01	2	99.73984257821314	196	-48.2	-39.3	-24.5	117	100.0000	1515	97.1617
rf1	12018	01	1	99.95221598375343	36	-36.4	-27.4	-15.6	117	100.0000	1515	97.4257
rf1	12018	01	2	99.98672666215373	10	-36.4	-24.5	-6.7	117	100.0000	1515	99.0099
rf1	12020	01	1	99.17307105217749	623	-48.2	-27.4	2.3	117	100.0000	1515	85.2145
rf1	12020	01	2	99.13192370485406	654	-48.2	-27.4	2.3	117	100.0000	1515	85.2805
rf1	12021	01	1	99.78364459310583	163	-72.0	-27.4	-0.7	117	100.0000	1515	93.8614
rf1	12021	01	2	99.73984257821314	196	-72.0	-27.4	-0.7	117	100.0000	1515	94.1254
rf1	12031	01	1	99.53543317538062	350	-72.0	-24.5	-3.7	117	100.0000	1515	83.7624
rf1	12031	01	2	99.84337461341404	118	-72.0	-27.4	-3.7	117	100.0000	1515	94.7195
rf1	12032	01	1	99.53145117402673	353	-48.2	-24.5	29.0	117	100.0000	1515	87.1947
rf1	12032	01	2	99.43721047531822	424	-48.2	-24.5	29.0	117	100.0000	1515	84.1584
rf1	12033	01	1	99.9256693080609	56	-48.2	-27.4	-18.5	117	100.0000	1515	97.5578
rf1	12033	01	2	99.90708663507613	70	-48.2	-30.4	-15.6	117	100.0000	1515	97.1617
rf1	12036	01	1	99.50888649968807	370	-72.0	-27.4	-3.7	117	100.0000	1515	84.8185
rf1	12036	01	2	99.5593251835039	332	-48.2	-24.5	-9.6	117	100.0000	1515	81.9802
rf1	12037	01	1	99.47437582128778	396	-48.2	-30.4	-12.6	117	100.0000	1515	92.6733
rf1	12037	01	2	99.38278979014852	465	-48.2	-30.4	-6.7	117	100.0000	1515	90.0990
rf1	12038	01	1	99.31111376577869	519	-48.2	-24.5	-3.7	117	100.0000	1515	90.3630
rf1	12038	01	2	99.38677179150241	462	-48.2	-24.5	-3.7	117	100.0000	1515	90.5611
rf1	12039	01	1	99.51154116725733	368	-48.2	-27.4	14.1	117	100.0000	1515	80.7261
rf1	12039	01	2	99.60976386731971	294	-42.3	-24.5	-9.6	117	100.0000	1515	83.6964
rf1	12041	01	1	99.40402713070256	449	-72.0	-24.5	20.1	117	100.0000	1515	83.8944
rf1	12047	01	1	99.36818911851763	476	-45.3	-24.5	5.2	117	100.0000	1515	75.8416
rf1	12047	01	2	99.41464580097957	441	-42.3	-24.5	5.2	117	100.0000	1515	78.4158
rf1	12049	01	1	99.60445453218121	298	-72.0	-27.4	29.0	117	100.0000	1515	92.1452
rf1	12049	01	2	99.63763787679687	273	-48.2	-24.5	29.0	117	100.0000	1515	92.6733
rf1	12051	01	1	99.73320590929	201	-42.3	-27.4	-6.7	117	100.0000	1515	93.8614
rf1	12051	01	2	99.75709791741329	183	-42.3	-27.4	-6.7	117	100.0000	1515	95.8416
rf1	12054	01	1	98.74434223974303	946	-48.2	-33.4	40.9	117	100.0000	1515	80.6601
rf1	12054	01	2	98.66337487888079	1007	-48.2	-30.4	52.7	117	100.0000	1515	79.1419
rf1	12055	01	1	99.81815527150613	137	-48.2	-30.4	5.2	117	100.0000	1515	95.0495
rf1	12055	01	2	99.78629926067508	161	-48.2	-27.4	2.3	117	100.0000	1515	95.1155
rf1	12057	01	1	99.34562444417898	493	-48.2	-27.4	40.9	117	100.0000	1515	83.5644
rf1	12057	01	2	99.40800913205643	446	-48.2	-27.4	61.7	117	100.0000	1515	84.2244
