pending_as	dataset	frozen_subjects	retained_runs	retained_subjects	fixed_effects	l1_passthrough	subjects_runs_removed	subjects_removed	retained_ratings_eligible
fail	ds003745	47	82	43	39	4	1	4	30
fail	rf1	346	581	315	266	49	22	31	260
fail	all	393	663	358	305	53	23	35	290
retain	ds003745	47	82	43	39	4	1	4	30
retain	rf1	346	581	315	266	49	22	31	260
retain	all	393	663	358	305	53	23	35	290
exclude	ds003745	47	82	43	39	4	1	4	30
exclude	rf1	346	581	315	266	49	22	31	260
exclude	all	393	663	358	305	53	23	35	290
