sub,path,ones,age_demeaned,study_demeaned,flip_demeaned,tsnr_demeaned,fd_mean_demeaned,gender_M_demeaned,gender_F_demeaned,Fwin_minus_Floss_minus_Swin_minus_Sloss_z_demeaned,age_x_Fwin_minus_Floss_minus_Swin_minus_Sloss_z_demeaned,mpfc
104,/gpfs/scratch/tug87422/smithlab-shared/sharedreward-aging/derivatives/fsl/sub-104/L2_task-sharedreward_model-1_type-REPLACEME_sm-5.gfeat/copeCOPENUM.feat/stats/cope1.nii.gz,1,-24.86805556,-0.895833333,-0.777777778,42.73415199,-0.101049902,0.607638889,-0.590277778,-1.021795522,25.41006782,21.86
107,/gpfs/scratch/tug87422/smithlab-shared/sharedreward-aging/derivatives/fsl/sub-107/L2_task-sharedreward_model-1_type-REPLACEME_sm-5.gfeat/copeCOPENUM.feat/stats/cope1.nii.gz,1,-21.86805556,-0.895833333,-0.777777778,49.04111907,-0.09417266,0.607638889,-0.590277778,-0.277587115,6.07029045,-26.23
108,/gpfs/scratch/tug87422/smithlab-shared/sharedreward-aging/derivatives/fsl/sub-108/L2_task-sharedreward_model-1_type-REPLACEME_sm-5.gfeat/copeCOPENUM.feat/stats/cope1.nii.gz,1,-23.86805556,-0.895833333,-0.777777778,17.279939,-0.031102023,-0.392361111,0.409722222,-0.175146741,4.180412142,-12.85
111,/gpfs/scratch/tug87422/smithlab-shared/sharedreward-aging/derivatives/fsl/sub-111/L1_task-sharedreward_model-1_type-REPLACEME_run-02_sm-5.feat/stats/copeCOPENUM.nii.gz,1,35.13194444,-0.895833333,-0.777777778,2.066307542,0.173027983,0.607638889,-0.590277778,-1.021795522,-35.89766353,-69.63
112,/gpfs/scratch/tug87422/smithlab-shared/sharedreward-aging/derivatives/fsl/sub-112/L2_task-sharedreward_model-1_type-REPLACEME_sm-5.gfeat/copeCOPENUM.feat/stats/cope1.nii.gz,1,-21.86805556,-0.895833333,-0.777777778,42.58870848,-0.056051272,-0.392361111,0.409722222,-1.021795522,22.34468125,88.78
113,/gpfs/scratch/tug87422/smithlab-shared/sharedreward-aging/derivatives/fsl/sub-113/L2_task-sharedreward_model-1_type-REPLACEME_sm-5.gfeat/copeCOPENUM.feat/stats/cope1.nii.gz,1,-10.86805556,-0.895833333,-0.777777778,30.57778455,-0.033918959,-0.392361111,0.409722222,-1.021795522,11.1049305,-41.52
115,/gpfs/scratch/tug87422/smithlab-shared/sharedreward-aging/derivatives/fsl/sub-115/L2_task-sharedreward_model-1_type-REPLACEME_sm-5.gfeat/copeCOPENUM.feat/stats/cope1.nii.gz,1,-23.86805556,-0.895833333,-0.777777778,50.4925899,-0.036621891,-0.392361111,0.409722222,-0.261156693,6.233302461,-31.21
116,/gpfs/scratch/tug87422/smithlab-shared/sharedreward-aging/derivatives/fsl/sub-116/L2_task-sharedreward_model-1_type-REPLACEME_sm-5.gfeat/copeCOPENUM.feat/stats/cope1.nii.gz,1,-19.86805556,-0.895833333,-0.777777778,3.366876349,0.107977176,-0.392361111,0.409722222,1.233142562,-24.50014492,-19.04
117,/gpfs/scratch/tug87422/smithlab-shared/sharedreward-aging/derivatives/fsl/sub-117/L2_task-sharedreward_model-1_type-REPLACEME_sm-5.gfeat/copeCOPENUM.feat/stats/cope1.nii.gz,1,-24.86805556,-0.895833333,-0.777777778,40.79426436,-0.040872005,-0.392361111,0.409722222,-0.717583446,17.84490501,-46.04
121,/gpfs/scratch/tug87422/smithlab-shared/sharedreward-aging/derivatives/fsl/sub-121/L2_task-sharedreward_model-1_type-REPLACEME_sm-5.gfeat/copeCOPENUM.feat/stats/cope1.nii.gz,1,-24.86805556,-0.895833333,-0.777777778,55.60774692,-0.076421436,-0.392361111,0.409722222,0.787272545,-19.57793739,20.17
122,/gpfs/scratch/tug87422/smithlab-shared/sharedreward-aging/derivatives/fsl/sub-122/L2_task-sharedreward_model-1_type-REPLACEME_sm-5.gfeat/copeCOPENUM.feat/stats/cope1.nii.gz,1,-24.86805556,-0.895833333,-0.777777778,59.29853252,-0.043630058,-0.392361111,0.409722222,0.238456553,-5.929950813,-4.25
124,/gpfs/scratch/tug87422/smithlab-shared/sharedreward-aging/derivatives/fsl/sub-124/L2_task-sharedreward_model-1_type-REPLACEME_sm-5.gfeat/copeCOPENUM.feat/stats/cope1.nii.gz,1,-24.86805556,-0.895833333,-0.777777778,33.16490865,-0.011433464,0.607638889,-0.590277778,-0.172323002,4.28533798,0.85
125,/gpfs/scratch/tug87422/smithlab-shared/sharedreward-aging/derivatives/fsl/sub-125/L2_task-sharedreward_model-1_type-REPLACEME_sm-5.gfeat/copeCOPENUM.feat/stats/cope1.nii.gz,1,-23.86805556,-0.895833333,-0.777777778,57.12379928,-0.076729431,-0.392361111,0.409722222,-1.705558981,40.70837652,34.06
128,/gpfs/scratch/tug87422/smithlab-shared/sharedreward-aging/derivatives/fsl/sub-128/L2_task-sharedreward_model-1_type-REPLACEME_sm-5.gfeat/copeCOPENUM.feat/stats/cope1.nii.gz,1,18.13194444,-0.895833333,-0.777777778,26.60003299,0.138238406,0.607638889,-0.590277778,1.099524821,19.93652297,50.65
136,/gpfs/scratch/tug87422/smithlab-shared/sharedreward-aging/derivatives/fsl/sub-136/L2_task-sharedreward_model-1_type-REPLACEME_sm-5.gfeat/copeCOPENUM.feat/stats/cope1.nii.gz,1,20.13194444,-0.895833333,-0.777777778,31.40705871,-0.009792686,-0.392361111,0.409722222,-0.632053641,-12.72446879,-54.36
137,/gpfs/scratch/tug87422/smithlab-shared/sharedreward-aging/derivatives/fsl/sub-137/L2_task-sharedreward_model-1_type-REPLACEME_sm-5.gfeat/copeCOPENUM.feat/stats/cope1.nii.gz,1,27.13194444,-0.895833333,-0.777777778,34.81616759,0.080194037,0.607638889,-0.590277778,-0.06779743,-1.839476115,44.13
141,/gpfs/scratch/tug87422/smithlab-shared/sharedreward-aging/derivatives/fsl/sub-141/L2_task-sharedreward_model-1_type-REPLACEME_sm-5.gfeat/copeCOPENUM.feat/stats/cope1.nii.gz,1,31.13194444,-0.895833333,-0.777777778,45.39878642,-0.006129489,-0.392361111,0.409722222,-1.021795522,-31.81048144,-23.34
142,/gpfs/scratch/tug87422/smithlab-shared/sharedreward-aging/derivatives/fsl/sub-142/L2_task-sharedreward_model-1_type-REPLACEME_sm-5.gfeat/copeCOPENUM.feat/stats/cope1.nii.gz,1,25.13194444,-0.895833333,-0.777777778,26.2834635,0.092931016,-0.392361111,0.409722222,1.52219939,38.25583049,30.89
144,/gpfs/scratch/tug87422/smithlab-shared/sharedreward-aging/derivatives/fsl/sub-144/L2_task-sharedreward_model-1_type-REPLACEME_sm-5.gfeat/copeCOPENUM.feat/stats/cope1.nii.gz,1,27.13194444,-0.895833333,-0.777777778,0.919259449,0.19471639,0.607638889,-0.590277778,-0.491465437,-13.33441292,6.45
147,/gpfs/scratch/tug87422/smithlab-shared/sharedreward-aging/derivatives/fsl/sub-147/L2_task-sharedreward_model-1_type-REPLACEME_sm-5.gfeat/copeCOPENUM.feat/stats/cope1.nii.gz,1,20.13194444,-0.895833333,-0.777777778,23.26427529,0.038961561,-0.392361111,0.409722222,-1.490316808,-30.00297518,-21.54
149,/gpfs/scratch/tug87422/smithlab-shared/sharedreward-aging/derivatives/fsl/sub-149/L1_task-sharedreward_model-1_type-REPLACEME_run-02_sm-5.feat/stats/copeCOPENUM.nii.gz,1,21.13194444,-0.895833333,-0.777777778,10.88234752,0.127681893,0.607638889,-0.590277778,-3.705077095,-78.29548334,-76.96
150,/gpfs/scratch/tug87422/smithlab-shared/sharedreward-aging/derivatives/fsl/sub-150/L2_task-sharedreward_model-1_type-REPLACEME_sm-5.gfeat/copeCOPENUM.feat/stats/cope1.nii.gz,1,-21.86805556,-0.895833333,-0.777777778,12.00417163,0.022916553,-0.392361111,0.409722222,2.442306093,-53.40848532,-44.62
151,/gpfs/scratch/tug87422/smithlab-shared/sharedreward-aging/derivatives/fsl/sub-151/L2_task-sharedreward_model-1_type-REPLACEME_sm-5.gfeat/copeCOPENUM.feat/stats/cope1.nii.gz,1,20.13194444,-0.895833333,-0.777777778,21.44217748,0.163324942,-0.392361111,0.409722222,-2.331102864,-46.92963335,-21.73
153,/gpfs/scratch/tug87422/smithlab-shared/sharedreward-aging/derivatives/fsl/sub-153/L2_task-sharedreward_model-1_type-REPLACEME_sm-5.gfeat/copeCOPENUM.feat/stats/cope1.nii.gz,1,-15.86805556,-0.895833333,-0.777777778,13.03889957,0.095805721,0.607638889,-0.590277778,-0.007610417,0.120762516,21.18
154,/gpfs/scratch/tug87422/smithlab-shared/sharedreward-aging/derivatives/fsl/sub-154/L2_task-sharedreward_model-1_type-REPLACEME_sm-5.gfeat/copeCOPENUM.feat/stats/cope1.nii.gz,1,22.13194444,-0.895833333,-0.777777778,18.53988633,0.066577473,-0.392361111,0.409722222,-0.554696156,-12.27650451,4.00
155,/gpfs/scratch/tug87422/smithlab-shared/sharedreward-aging/derivatives/fsl/sub-155/L2_task-sharedreward_model-1_type-REPLACEME_sm-5.gfeat/copeCOPENUM.feat/stats/cope1.nii.gz,1,-14.86805556,-0.895833333,-0.777777778,34.7590335,-0.078960683,0.607638889,-0.590277778,1.661486051,-24.7030669,-21.01
156,/gpfs/scratch/tug87422/smithlab-shared/sharedreward-aging/derivatives/fsl/sub-156/L2_task-sharedreward_model-1_type-REPLACEME_sm-5.gfeat/copeCOPENUM.feat/stats/cope1.nii.gz,1,-14.86805556,-0.895833333,-0.777777778,2.828286618,0.051667029,-0.392361111,0.409722222,-1.021795522,15.19211259,-10.57
157,/gpfs/scratch/tug87422/smithlab-shared/sharedreward-aging/derivatives/fsl/sub-157/L2_task-sharedreward_model-1_type-REPLACEME_sm-5.gfeat/copeCOPENUM.feat/stats/cope1.nii.gz,1,-19.86805556,-0.895833333,-0.777777778,8.884555718,-0.020257896,0.607638889,-0.590277778,-1.021795522,20.30109021,5.33
158,/gpfs/scratch/tug87422/smithlab-shared/sharedreward-aging/derivatives/fsl/sub-158/L2_task-sharedreward_model-1_type-REPLACEME_sm-5.gfeat/copeCOPENUM.feat/stats/cope1.nii.gz,1,-18.86805556,-0.895833333,-0.777777778,15.98044639,-0.011626669,0.607638889,-0.590277778,1.320810906,-24.92113355,-30.82
159,/gpfs/scratch/tug87422/smithlab-shared/sharedreward-aging/derivatives/fsl/sub-159/L2_task-sharedreward_model-1_type-REPLACEME_sm-5.gfeat/copeCOPENUM.feat/stats/cope1.nii.gz,1,-20.86805556,-0.895833333,-0.777777778,44.61363333,-0.081358623,-0.392361111,0.409722222,-0.183451943,3.828285345,24.58
10317,/gpfs/scratch/tug87422/smithlab-shared/sharedreward-aging/derivatives/fsl/sub-10317/L2_task-sharedreward_model-1_type-REPLACEME_sm-5.gfeat/copeCOPENUM.feat/stats/cope1.nii.gz,1,18.13194444,0.104166667,-0.777777778,-16.89813889,0.008964801,-0.392361111,0.409722222,-0.247198853,-4.482195873,144.65
10369,/gpfs/scratch/tug87422/smithlab-shared/sharedreward-aging/derivatives/fsl/sub-10369/L2_task-sharedreward_model-1_type-REPLACEME_sm-5.gfeat/copeCOPENUM.feat/stats/cope1.nii.gz,1,-12.86805556,0.104166667,-0.777777778,-15.92249806,-0.058188211,0.607638889,-0.590277778,0.026649346,-0.342925259,-323.20
10402,/gpfs/scratch/tug87422/smithlab-shared/sharedreward-aging/derivatives/fsl/sub-10402/L2_task-sharedreward_model-1_type-REPLACEME_sm-5.gfeat/copeCOPENUM.feat/stats/cope1.nii.gz,1,-8.868055556,0.104166667,-0.777777778,-15.5367465,0.007955688,0.607638889,-0.590277778,-1.021795522,9.061339459,313.64
10462,/gpfs/scratch/tug87422/smithlab-shared/sharedreward-aging/derivatives/fsl/sub-10462/L1_task-sharedreward_model-1_type-REPLACEME_run-1_sm-5.feat/stats/copeCOPENUM.nii.gz,1,17.13194444,0.104166667,-0.777777778,-16.05914234,-0.036672176,0.607638889,-0.590277778,-1.021795522,-17.50534412,34.41
10486,/gpfs/scratch/tug87422/smithlab-shared/sharedreward-aging/derivatives/fsl/sub-10486/L2_task-sharedreward_model-1_type-REPLACEME_sm-5.gfeat/copeCOPENUM.feat/stats/cope1.nii.gz,1,-2.868055556,0.104166667,-0.777777778,-15.38186503,-0.025423595,-0.392361111,0.409722222,-0.267196268,0.76633374,-181.96
10529,/gpfs/scratch/tug87422/smithlab-shared/sharedreward-aging/derivatives/fsl/sub-10529/L2_task-sharedreward_model-1_type-REPLACEME_sm-5.gfeat/copeCOPENUM.feat/stats/cope1.nii.gz,1,22.13194444,0.104166667,-0.777777778,-14.88840783,0.015844131,0.607638889,-0.590277778,-0.801380015,-17.73609797,-505.50
10541,/gpfs/scratch/tug87422/smithlab-shared/sharedreward-aging/derivatives/fsl/sub-10541/L2_task-sharedreward_model-1_type-REPLACEME_sm-5.gfeat/copeCOPENUM.feat/stats/cope1.nii.gz,1,24.13194444,0.104166667,-0.777777778,-19.82310437,0.156619593,0.607638889,-0.590277778,0.061677155,1.488389686,373.99
10559,/gpfs/scratch/tug87422/smithlab-shared/sharedreward-aging/derivatives/fsl/sub-10559/L2_task-sharedreward_model-1_type-REPLACEME_sm-5.gfeat/copeCOPENUM.feat/stats/cope1.nii.gz,1,-16.86805556,0.104166667,-0.777777778,-19.22302684,0.058309964,0.607638889,-0.590277778,0.675260752,-11.39033589,-498.93
10572,/gpfs/scratch/tug87422/smithlab-shared/sharedreward-aging/derivatives/fsl/sub-10572/L2_task-sharedreward_model-1_type-REPLACEME_sm-5.gfeat/copeCOPENUM.feat/stats/cope1.nii.gz,1,25.13194444,0.104166667,-0.777777778,-20.12642739,0.124433554,-0.392361111,0.409722222,-1.021795522,-25.6797083,-358.99
10584,/gpfs/scratch/tug87422/smithlab-shared/sharedreward-aging/derivatives/fsl/sub-10584/L1_task-sharedreward_model-1_type-REPLACEME_run-1_sm-5.feat/stats/copeCOPENUM.nii.gz,1,4.131944444,0.104166667,-0.777777778,-16.06669082,-0.061645705,-0.392361111,0.409722222,-1.021795522,-4.222002332,196.42
10585,/gpfs/scratch/tug87422/smithlab-shared/sharedreward-aging/derivatives/fsl/sub-10585/L2_task-sharedreward_model-1_type-REPLACEME_sm-5.gfeat/copeCOPENUM.feat/stats/cope1.nii.gz,1,18.13194444,0.104166667,-0.777777778,-18.4496682,0.068224176,-0.392361111,0.409722222,-1.021795522,-18.52713965,-75.77
10589,/gpfs/scratch/tug87422/smithlab-shared/sharedreward-aging/derivatives/fsl/sub-10589/L2_task-sharedreward_model-1_type-REPLACEME_sm-5.gfeat/copeCOPENUM.feat/stats/cope1.nii.gz,1,-10.86805556,0.104166667,-0.777777778,-16.38697366,-0.062538627,0.607638889,-0.590277778,0.373176143,-4.055699049,160.71
10590,/gpfs/scratch/tug87422/smithlab-shared/sharedreward-aging/derivatives/fsl/sub-10590/L2_task-sharedreward_model-1_type-REPLACEME_sm-5.gfeat/copeCOPENUM.feat/stats/cope1.nii.gz,1,11.13194444,0.104166667,-0.777777778,-13.28595028,-0.038536873,-0.392361111,0.409722222,0.214267364,2.385212391,24.73
10596,/gpfs/scratch/tug87422/smithlab-shared/sharedreward-aging/derivatives/fsl/sub-10596/L2_task-sharedreward_model-1_type-REPLACEME_sm-5.gfeat/copeCOPENUM.feat/stats/cope1.nii.gz,1,-17.86805556,0.104166667,-0.777777778,-14.93474613,0.073588837,-0.392361111,0.409722222,0.730823191,-13.05838938,-257.00
10603,/gpfs/scratch/tug87422/smithlab-shared/sharedreward-aging/derivatives/fsl/sub-10603/L1_task-sharedreward_model-1_type-REPLACEME_run-1_sm-5.feat/stats/copeCOPENUM.nii.gz,1,24.13194444,0.104166667,-0.777777778,-15.68079932,0.029640649,-0.392361111,0.409722222,-1.021795522,-24.65791278,104.18
10608,/gpfs/scratch/tug87422/smithlab-shared/sharedreward-aging/derivatives/fsl/sub-10608/L1_task-sharedreward_model-1_type-REPLACEME_run-1_sm-5.feat/stats/copeCOPENUM.nii.gz,1,-15.86805556,0.104166667,-0.777777778,-11.69830899,-0.044574996,-0.392361111,0.409722222,1.42769422,-22.65473121,-535.82
10617,/gpfs/scratch/tug87422/smithlab-shared/sharedreward-aging/derivatives/fsl/sub-10617/L1_task-sharedreward_model-1_type-REPLACEME_run-1_sm-5.feat/stats/copeCOPENUM.nii.gz,1,28.13194444,0.104166667,-0.777777778,-16.68207364,0.042366922,-0.392361111,0.409722222,-1.021795522,-28.74509487,-23.04
10636,/gpfs/scratch/tug87422/smithlab-shared/sharedreward-aging/derivatives/fsl/sub-10636/L2_task-sharedreward_model-1_type-REPLACEME_sm-5.gfeat/copeCOPENUM.feat/stats/cope1.nii.gz,1,-17.86805556,0.104166667,-0.777777778,-16.23648824,-0.030828177,-0.392361111,0.409722222,0.886200662,-15.83468265,-120.59
10638,/gpfs/scratch/tug87422/smithlab-shared/sharedreward-aging/derivatives/fsl/sub-10638/L2_task-sharedreward_model-1_type-REPLACEME_sm-5.gfeat/copeCOPENUM.feat/stats/cope1.nii.gz,1,27.13194444,0.104166667,-0.777777778,-13.98143193,0.00102864,-0.392361111,0.409722222,-0.535131259,-14.51915159,36.37
10640,/gpfs/scratch/tug87422/smithlab-shared/sharedreward-aging/derivatives/fsl/sub-10640/L2_task-sharedreward_model-1_type-REPLACEME_sm-5.gfeat/copeCOPENUM.feat/stats/cope1.nii.gz,1,-13.86805556,0.104166667,0.222222222,-2.582780754,-0.088288904,-0.392361111,0.409722222,0.319845264,-4.435631891,6.12
10641,/gpfs/scratch/tug87422/smithlab-shared/sharedreward-aging/derivatives/fsl/sub-10641/L1_task-sharedreward_model-1_type-REPLACEME_run-1_sm-5.feat/stats/copeCOPENUM.nii.gz,1,-0.868055556,0.104166667,-0.777777778,-15.98253318,0.038120837,-0.392361111,0.409722222,-0.747934244,0.649248475,26.83
10642,/gpfs/scratch/tug87422/smithlab-shared/sharedreward-aging/derivatives/fsl/sub-10642/L2_task-sharedreward_model-1_type-REPLACEME_sm-5.gfeat/copeCOPENUM.feat/stats/cope1.nii.gz,1,-12.86805556,0.104166667,0.222222222,-0.339579112,0.068946886,-0.392361111,0.409722222,1.62453014,-20.9045441,-178.26
10644,/gpfs/scratch/tug87422/smithlab-shared/sharedreward-aging/derivatives/fsl/sub-10644/L2_task-sharedreward_model-1_type-REPLACEME_sm-5.gfeat/copeCOPENUM.feat/stats/cope1.nii.gz,1,24.13194444,0.104166667,-0.777777778,-20.02474573,0.007666802,-0.392361111,0.409722222,2.442306093,58.93759495,-122.35
10647,/gpfs/scratch/tug87422/smithlab-shared/sharedreward-aging/derivatives/fsl/sub-10647/L2_task-sharedreward_model-1_type-REPLACEME_sm-5.gfeat/copeCOPENUM.feat/stats/cope1.nii.gz,1,-20.86805556,0.104166667,0.222222222,2.467280087,-0.076099093,-0.392361111,0.409722222,-0.299480404,6.249573706,63.16
10649,/gpfs/scratch/tug87422/smithlab-shared/sharedreward-aging/derivatives/fsl/sub-10649/L2_task-sharedreward_model-1_type-REPLACEME_sm-5.gfeat/copeCOPENUM.feat/stats/cope1.nii.gz,1,18.13194444,0.104166667,-0.777777778,-18.74854734,0.05568577,-0.392361111,0.409722222,-1.021795522,-18.52713965,512.95
10652,/gpfs/scratch/tug87422/smithlab-shared/sharedreward-aging/derivatives/fsl/sub-10652/L2_task-sharedreward_model-1_type-REPLACEME_sm-5.gfeat/copeCOPENUM.feat/stats/cope1.nii.gz,1,25.13194444,0.104166667,-0.777777778,-13.55699517,-0.005263368,-0.392361111,0.409722222,1.31370131,33.01586834,140.13
10656,/gpfs/scratch/tug87422/smithlab-shared/sharedreward-aging/derivatives/fsl/sub-10656/L2_task-sharedreward_model-1_type-REPLACEME_sm-5.gfeat/copeCOPENUM.feat/stats/cope1.nii.gz,1,-23.86805556,0.104166667,-0.777777778,-16.59397673,-0.05981944,0.607638889,-0.590277778,0.202949349,-4.844006336,99.43
10657,/gpfs/scratch/tug87422/smithlab-shared/sharedreward-aging/derivatives/fsl/sub-10657/L2_task-sharedreward_model-1_type-REPLACEME_sm-5.gfeat/copeCOPENUM.feat/stats/cope1.nii.gz,1,14.13194444,0.104166667,-0.777777778,-18.4770238,0.108608239,0.607638889,-0.590277778,-0.485139208,-6.855960333,139.60
10661,/gpfs/scratch/tug87422/smithlab-shared/sharedreward-aging/derivatives/fsl/sub-10661/L2_task-sharedreward_model-1_type-REPLACEME_sm-5.gfeat/copeCOPENUM.feat/stats/cope1.nii.gz,1,5.131944444,0.104166667,-0.777777778,-14.59745969,-0.085695999,0.607638889,-0.590277778,-1.021795522,-5.243797855,129.18
10663,/gpfs/scratch/tug87422/smithlab-shared/sharedreward-aging/derivatives/fsl/sub-10663/L2_task-sharedreward_model-1_type-REPLACEME_sm-5.gfeat/copeCOPENUM.feat/stats/cope1.nii.gz,1,-22.86805556,0.104166667,-0.777777778,-13.74275765,-0.006631307,-0.392361111,0.409722222,-0.151732682,3.469831408,-283.34
10668,/gpfs/scratch/tug87422/smithlab-shared/sharedreward-aging/derivatives/fsl/sub-10668/L1_task-sharedreward_model-1_type-REPLACEME_run-1_sm-5.feat/stats/copeCOPENUM.nii.gz,1,-7.868055556,0.104166667,0.222222222,-4.332377999,-0.100412175,-0.392361111,0.409722222,-1.021795522,8.039543937,-32.72
10673,/gpfs/scratch/tug87422/smithlab-shared/sharedreward-aging/derivatives/fsl/sub-10673/L2_task-sharedreward_model-1_type-REPLACEME_sm-5.gfeat/copeCOPENUM.feat/stats/cope1.nii.gz,1,3.131944444,0.104166667,-0.777777778,-15.27666339,0.134705421,-0.392361111,0.409722222,1.450694629,4.543494983,137.17
10674,/gpfs/scratch/tug87422/smithlab-shared/sharedreward-aging/derivatives/fsl/sub-10674/L2_task-sharedreward_model-1_type-REPLACEME_sm-5.gfeat/copeCOPENUM.feat/stats/cope1.nii.gz,1,-11.86805556,0.104166667,-0.777777778,-15.10397195,-0.061660136,0.607638889,-0.590277778,-0.649691319,7.710572664,45.92
10677,/gpfs/scratch/tug87422/smithlab-shared/sharedreward-aging/derivatives/fsl/sub-10677/L2_task-sharedreward_model-1_type-REPLACEME_sm-5.gfeat/copeCOPENUM.feat/stats/cope1.nii.gz,1,-11.86805556,0.104166667,-0.777777778,-19.71859218,0.030105626,-0.392361111,0.409722222,2.442306093,-28.98542439,170.80
10685,/gpfs/scratch/tug87422/smithlab-shared/sharedreward-aging/derivatives/fsl/sub-10685/L2_task-sharedreward_model-1_type-REPLACEME_sm-5.gfeat/copeCOPENUM.feat/stats/cope1.nii.gz,1,-10.86805556,0.104166667,0.222222222,-9.498301121,-0.054648117,0.607638889,-0.590277778,1.661486051,-18.0571227,-140.64
10690,/gpfs/scratch/tug87422/smithlab-shared/sharedreward-aging/derivatives/fsl/sub-10690/L2_task-sharedreward_model-1_type-REPLACEME_sm-5.gfeat/copeCOPENUM.feat/stats/cope1.nii.gz,1,11.13194444,0.104166667,0.222222222,-5.033241335,0.060075413,-0.392361111,0.409722222,-1.021795522,-11.37457099,63.28
10691,/gpfs/scratch/tug87422/smithlab-shared/sharedreward-aging/derivatives/fsl/sub-10691/L2_task-sharedreward_model-1_type-REPLACEME_sm-5.gfeat/copeCOPENUM.feat/stats/cope1.nii.gz,1,13.13194444,0.104166667,-0.777777778,-14.14522017,-0.030807425,-0.392361111,0.409722222,-0.441753629,-5.801084114,-72.05
10701,/gpfs/scratch/tug87422/smithlab-shared/sharedreward-aging/derivatives/fsl/sub-10701/L2_task-sharedreward_model-1_type-REPLACEME_sm-5.gfeat/copeCOPENUM.feat/stats/cope1.nii.gz,1,-17.86805556,0.104166667,-0.777777778,-15.11909729,-0.106627426,0.607638889,-0.590277778,-0.509180928,9.098073106,556.19
10713,/gpfs/scratch/tug87422/smithlab-shared/sharedreward-aging/derivatives/fsl/sub-10713/L2_task-sharedreward_model-1_type-REPLACEME_sm-5.gfeat/copeCOPENUM.feat/stats/cope1.nii.gz,1,26.13194444,0.104166667,0.222222222,-10.00982003,0.170421448,-0.392361111,0.409722222,0.433418228,11.32606105,60.98
10716,/gpfs/scratch/tug87422/smithlab-shared/sharedreward-aging/derivatives/fsl/sub-10716/L2_task-sharedreward_model-1_type-REPLACEME_sm-5.gfeat/copeCOPENUM.feat/stats/cope1.nii.gz,1,24.13194444,0.104166667,0.222222222,-1.086231503,-0.010411579,0.607638889,-0.590277778,2.442306093,58.93759495,6.75
10718,/gpfs/scratch/tug87422/smithlab-shared/sharedreward-aging/derivatives/fsl/sub-10718/L2_task-sharedreward_model-1_type-REPLACEME_sm-5.gfeat/copeCOPENUM.feat/stats/cope1.nii.gz,1,-16.86805556,0.104166667,0.222222222,-9.176034917,0.074418502,-0.392361111,-0.590277778,2.794196846,-47.13266762,-258.60
10720,/gpfs/scratch/tug87422/smithlab-shared/sharedreward-aging/derivatives/fsl/sub-10720/L2_task-sharedreward_model-1_type-REPLACEME_sm-5.gfeat/copeCOPENUM.feat/stats/cope1.nii.gz,1,-11.86805556,0.104166667,0.222222222,6.066932517,-0.074964861,-0.392361111,0.409722222,2.407207907,-28.56887717,-430.97
10723,/gpfs/scratch/tug87422/smithlab-shared/sharedreward-aging/derivatives/fsl/sub-10723/L2_task-sharedreward_model-1_type-REPLACEME_sm-5.gfeat/copeCOPENUM.feat/stats/cope1.nii.gz,1,-23.86805556,0.104166667,-0.777777778,-17.96252953,-0.053960405,0.607638889,-0.590277778,-1.760344468,42.01599957,-123.26
10741,/gpfs/scratch/tug87422/smithlab-shared/sharedreward-aging/derivatives/fsl/sub-10741/L2_task-sharedreward_model-1_type-REPLACEME_sm-5.gfeat/copeCOPENUM.feat/stats/cope1.nii.gz,1,-8.868055556,0.104166667,-0.777777778,-17.7732933,0.024230981,-0.392361111,0.409722222,-0.197632139,1.752612786,-170.97
10748,/gpfs/scratch/tug87422/smithlab-shared/sharedreward-aging/derivatives/fsl/sub-10748/L2_task-sharedreward_model-1_type-REPLACEME_sm-5.gfeat/copeCOPENUM.feat/stats/cope1.nii.gz,1,-11.86805556,0.104166667,0.222222222,0.941298224,-0.081729555,-0.392361111,0.409722222,-1.021795522,12.12672603,79.84
10767,/gpfs/scratch/tug87422/smithlab-shared/sharedreward-aging/derivatives/fsl/sub-10767/L2_task-sharedreward_model-1_type-REPLACEME_sm-5.gfeat/copeCOPENUM.feat/stats/cope1.nii.gz,1,-19.86805556,0.104166667,0.222222222,-0.812825917,-0.085094567,-0.392361111,0.409722222,-0.554696156,11.02073404,19.74
10770,/gpfs/scratch/tug87422/smithlab-shared/sharedreward-aging/derivatives/fsl/sub-10770/L2_task-sharedreward_model-1_type-REPLACEME_sm-5.gfeat/copeCOPENUM.feat/stats/cope1.nii.gz,1,19.13194444,0.104166667,0.222222222,-11.19081117,0.054327768,0.607638889,-0.590277778,2.442306093,46.72606448,-67.45
10777,/gpfs/scratch/tug87422/smithlab-shared/sharedreward-aging/derivatives/fsl/sub-10777/L2_task-sharedreward_model-1_type-REPLACEME_sm-5.gfeat/copeCOPENUM.feat/stats/cope1.nii.gz,1,-6.868055556,0.104166667,0.222222222,-2.605168536,-0.042075043,0.607638889,-0.590277778,-0.684801949,4.703257828,304.81
10781,/gpfs/scratch/tug87422/smithlab-shared/sharedreward-aging/derivatives/fsl/sub-10781/L2_task-sharedreward_model-1_type-REPLACEME_sm-5.gfeat/copeCOPENUM.feat/stats/cope1.nii.gz,1,-7.868055556,0.104166667,0.222222222,-4.365239008,-0.085509357,0.607638889,-0.590277778,-0.007610417,0.059879182,-262.94
10783,/gpfs/scratch/tug87422/smithlab-shared/sharedreward-aging/derivatives/fsl/sub-10783/L2_task-sharedreward_model-1_type-REPLACEME_sm-5.gfeat/copeCOPENUM.feat/stats/cope1.nii.gz,1,6.131944444,0.104166667,0.222222222,-3.729641118,0.136626195,-0.392361111,0.409722222,-0.45798634,-2.80834679,460.91
10785,/gpfs/scratch/tug87422/smithlab-shared/sharedreward-aging/derivatives/fsl/sub-10785/L2_task-sharedreward_model-1_type-REPLACEME_sm-5.gfeat/copeCOPENUM.feat/stats/cope1.nii.gz,1,16.13194444,0.104166667,0.222222222,-3.717011082,0.020017629,-0.392361111,0.409722222,-0.051300564,-0.827577842,-195.39
10794,/gpfs/scratch/tug87422/smithlab-shared/sharedreward-aging/derivatives/fsl/sub-10794/L2_task-sharedreward_model-1_type-REPLACEME_sm-5.gfeat/copeCOPENUM.feat/stats/cope1.nii.gz,1,-5.868055556,0.104166667,0.222222222,-3.27356582,-0.120280971,0.607638889,-0.590277778,2.397021771,-14.06585692,-268.94
10800,/gpfs/scratch/tug87422/smithlab-shared/sharedreward-aging/derivatives/fsl/sub-10800/L2_task-sharedreward_model-1_type-REPLACEME_sm-5.gfeat/copeCOPENUM.feat/stats/cope1.nii.gz,1,-18.86805556,0.104166667,0.222222222,-11.78559272,-0.002498777,-0.392361111,0.409722222,-0.422544119,7.972585914,267.38
10801,/gpfs/scratch/tug87422/smithlab-shared/sharedreward-aging/derivatives/fsl/sub-10801/L2_task-sharedreward_model-1_type-REPLACEME_sm-5.gfeat/copeCOPENUM.feat/stats/cope1.nii.gz,1,-10.86805556,0.104166667,0.222222222,-4.479213696,-0.00116322,-0.392361111,0.409722222,-0.479136764,5.207284975,448.07
10802,/gpfs/scratch/tug87422/smithlab-shared/sharedreward-aging/derivatives/fsl/sub-10802/L2_task-sharedreward_model-1_type-REPLACEME_sm-5.gfeat/copeCOPENUM.feat/stats/cope1.nii.gz,1,-2.868055556,0.104166667,0.222222222,-7.568427147,-0.042321859,-0.392361111,0.409722222,-0.244313939,0.700705951,-116.03
10804,/gpfs/scratch/tug87422/smithlab-shared/sharedreward-aging/derivatives/fsl/sub-10804/L2_task-sharedreward_model-1_type-REPLACEME_sm-5.gfeat/copeCOPENUM.feat/stats/cope1.nii.gz,1,-19.86805556,0.104166667,0.222222222,2.864879092,-0.051107534,-0.392361111,0.409722222,-3.279525607,65.15779695,-83.11
10806,/gpfs/scratch/tug87422/smithlab-shared/sharedreward-aging/derivatives/fsl/sub-10806/L2_task-sharedreward_model-1_type-REPLACEME_sm-5.gfeat/copeCOPENUM.feat/stats/cope1.nii.gz,1,-17.86805556,0.104166667,0.222222222,-17.8532342,0.142769697,0.607638889,-0.590277778,0.516048261,-9.220779005,-58.78
10809,/gpfs/scratch/tug87422/smithlab-shared/sharedreward-aging/derivatives/fsl/sub-10809/L1_task-sharedreward_model-1_type-REPLACEME_run-2_sm-5.feat/stats/copeCOPENUM.nii.gz,1,23.13194444,0.104166667,0.222222222,2.677028078,-0.096236309,0.607638889,-0.590277778,-0.117261489,-2.712486242,85.32
10812,/gpfs/scratch/tug87422/smithlab-shared/sharedreward-aging/derivatives/fsl/sub-10812/L2_task-sharedreward_model-1_type-REPLACEME_sm-5.gfeat/copeCOPENUM.feat/stats/cope1.nii.gz,1,17.13194444,0.104166667,0.222222222,-7.929929898,-0.017675537,0.607638889,-0.590277778,-1.021795522,-17.50534412,140.28
10831,/gpfs/scratch/tug87422/smithlab-shared/sharedreward-aging/derivatives/fsl/sub-10831/L2_task-sharedreward_model-1_type-REPLACEME_sm-5.gfeat/copeCOPENUM.feat/stats/cope1.nii.gz,1,-19.86805556,0.104166667,0.222222222,-9.638902867,0.12880152,-0.392361111,0.409722222,1.661486051,-33.01049716,-38.91
10843,/gpfs/scratch/tug87422/smithlab-shared/sharedreward-aging/derivatives/fsl/sub-10843/L2_task-sharedreward_model-1_type-REPLACEME_sm-5.gfeat/copeCOPENUM.feat/stats/cope1.nii.gz,1,-17.86805556,0.104166667,0.222222222,5.310079352,-0.060080632,0.607638889,-0.590277778,-1.021795522,18.25749916,140.40
10850,/gpfs/scratch/tug87422/smithlab-shared/sharedreward-aging/derivatives/fsl/sub-10850/L2_task-sharedreward_model-1_type-REPLACEME_sm-5.gfeat/copeCOPENUM.feat/stats/cope1.nii.gz,1,-12.86805556,0.104166667,0.222222222,2.592607275,-0.095551404,-0.392361111,-0.590277778,0.138288264,-1.779501069,-34.35
10854,/gpfs/scratch/tug87422/smithlab-shared/sharedreward-aging/derivatives/fsl/sub-10854/L2_task-sharedreward_model-1_type-REPLACEME_sm-5.gfeat/copeCOPENUM.feat/stats/cope1.nii.gz,1,1.131944444,0.104166667,0.222222222,-4.108278844,-0.04394002,-0.392361111,0.409722222,-1.021795522,-1.156615765,173.99
10857,/gpfs/scratch/tug87422/smithlab-shared/sharedreward-aging/derivatives/fsl/sub-10857/L2_task-sharedreward_model-1_type-REPLACEME_sm-5.gfeat/copeCOPENUM.feat/stats/cope1.nii.gz,1,-22.86805556,0.104166667,0.222222222,-7.108387201,0.009134762,0.607638889,-0.590277778,0.433418228,-9.911432112,-206.57
10858,/gpfs/scratch/tug87422/smithlab-shared/sharedreward-aging/derivatives/fsl/sub-10858/L2_task-sharedreward_model-1_type-REPLACEME_sm-5.gfeat/copeCOPENUM.feat/stats/cope1.nii.gz,1,35.13194444,0.104166667,0.222222222,-14.74393652,0.061411787,0.607638889,-0.590277778,1.883405226,66.16768776,3.17
10862,/gpfs/scratch/tug87422/smithlab-shared/sharedreward-aging/derivatives/fsl/sub-10862/L2_task-sharedreward_model-1_type-REPLACEME_sm-5.gfeat/copeCOPENUM.feat/stats/cope1.nii.gz,1,15.13194444,0.104166667,0.222222222,-8.480901345,-0.009699545,0.607638889,-0.590277778,-0.269834735,-4.083124216,130.14
10863,/gpfs/scratch/tug87422/smithlab-shared/sharedreward-aging/derivatives/fsl/sub-10863/L2_task-sharedreward_model-1_type-REPLACEME_sm-5.gfeat/copeCOPENUM.feat/stats/cope1.nii.gz,1,-2.868055556,0.104166667,0.222222222,-5.297922915,-0.039493641,0.607638889,-0.590277778,-1.021795522,2.930566325,218.48
10875,/gpfs/scratch/tug87422/smithlab-shared/sharedreward-aging/derivatives/fsl/sub-10875/L2_task-sharedreward_model-1_type-REPLACEME_sm-5.gfeat/copeCOPENUM.feat/stats/cope1.nii.gz,1,-12.86805556,0.104166667,0.222222222,-9.594554049,-0.027805123,0.607638889,-0.590277778,2.247900043,-28.92610264,488.63
10887,/gpfs/scratch/tug87422/smithlab-shared/sharedreward-aging/derivatives/fsl/sub-10887/L2_task-sharedreward_model-1_type-REPLACEME_sm-5.gfeat/copeCOPENUM.feat/stats/cope1.nii.gz,1,-9.868055556,0.104166667,0.222222222,-19.33230909,0.116746187,-0.392361111,0.409722222,-1.021795522,10.08313498,-212.63
10896,/gpfs/scratch/tug87422/smithlab-shared/sharedreward-aging/derivatives/fsl/sub-10896/L2_task-sharedreward_model-1_type-REPLACEME_sm-5.gfeat/copeCOPENUM.feat/stats/cope1.nii.gz,1,-16.86805556,0.104166667,0.222222222,-3.530368021,0.006242934,-0.392361111,0.409722222,-1.021795522,17.23570364,-35.99
10897,/gpfs/scratch/tug87422/smithlab-shared/sharedreward-aging/derivatives/fsl/sub-10897/L1_task-sharedreward_model-1_type-REPLACEME_run-1_sm-5.feat/stats/copeCOPENUM.nii.gz,1,-13.86805556,0.104166667,0.222222222,-9.558483235,-0.027875915,-0.392361111,0.409722222,0.931038142,-12.91168868,-81.94
10898,/gpfs/scratch/tug87422/smithlab-shared/sharedreward-aging/derivatives/fsl/sub-10898/L2_task-sharedreward_model-1_type-REPLACEME_sm-5.gfeat/copeCOPENUM.feat/stats/cope1.nii.gz,1,16.13194444,0.104166667,0.222222222,-11.59841202,0.099957937,-0.392361111,0.409722222,0.523283085,8.441573663,-216.34
10908,/gpfs/scratch/tug87422/smithlab-shared/sharedreward-aging/derivatives/fsl/sub-10908/L2_task-sharedreward_model-1_type-REPLACEME_sm-5.gfeat/copeCOPENUM.feat/stats/cope1.nii.gz,1,-2.868055556,0.104166667,0.222222222,-17.94099334,0.124583241,-0.392361111,0.409722222,-1.610143928,4.617982237,412.32
10918,/gpfs/scratch/tug87422/smithlab-shared/sharedreward-aging/derivatives/fsl/sub-10918/L2_task-sharedreward_model-1_type-REPLACEME_sm-5.gfeat/copeCOPENUM.feat/stats/cope1.nii.gz,1,-20.86805556,0.104166667,0.222222222,-3.758234051,-0.065438905,-0.392361111,-0.590277778,2.397021771,-50.02118349,-119.33
10919,/gpfs/scratch/tug87422/smithlab-shared/sharedreward-aging/derivatives/fsl/sub-10919/L2_task-sharedreward_model-1_type-REPLACEME_sm-5.gfeat/copeCOPENUM.feat/stats/cope1.nii.gz,1,4.131944444,0.104166667,0.222222222,-15.71139909,0.082597063,-0.392361111,0.409722222,0.024433226,0.100956734,-179.35
10924,/gpfs/scratch/tug87422/smithlab-shared/sharedreward-aging/derivatives/fsl/sub-10924/L2_task-sharedreward_model-1_type-REPLACEME_sm-5.gfeat/copeCOPENUM.feat/stats/cope1.nii.gz,1,-12.86805556,0.104166667,0.222222222,4.146014434,-0.033803878,-0.392361111,0.409722222,-1.021795522,13.14852155,125.60
10928,/gpfs/scratch/tug87422/smithlab-shared/sharedreward-aging/derivatives/fsl/sub-10928/L2_task-sharedreward_model-1_type-REPLACEME_sm-5.gfeat/copeCOPENUM.feat/stats/cope1.nii.gz,1,10.13194444,0.104166667,0.222222222,-4.808316404,0.057471574,-0.392361111,0.409722222,0.034745565,0.352040136,306.19
10929,/gpfs/scratch/tug87422/smithlab-shared/sharedreward-aging/derivatives/fsl/sub-10929/L2_task-sharedreward_model-1_type-REPLACEME_sm-5.gfeat/copeCOPENUM.feat/stats/cope1.nii.gz,1,-2.868055556,0.104166667,0.222222222,-2.783430624,-0.008107269,-0.392361111,0.409722222,-0.533926146,1.531329848,7.52
10930,/gpfs/scratch/tug87422/smithlab-shared/sharedreward-aging/derivatives/fsl/sub-10930/L2_task-sharedreward_model-1_type-REPLACEME_sm-5.gfeat/copeCOPENUM.feat/stats/cope1.nii.gz,1,4.131944444,0.104166667,0.222222222,-3.366477292,-0.077651074,-0.392361111,0.409722222,-0.541411061,-2.237080426,133.44
10950,/gpfs/scratch/tug87422/smithlab-shared/sharedreward-aging/derivatives/fsl/sub-10950/L2_task-sharedreward_model-1_type-REPLACEME_sm-5.gfeat/copeCOPENUM.feat/stats/cope1.nii.gz,1,-20.86805556,0.104166667,0.222222222,-15.28226099,0.183784322,-0.392361111,0.409722222,2.397021771,-50.02118349,73.71
10951,/gpfs/scratch/tug87422/smithlab-shared/sharedreward-aging/derivatives/fsl/sub-10951/L2_task-sharedreward_model-1_type-REPLACEME_sm-5.gfeat/copeCOPENUM.feat/stats/cope1.nii.gz,1,-23.86805556,0.104166667,0.222222222,-11.63466358,0.094559707,0.607638889,-0.590277778,1.252631994,-29.89789003,-286.74
10952,/gpfs/scratch/tug87422/smithlab-shared/sharedreward-aging/derivatives/fsl/sub-10952/L2_task-sharedreward_model-1_type-REPLACEME_sm-5.gfeat/copeCOPENUM.feat/stats/cope1.nii.gz,1,-12.86805556,0.104166667,0.222222222,-10.8391108,-0.022778199,0.607638889,-0.590277778,-1.021795522,13.14852155,-7.06
10953,/gpfs/scratch/tug87422/smithlab-shared/sharedreward-aging/derivatives/fsl/sub-10953/L1_task-sharedreward_model-1_type-REPLACEME_run-1_sm-5.feat/stats/copeCOPENUM.nii.gz,1,17.13194444,0.104166667,0.222222222,-9.782367101,0.195799561,-0.392361111,0.409722222,-1.021795522,-17.50534412,-331.04
10956,/gpfs/scratch/tug87422/smithlab-shared/sharedreward-aging/derivatives/fsl/sub-10956/L2_task-sharedreward_model-1_type-REPLACEME_sm-5.gfeat/copeCOPENUM.feat/stats/cope1.nii.gz,1,-16.86805556,0.104166667,0.222222222,4.767143173,-0.095107353,-0.392361111,0.409722222,-1.021795522,17.23570364,121.74
10958,/gpfs/scratch/tug87422/smithlab-shared/sharedreward-aging/derivatives/fsl/sub-10958/L2_task-sharedreward_model-1_type-REPLACEME_sm-5.gfeat/copeCOPENUM.feat/stats/cope1.nii.gz,1,-10.86805556,0.104166667,0.222222222,-10.21324637,0.054628609,-0.392361111,0.409722222,-0.155770119,1.692918303,133.69
10961,/gpfs/scratch/tug87422/smithlab-shared/sharedreward-aging/derivatives/fsl/sub-10961/L2_task-sharedreward_model-1_type-REPLACEME_sm-5.gfeat/copeCOPENUM.feat/stats/cope1.nii.gz,1,-21.86805556,0.104166667,0.222222222,0.707266964,-0.041472327,-0.392361111,0.409722222,-0.772873578,16.90124235,-2.24
10964,/gpfs/scratch/tug87422/smithlab-shared/sharedreward-aging/derivatives/fsl/sub-10964/L2_task-sharedreward_model-1_type-REPLACEME_sm-5.gfeat/copeCOPENUM.feat/stats/cope1.nii.gz,1,15.13194444,0.104166667,0.222222222,-9.273168487,0.081414807,-0.392361111,0.409722222,-1.748068562,-26.45167636,-106.55
10966,/gpfs/scratch/tug87422/smithlab-shared/sharedreward-aging/derivatives/fsl/sub-10966/L2_task-sharedreward_model-1_type-REPLACEME_sm-5.gfeat/copeCOPENUM.feat/stats/cope1.nii.gz,1,-10.86805556,0.104166667,0.222222222,-7.062044521,-0.045736316,-0.392361111,0.409722222,1.450694629,-15.76622982,-302.11
10969,/gpfs/scratch/tug87422/smithlab-shared/sharedreward-aging/derivatives/fsl/sub-10969/L2_task-sharedreward_model-1_type-REPLACEME_sm-5.gfeat/copeCOPENUM.feat/stats/cope1.nii.gz,1,-18.86805556,0.104166667,0.222222222,3.858889553,-0.122728383,-0.392361111,0.409722222,2.442306093,-46.08156704,-39.79
10974,/gpfs/scratch/tug87422/smithlab-shared/sharedreward-aging/derivatives/fsl/sub-10974/L1_task-sharedreward_model-1_type-REPLACEME_run-2_sm-5.feat/stats/copeCOPENUM.nii.gz,1,35.13194444,0.104166667,0.222222222,-5.947811863,0.143376968,-0.392361111,0.409722222,0.695999481,24.45181508,-451.32
10979,/gpfs/scratch/tug87422/smithlab-shared/sharedreward-aging/derivatives/fsl/sub-10979/L2_task-sharedreward_model-1_type-REPLACEME_sm-5.gfeat/copeCOPENUM.feat/stats/cope1.nii.gz,1,-12.86805556,0.104166667,0.222222222,4.066347348,-0.066421937,-0.392361111,0.409722222,1.841644412,-23.6983826,-166.90
10983,/gpfs/scratch/tug87422/smithlab-shared/sharedreward-aging/derivatives/fsl/sub-10983/L2_task-sharedreward_model-1_type-REPLACEME_sm-5.gfeat/copeCOPENUM.feat/stats/cope1.nii.gz,1,-20.86805556,0.104166667,0.222222222,-9.518859036,0.138944026,-0.392361111,0.409722222,-0.360214107,7.516967991,6.01
10984,/gpfs/scratch/tug87422/smithlab-shared/sharedreward-aging/derivatives/fsl/sub-10984/L2_task-sharedreward_model-1_type-REPLACEME_sm-5.gfeat/copeCOPENUM.feat/stats/cope1.nii.gz,1,7.131944444,0.104166667,0.222222222,-8.970340322,0.043817437,0.607638889,-0.590277778,-4.36431161,-31.12602794,359.96
10998,/gpfs/scratch/tug87422/smithlab-shared/sharedreward-aging/derivatives/fsl/sub-10998/L2_task-sharedreward_model-1_type-REPLACEME_sm-5.gfeat/copeCOPENUM.feat/stats/cope1.nii.gz,1,-23.86805556,0.104166667,0.222222222,2.253792094,-0.071583518,-0.392361111,0.409722222,2.026207526,-48.36163379,-26.57
11007,/gpfs/scratch/tug87422/smithlab-shared/sharedreward-aging/derivatives/fsl/sub-11007/L1_task-sharedreward_model-1_type-REPLACEME_run-1_sm-5.feat/stats/copeCOPENUM.nii.gz,1,1.131944444,0.104166667,0.222222222,-12.0602457,0.035759344,-0.392361111,0.409722222,1.691806579,1.915031058,108.23
11012,/gpfs/scratch/tug87422/smithlab-shared/sharedreward-aging/derivatives/fsl/sub-11012/L1_task-sharedreward_model-1_type-REPLACEME_run-2_sm-5.feat/stats/copeCOPENUM.nii.gz,1,13.13194444,0.104166667,0.222222222,-2.631804643,-0.039959127,-0.392361111,0.409722222,-0.371004149,-4.872005873,423.95
11016,/gpfs/scratch/tug87422/smithlab-shared/sharedreward-aging/derivatives/fsl/sub-11016/L2_task-sharedreward_model-1_type-REPLACEME_sm-5.gfeat/copeCOPENUM.feat/stats/cope1.nii.gz,1,-22.86805556,0.104166667,0.222222222,1.784160584,-0.080039445,-0.392361111,0.409722222,-0.350975129,8.026118752,-81.37
11021,/gpfs/scratch/tug87422/smithlab-shared/sharedreward-aging/derivatives/fsl/sub-11021/L2_task-sharedreward_model-1_type-REPLACEME_sm-5.gfeat/copeCOPENUM.feat/stats/cope1.nii.gz,1,-19.86805556,0.104166667,0.222222222,-1.916205883,-0.04443034,-0.392361111,0.409722222,0.142375478,-2.828723902,175.80
11030,/gpfs/scratch/tug87422/smithlab-shared/sharedreward-aging/derivatives/fsl/sub-11030/L2_task-sharedreward_model-1_type-REPLACEME_sm-5.gfeat/copeCOPENUM.feat/stats/cope1.nii.gz,1,-21.86805556,0.104166667,0.222222222,-6.60046323,-0.066922752,-0.392361111,0.409722222,0.003433667,-0.075087617,-123.26
11031,/gpfs/scratch/tug87422/smithlab-shared/sharedreward-aging/derivatives/fsl/sub-11031/L2_task-sharedreward_model-1_type-REPLACEME_sm-5.gfeat/copeCOPENUM.feat/stats/cope1.nii.gz,1,-21.86805556,0.104166667,0.222222222,2.542383774,-0.046670545,-0.392361111,0.409722222,-0.515155125,11.2654409,-1.84
11036,/gpfs/scratch/tug87422/smithlab-shared/sharedreward-aging/derivatives/fsl/sub-11036/L2_task-sharedreward_model-1_type-REPLACEME_sm-5.gfeat/copeCOPENUM.feat/stats/cope1.nii.gz,1,-22.86805556,0.104166667,0.222222222,-0.292807304,-0.100454544,-0.392361111,0.409722222,-1.760344468,40.2556551,282.37
11039,/gpfs/scratch/tug87422/smithlab-shared/sharedreward-aging/derivatives/fsl/sub-11039/L2_task-sharedreward_model-1_type-REPLACEME_sm-5.gfeat/copeCOPENUM.feat/stats/cope1.nii.gz,1,-4.868055556,0.104166667,0.222222222,2.245866925,0.062707231,-0.392361111,0.409722222,-0.798961117,3.889387102,213.36
11042,/gpfs/scratch/tug87422/smithlab-shared/sharedreward-aging/derivatives/fsl/sub-11042/L2_task-sharedreward_model-1_type-REPLACEME_sm-5.gfeat/copeCOPENUM.feat/stats/cope1.nii.gz,1,-15.86805556,0.104166667,0.222222222,-6.911744342,0.108505085,-0.392361111,0.409722222,2.418978544,-38.38448592,-65.48
11053,/gpfs/scratch/tug87422/smithlab-shared/sharedreward-aging/derivatives/fsl/sub-11053/L2_task-sharedreward_model-1_type-REPLACEME_sm-5.gfeat/copeCOPENUM.feat/stats/cope1.nii.gz,1,-14.86805556,0.104166667,0.222222222,-11.7758165,-0.050907982,-0.392361111,0.409722222,0.509135567,-7.569855893,202.32
11058,/gpfs/scratch/tug87422/smithlab-shared/sharedreward-aging/derivatives/fsl/sub-11058/L2_task-sharedreward_model-1_type-REPLACEME_sm-5.gfeat/copeCOPENUM.feat/stats/cope1.nii.gz,1,-6.868055556,0.104166667,0.222222222,-11.64505757,0.144035463,-0.392361111,0.409722222,-0.808054372,5.549762322,96.62
11060,/gpfs/scratch/tug87422/smithlab-shared/sharedreward-aging/derivatives/fsl/sub-11060/L2_task-sharedreward_model-1_type-REPLACEME_sm-5.gfeat/copeCOPENUM.feat/stats/cope1.nii.gz,1,-15.86805556,0.104166667,0.222222222,3.192682744,-0.111932974,-0.392361111,0.409722222,2.372317027,-37.64405838,-61.07
11063,/gpfs/scratch/tug87422/smithlab-shared/sharedreward-aging/derivatives/fsl/sub-11063/L2_task-sharedreward_model-1_type-REPLACEME_sm-5.gfeat/copeCOPENUM.feat/stats/cope1.nii.gz,1,-23.86805556,0.104166667,0.222222222,3.374787233,-0.090156382,-0.392361111,0.409722222,0.229290962,-5.472729418,-272.81
11065,/gpfs/scratch/tug87422/smithlab-shared/sharedreward-aging/derivatives/fsl/sub-11065/L2_task-sharedreward_model-1_type-REPLACEME_sm-5.gfeat/copeCOPENUM.feat/stats/cope1.nii.gz,1,-23.86805556,0.104166667,0.222222222,0.414058764,-0.01190862,-0.392361111,0.409722222,1.45033025,-34.61656299,-123.43
11066,/gpfs/scratch/tug87422/smithlab-shared/sharedreward-aging/derivatives/fsl/sub-11066/L2_task-sharedreward_model-1_type-REPLACEME_sm-5.gfeat/copeCOPENUM.feat/stats/cope1.nii.gz,1,-22.86805556,0.104166667,0.222222222,-5.584339938,-0.00035017,0.607638889,-0.590277778,-0.385796794,8.822422528,-168.80
11068,/gpfs/scratch/tug87422/smithlab-shared/sharedreward-aging/derivatives/fsl/sub-11068/L2_task-sharedreward_model-1_type-REPLACEME_sm-5.gfeat/copeCOPENUM.feat/stats/cope1.nii.gz,1,-1.868055556,0.104166667,0.222222222,-2.585662383,-0.040763337,-0.392361111,0.409722222,-3.021795522,5.644881913,-71.29
11072,/gpfs/scratch/tug87422/smithlab-shared/sharedreward-aging/derivatives/fsl/sub-11072/L2_task-sharedreward_model-1_type-REPLACEME_sm-5.gfeat/copeCOPENUM.feat/stats/cope1.nii.gz,1,-19.86805556,0.104166667,0.222222222,-10.99565251,-0.035961992,0.607638889,-0.590277778,1.661486051,-33.01049716,89.11
11074,/gpfs/scratch/tug87422/smithlab-shared/sharedreward-aging/derivatives/fsl/sub-11074/L2_task-sharedreward_model-1_type-REPLACEME_sm-5.gfeat/copeCOPENUM.feat/stats/cope1.nii.gz,1,-3.868055556,0.104166667,0.222222222,-1.633218191,-0.027419688,0.607638889,-0.590277778,1.661486051,-6.426720348,125.46
11075,/gpfs/scratch/tug87422/smithlab-shared/sharedreward-aging/derivatives/fsl/sub-11075/L2_task-sharedreward_model-1_type-REPLACEME_sm-5.gfeat/copeCOPENUM.feat/stats/cope1.nii.gz,1,32.13194444,0.104166667,0.222222222,-2.765490491,-0.073333145,0.607638889,-0.590277778,0.633486241,20.35514471,-43.98
11076,/gpfs/scratch/tug87422/smithlab-shared/sharedreward-aging/derivatives/fsl/sub-11076/L1_task-sharedreward_model-1_type-REPLACEME_run-1_sm-5.feat/stats/copeCOPENUM.nii.gz,1,28.13194444,0.104166667,0.222222222,-4.310976112,0.067850657,-0.392361111,0.409722222,-1.3411433,-37.7289688,209.28
11078,/gpfs/scratch/tug87422/smithlab-shared/sharedreward-aging/derivatives/fsl/sub-11078/L2_task-sharedreward_model-1_type-REPLACEME_sm-5.gfeat/copeCOPENUM.feat/stats/cope1.nii.gz,1,27.13194444,0.104166667,0.222222222,-2.079924024,0.068263152,-0.392361111,0.409722222,0.728584376,19.7679108,46.41
11083,/gpfs/scratch/tug87422/smithlab-shared/sharedreward-aging/derivatives/fsl/sub-11083/L2_task-sharedreward_model-1_type-REPLACEME_sm-5.gfeat/copeCOPENUM.feat/stats/cope1.nii.gz,1,23.13194444,0.104166667,0.222222222,-1.345445882,0.021412068,-0.392361111,0.409722222,1.52378889,35.24819995,113.73
11084,/gpfs/scratch/tug87422/smithlab-shared/sharedreward-aging/derivatives/fsl/sub-11084/L2_task-sharedreward_model-1_type-REPLACEME_sm-5.gfeat/copeCOPENUM.feat/stats/cope1.nii.gz,1,23.13194444,0.104166667,0.222222222,5.162911981,-0.062596816,-0.392361111,0.409722222,2.442306093,56.49528885,293.68
11090,/gpfs/scratch/tug87422/smithlab-shared/sharedreward-aging/derivatives/fsl/sub-11090/L1_task-sharedreward_model-1_type-REPLACEME_run-1_sm-5.feat/stats/copeCOPENUM.nii.gz,1,24.13194444,0.104166667,0.222222222,-21.58352276,0.239380757,0.607638889,-0.590277778,-1.326007598,-31.9991417,-303.35
11110,/gpfs/scratch/tug87422/smithlab-shared/sharedreward-aging/derivatives/fsl/sub-11110/L2_task-sharedreward_model-1_type-REPLACEME_sm-5.gfeat/copeCOPENUM.feat/stats/cope1.nii.gz,1,21.13194444,0.104166667,0.222222222,-3.079353424,-0.001349499,-0.392361111,0.409722222,2.372317027,50.13167163,87.88
11113,/gpfs/scratch/tug87422/smithlab-shared/sharedreward-aging/derivatives/fsl/sub-11113/L2_task-sharedreward_model-1_type-REPLACEME_sm-5.gfeat/copeCOPENUM.feat/stats/cope1.nii.gz,1,-23.86805556,0.104166667,0.222222222,-0.540565244,-0.08825208,0.607638889,-0.590277778,1.125784428,-26.87028527,-238.43
11116,/gpfs/scratch/tug87422/smithlab-shared/sharedreward-aging/derivatives/fsl/sub-11116/L2_task-sharedreward_model-1_type-REPLACEME_sm-5.gfeat/copeCOPENUM.feat/stats/cope1.nii.gz,1,14.13194444,0.104166667,0.222222222,-7.297349235,-0.005747153,0.607638889,-0.590277778,0.838725496,11.85282212,296.65
11120,/gpfs/scratch/tug87422/smithlab-shared/sharedreward-aging/derivatives/fsl/sub-11120/L2_task-sharedreward_model-1_type-REPLACEME_sm-5.gfeat/copeCOPENUM.feat/stats/cope1.nii.gz,1,21.13194444,0.104166667,0.222222222,-8.603054426,0.012327133,0.607638889,-0.590277778,-1.021795522,-21.59252621,-65.76
11126,/gpfs/scratch/tug87422/smithlab-shared/sharedreward-aging/derivatives/fsl/sub-11126/L1_task-sharedreward_model-1_type-REPLACEME_run-1_sm-5.feat/stats/copeCOPENUM.nii.gz,1,13.13194444,0.104166667,0.222222222,-12.81230533,0.051262815,0.607638889,-0.590277778,1.067136349,14.01357525,-121.08
11128,/gpfs/scratch/tug87422/smithlab-shared/sharedreward-aging/derivatives/fsl/sub-11128/L2_task-sharedreward_model-1_type-REPLACEME_sm-5.gfeat/copeCOPENUM.feat/stats/cope1.nii.gz,1,14.13194444,0.104166667,0.222222222,-5.300827453,0.102584931,0.607638889,-0.590277778,-0.782559856,-11.0590924,311.90
11145,/gpfs/scratch/tug87422/smithlab-shared/sharedreward-aging/derivatives/fsl/sub-11145/L2_task-sharedreward_model-1_type-REPLACEME_sm-5.gfeat/copeCOPENUM.feat/stats/cope1.nii.gz,1,19.13194444,0.104166667,0.222222222,-7.440657994,0.046289886,0.607638889,-0.590277778,-1.021795522,-19.54893517,-293.84
11164,/gpfs/scratch/tug87422/smithlab-shared/sharedreward-aging/derivatives/fsl/sub-11164/L1_task-sharedreward_model-1_type-REPLACEME_run-1_sm-5.feat/stats/copeCOPENUM.nii.gz,1,39.13194444,0.104166667,0.222222222,-3.571927987,0.034870976,0.607638889,-0.590277778,-2.477009273,-96.93018925,-195.88
11167,/gpfs/scratch/tug87422/smithlab-shared/sharedreward-aging/derivatives/fsl/sub-11167/L2_task-sharedreward_model-1_type-REPLACEME_sm-5.gfeat/copeCOPENUM.feat/stats/cope1.nii.gz,1,12.13194444,0.104166667,0.222222222,-9.713549138,0.01608707,-0.392361111,0.409722222,-1.021795522,-12.39636651,151.84
11168,/gpfs/scratch/tug87422/smithlab-shared/sharedreward-aging/derivatives/fsl/sub-11168/L2_task-sharedreward_model-1_type-REPLACEME_sm-5.gfeat/copeCOPENUM.feat/stats/cope1.nii.gz,1,-17.86805556,0.104166667,0.222222222,-11.3721885,0.102651724,-0.392361111,0.409722222,-0.166830923,2.980944193,95.59
11171,/gpfs/scratch/tug87422/smithlab-shared/sharedreward-aging/derivatives/fsl/sub-11171/L2_task-sharedreward_model-1_type-REPLACEME_sm-5.gfeat/copeCOPENUM.feat/stats/cope1.nii.gz,1,-19.86805556,0.104166667,0.222222222,-3.903827382,-0.079049815,0.607638889,-0.590277778,2.73479868,-54.3351321,196.17
11177,/gpfs/scratch/tug87422/smithlab-shared/sharedreward-aging/derivatives/fsl/sub-11177/L2_task-sharedreward_model-1_type-REPLACEME_sm-5.gfeat/copeCOPENUM.feat/stats/cope1.nii.gz,1,10.13194444,0.104166667,0.222222222,-4.005438611,-0.072475393,0.607638889,-0.590277778,1.099524821,11.1403244,9.04
11192,/gpfs/scratch/tug87422/smithlab-shared/sharedreward-aging/derivatives/fsl/sub-11192/L2_task-sharedreward_model-1_type-REPLACEME_sm-5.gfeat/copeCOPENUM.feat/stats/cope1.nii.gz,1,24.13194444,0.104166667,0.222222222,-8.383773561,0.088966372,0.607638889,-0.590277778,-1.387621979,-33.48601651,-484.99
11193,/gpfs/scratch/tug87422/smithlab-shared/sharedreward-aging/derivatives/fsl/sub-11193/L2_task-sharedreward_model-1_type-REPLACEME_sm-5.gfeat/copeCOPENUM.feat/stats/cope1.nii.gz,1,10.13194444,0.104166667,0.222222222,-18.49151,0.093977252,-0.392361111,0.409722222,-1.021795522,-10.35277547,-117.40
11227,/gpfs/scratch/tug87422/smithlab-shared/sharedreward-aging/derivatives/fsl/sub-11227/L2_task-sharedreward_model-1_type-REPLACEME_sm-5.gfeat/copeCOPENUM.feat/stats/cope1.nii.gz,1,-14.86805556,0.104166667,0.222222222,-2.355596617,-0.106246453,-0.392361111,0.409722222,0.588173421,-8.744995105,-258.30
11238,/gpfs/scratch/tug87422/smithlab-shared/sharedreward-aging/derivatives/fsl/sub-11238/L2_task-sharedreward_model-1_type-REPLACEME_sm-5.gfeat/copeCOPENUM.feat/stats/cope1.nii.gz,1,0.131944444,0.104166667,0.222222222,-5.389775666,-0.01854672,0.607638889,-0.590277778,-1.534410117,-0.20245689,110.46
11241,/gpfs/scratch/tug87422/smithlab-shared/sharedreward-aging/derivatives/fsl/sub-11241/L2_task-sharedreward_model-1_type-REPLACEME_sm-5.gfeat/copeCOPENUM.feat/stats/cope1.nii.gz,1,-18.86805556,0.104166667,0.222222222,1.078532633,-0.069394781,-0.392361111,0.409722222,-0.541411061,10.21537398,-70.07
11246,/gpfs/scratch/tug87422/smithlab-shared/sharedreward-aging/derivatives/fsl/sub-11246/L2_task-sharedreward_model-1_type-REPLACEME_sm-5.gfeat/copeCOPENUM.feat/stats/cope1.nii.gz,1,-5.868055556,0.104166667,0.222222222,-7.222031015,-0.046873401,0.607638889,-0.590277778,-1.667853805,9.787058786,-28.74
11286,/gpfs/scratch/tug87422/smithlab-shared/sharedreward-aging/derivatives/fsl/sub-11286/L1_task-sharedreward_model-1_type-REPLACEME_run-1_sm-5.feat/stats/copeCOPENUM.nii.gz,1,-21.86805556,0.104166667,0.222222222,1.40521178,-0.092179271,-0.392361111,0.409722222,-0.127368331,2.785297747,105.55
11301,/gpfs/scratch/tug87422/smithlab-shared/sharedreward-aging/derivatives/fsl/sub-11301/L2_task-sharedreward_model-1_type-REPLACEME_sm-5.gfeat/copeCOPENUM.feat/stats/cope1.nii.gz,1,-22.86805556,0.104166667,0.222222222,-0.040384778,-0.058802759,-0.392361111,0.409722222,1.661486051,-37.99495531,-137.39
11311,/gpfs/scratch/tug87422/smithlab-shared/sharedreward-aging/derivatives/fsl/sub-11311/L2_task-sharedreward_model-1_type-REPLACEME_sm-5.gfeat/copeCOPENUM.feat/stats/cope1.nii.gz,1,-23.86805556,0.104166667,0.222222222,0.719977532,-0.068977262,-0.392361111,0.409722222,0.965003013,-23.03274553,602.83
11312,/gpfs/scratch/tug87422/smithlab-shared/sharedreward-aging/derivatives/fsl/sub-11312/L2_task-sharedreward_model-1_type-REPLACEME_sm-5.gfeat/copeCOPENUM.feat/stats/cope1.nii.gz,1,-22.86805556,0.104166667,0.222222222,-2.109129822,-0.074578054,-0.392361111,-0.590277778,0.346719136,-7.928792461,145.15
11316,/gpfs/scratch/tug87422/smithlab-shared/sharedreward-aging/derivatives/fsl/sub-11316/L2_task-sharedreward_model-1_type-REPLACEME_sm-5.gfeat/copeCOPENUM.feat/stats/cope1.nii.gz,1,-3.868055556,0.104166667,0.222222222,-8.664989824,0.109300252,0.607638889,-0.590277778,-1.021795522,3.952361847,296.79
11318,/gpfs/scratch/tug87422/smithlab-shared/sharedreward-aging/derivatives/fsl/sub-11318/L2_task-sharedreward_model-1_type-REPLACEME_sm-5.gfeat/copeCOPENUM.feat/stats/cope1.nii.gz,1,-23.86805556,0.104166667,0.222222222,3.986226516,-0.081677195,-0.392361111,0.409722222,1.336642893,-31.90306683,-316.48
11321,/gpfs/scratch/tug87422/smithlab-shared/sharedreward-aging/derivatives/fsl/sub-11321/L2_task-sharedreward_model-1_type-REPLACEME_sm-5.gfeat/copeCOPENUM.feat/stats/cope1.nii.gz,1,-22.86805556,0.104166667,0.222222222,5.191928358,-0.121638395,-0.392361111,0.409722222,-1.021795522,23.36647677,-118.87
11325,/gpfs/scratch/tug87422/smithlab-shared/sharedreward-aging/derivatives/fsl/sub-11325/L2_task-sharedreward_model-1_type-REPLACEME_sm-5.gfeat/copeCOPENUM.feat/stats/cope1.nii.gz,1,-17.86805556,0.104166667,0.222222222,-4.059187382,-0.070370118,0.607638889,-0.590277778,1.342535696,-23.98850241,10.39
11326,/gpfs/scratch/tug87422/smithlab-shared/sharedreward-aging/derivatives/fsl/sub-11326/L2_task-sharedreward_model-1_type-REPLACEME_sm-5.gfeat/copeCOPENUM.feat/stats/cope1.nii.gz,1,-19.86805556,0.104166667,0.222222222,-10.40610862,-0.010722645,0.607638889,-0.590277778,-0.698766381,13.88312928,-275.99
11329,/gpfs/scratch/tug87422/smithlab-shared/sharedreward-aging/derivatives/fsl/sub-11329/L2_task-sharedreward_model-1_type-REPLACEME_sm-5.gfeat/copeCOPENUM.feat/stats/cope1.nii.gz,1,-21.86805556,0.104166667,0.222222222,-1.786054608,-0.07649718,0.607638889,-0.590277778,-0.569528506,12.454481,-16.65
11330,/gpfs/scratch/tug87422/smithlab-shared/sharedreward-aging/derivatives/fsl/sub-11330/L2_task-sharedreward_model-1_type-REPLACEME_sm-5.gfeat/copeCOPENUM.feat/stats/cope1.nii.gz,1,-18.86805556,0.104166667,0.222222222,6.021598572,-0.102031052,0.607638889,-0.590277778,-1.021795522,19.27929468,162.27
11337,/gpfs/scratch/tug87422/smithlab-shared/sharedreward-aging/derivatives/fsl/sub-11337/L2_task-sharedreward_model-1_type-REPLACEME_sm-5.gfeat/copeCOPENUM.feat/stats/cope1.nii.gz,1,-14.86805556,0.104166667,0.222222222,-13.81490639,-0.036559144,0.607638889,-0.590277778,-0.562964055,8.370180841,33.57
11338,/gpfs/scratch/tug87422/smithlab-shared/sharedreward-aging/derivatives/fsl/sub-11338/L2_task-sharedreward_model-1_type-REPLACEME_sm-5.gfeat/copeCOPENUM.feat/stats/cope1.nii.gz,1,-23.86805556,0.104166667,0.222222222,-1.141271157,-0.080643033,0.607638889,-0.590277778,-0.502017824,11.98218932,214.91
11340,/gpfs/scratch/tug87422/smithlab-shared/sharedreward-aging/derivatives/fsl/sub-11340/L2_task-sharedreward_model-1_type-REPLACEME_sm-5.gfeat/copeCOPENUM.feat/stats/cope1.nii.gz,1,-13.86805556,0.104166667,0.222222222,-1.592521373,-0.003864694,0.607638889,-0.590277778,-0.294188647,4.079824505,136.44
11343,/gpfs/scratch/tug87422/smithlab-shared/sharedreward-aging/derivatives/fsl/sub-11343/L2_task-sharedreward_model-1_type-REPLACEME_sm-5.gfeat/copeCOPENUM.feat/stats/cope1.nii.gz,1,-12.86805556,0.104166667,0.222222222,-4.201428077,-0.066404392,-0.392361111,0.409722222,-0.122918417,1.581721024,119.31
11345,/gpfs/scratch/tug87422/smithlab-shared/sharedreward-aging/derivatives/fsl/sub-11345/L2_task-sharedreward_model-1_type-REPLACEME_sm-5.gfeat/copeCOPENUM.feat/stats/cope1.nii.gz,1,-11.86805556,0.104166667,0.222222222,12.65674998,-0.127731059,-0.392361111,0.409722222,0.149284565,-1.771717512,-215.45
11348,/gpfs/scratch/tug87422/smithlab-shared/sharedreward-aging/derivatives/fsl/sub-11348/L2_task-sharedreward_model-1_type-REPLACEME_sm-5.gfeat/copeCOPENUM.feat/stats/cope1.nii.gz,1,-9.868055556,0.104166667,0.222222222,-6.732505019,-0.039980992,0.607638889,-0.590277778,-1.021795522,10.08313498,276.08
11358,/gpfs/scratch/tug87422/smithlab-shared/sharedreward-aging/derivatives/fsl/sub-11358/L2_task-sharedreward_model-1_type-REPLACEME_sm-5.gfeat/copeCOPENUM.feat/stats/cope1.nii.gz,1,3.131944444,0.104166667,0.222222222,5.51316014,-0.043797825,-0.392361111,0.409722222,-1.96752801,-6.16218842,316.21
11364,/gpfs/scratch/tug87422/smithlab-shared/sharedreward-aging/derivatives/fsl/sub-11364/L2_task-sharedreward_model-1_type-REPLACEME_sm-5.gfeat/copeCOPENUM.feat/stats/cope1.nii.gz,1,9.131944444,0.104166667,0.222222222,-9.477455451,-0.028148816,-0.392361111,0.409722222,-1.021795522,-9.330979944,206.10
11367,/gpfs/scratch/tug87422/smithlab-shared/sharedreward-aging/derivatives/fsl/sub-11367/L2_task-sharedreward_model-1_type-REPLACEME_sm-5.gfeat/copeCOPENUM.feat/stats/cope1.nii.gz,1,13.13194444,0.104166667,0.222222222,-2.708396132,-0.11304405,-0.392361111,0.409722222,-0.778463391,-10.222738,370.56
11376,/gpfs/scratch/tug87422/smithlab-shared/sharedreward-aging/derivatives/fsl/sub-11376/L2_task-sharedreward_model-1_type-REPLACEME_sm-5.gfeat/copeCOPENUM.feat/stats/cope1.nii.gz,1,25.13194444,0.104166667,0.222222222,2.44291641,-0.035982667,0.607638889,-0.590277778,-1.021795522,-25.6797083,-10.11
11377,/gpfs/scratch/tug87422/smithlab-shared/sharedreward-aging/derivatives/fsl/sub-11377/L2_task-sharedreward_model-1_type-REPLACEME_sm-5.gfeat/copeCOPENUM.feat/stats/cope1.nii.gz,1,24.13194444,0.104166667,0.222222222,-1.783309743,0.001532837,-0.392361111,0.409722222,-1.24221103,-29.97696756,105.87
11387,/gpfs/scratch/tug87422/smithlab-shared/sharedreward-aging/derivatives/fsl/sub-11387/L2_task-sharedreward_model-1_type-REPLACEME_sm-5.gfeat/copeCOPENUM.feat/stats/cope1.nii.gz,1,8.131944444,0.104166667,0.222222222,1.716492626,0.036167809,-0.392361111,0.409722222,2.247900043,18.27979827,-38.99
11410,/gpfs/scratch/tug87422/smithlab-shared/sharedreward-aging/derivatives/fsl/sub-11410/L2_task-sharedreward_model-1_type-REPLACEME_sm-5.gfeat/copeCOPENUM.feat/stats/cope1.nii.gz,1,0.131944444,0.104166667,0.222222222,-17.6875998,0.172985093,0.607638889,-0.590277778,-1.021795522,-0.134820243,20.07
11416,/gpfs/scratch/tug87422/smithlab-shared/sharedreward-aging/derivatives/fsl/sub-11416/L1_task-sharedreward_model-1_type-REPLACEME_run-1_sm-5.feat/stats/copeCOPENUM.nii.gz,1,-2.868055556,0.104166667,0.222222222,-21.91477638,0.218059381,-0.392361111,0.409722222,-0.787713228,2.2592053,-655.72
11426,/gpfs/scratch/tug87422/smithlab-shared/sharedreward-aging/derivatives/fsl/sub-11426/L1_task-sharedreward_model-1_type-REPLACEME_run-1_sm-5.feat/stats/copeCOPENUM.nii.gz,1,-7.868055556,0.104166667,0.222222222,-6.419152673,0.104797831,-0.392361111,0.409722222,1.383555655,-10.88589276,-591.90
11430,/gpfs/scratch/tug87422/smithlab-shared/sharedreward-aging/derivatives/fsl/sub-11430/L1_task-sharedreward_model-1_type-REPLACEME_run-1_sm-5.feat/stats/copeCOPENUM.nii.gz,1,-9.868055556,0.104166667,0.222222222,-13.40027756,-0.039457814,-0.392361111,0.409722222,2.363863434,-23.32673569,420.01
11432,/gpfs/scratch/tug87422/smithlab-shared/sharedreward-aging/derivatives/fsl/sub-11432/L2_task-sharedreward_model-1_type-REPLACEME_sm-5.gfeat/copeCOPENUM.feat/stats/cope1.nii.gz,1,-9.868055556,0.104166667,0.222222222,-6.747060192,-0.082652071,-0.392361111,0.409722222,1.039558481,-10.25842084,84.44
11433,/gpfs/scratch/tug87422/smithlab-shared/sharedreward-aging/derivatives/fsl/sub-11433/L2_task-sharedreward_model-1_type-REPLACEME_sm-5.gfeat/copeCOPENUM.feat/stats/cope1.nii.gz,1,-10.86805556,0.104166667,0.222222222,-2.046809579,-0.069120163,0.607638889,-0.590277778,-0.483521958,5.254943498,-168.54
11435,/gpfs/scratch/tug87422/smithlab-shared/sharedreward-aging/derivatives/fsl/sub-11435/L2_task-sharedreward_model-1_type-REPLACEME_sm-5.gfeat/copeCOPENUM.feat/stats/cope1.nii.gz,1,-11.86805556,0.104166667,0.222222222,-0.71606234,-0.082987722,-0.392361111,0.409722222,-1.926329556,22.86178619,9.28
11439,/gpfs/scratch/tug87422/smithlab-shared/sharedreward-aging/derivatives/fsl/sub-11439/L1_task-sharedreward_model-1_type-REPLACEME_run-1_sm-5.feat/stats/copeCOPENUM.nii.gz,1,18.13194444,0.104166667,0.222222222,-12.84694603,0.077460277,0.607638889,-0.590277778,0.166381529,3.016820643,235.46
11440,/gpfs/scratch/tug87422/smithlab-shared/sharedreward-aging/derivatives/fsl/sub-11440/L2_task-sharedreward_model-1_type-REPLACEME_sm-5.gfeat/copeCOPENUM.feat/stats/cope1.nii.gz,1,18.13194444,0.104166667,0.222222222,-6.355413458,-0.033671469,0.607638889,-0.590277778,-0.554696156,-10.05771988,7.66
11443,/gpfs/scratch/tug87422/smithlab-shared/sharedreward-aging/derivatives/fsl/sub-11443/L1_task-sharedreward_model-1_type-REPLACEME_run-1_sm-5.feat/stats/copeCOPENUM.nii.gz,1,12.13194444,0.104166667,0.222222222,-9.880520815,0.265792588,-0.392361111,0.409722222,3.271454994,39.68911024,121.00
11451,/gpfs/scratch/tug87422/smithlab-shared/sharedreward-aging/derivatives/fsl/sub-11451/L2_task-sharedreward_model-1_type-REPLACEME_sm-5.gfeat/copeCOPENUM.feat/stats/cope1.nii.gz,1,3.131944444,0.104166667,0.222222222,4.282131298,0.075464566,0.607638889,-0.590277778,-0.164652665,-0.515683,-16.78
11461,/gpfs/scratch/tug87422/smithlab-shared/sharedreward-aging/derivatives/fsl/sub-11461/L2_task-sharedreward_model-1_type-REPLACEME_sm-5.gfeat/copeCOPENUM.feat/stats/cope1.nii.gz,1,29.13194444,0.104166667,0.222222222,-14.55624043,0.187116804,0.607638889,-0.590277778,1.888631978,55.01952186,91.84
11462,/gpfs/scratch/tug87422/smithlab-shared/sharedreward-aging/derivatives/fsl/sub-11462/L1_task-sharedreward_model-1_type-REPLACEME_run-1_sm-5.feat/stats/copeCOPENUM.nii.gz,1,24.13194444,0.104166667,0.222222222,-5.323171812,-0.002145298,0.607638889,-0.590277778,0.978204478,23.60597611,203.19
11498,/gpfs/scratch/tug87422/smithlab-shared/sharedreward-aging/derivatives/fsl/sub-11498/L1_task-sharedreward_model-1_type-REPLACEME_run-1_sm-5.feat/stats/copeCOPENUM.nii.gz,1,1.131944444,0.104166667,0.222222222,-15.75192477,-0.023059192,-0.392361111,0.409722222,-0.62090366,-0.702828448,-90.31
11517,/gpfs/scratch/tug87422/smithlab-shared/sharedreward-aging/derivatives/fsl/sub-11517/L2_task-sharedreward_model-1_type-REPLACEME_sm-5.gfeat/copeCOPENUM.feat/stats/cope1.nii.gz,1,-21.86805556,0.104166667,0.222222222,-1.876591304,-0.007829332,-0.392361111,0.409722222,0.854834204,-18.69356187,93.79
11518,/gpfs/scratch/tug87422/smithlab-shared/sharedreward-aging/derivatives/fsl/sub-11518/L2_task-sharedreward_model-1_type-REPLACEME_sm-5.gfeat/copeCOPENUM.feat/stats/cope1.nii.gz,1,-23.86805556,0.104166667,0.222222222,-11.89860555,0.037596734,-0.392361111,0.409722222,1.789332192,-42.70788016,-151.82
11523,/gpfs/scratch/tug87422/smithlab-shared/sharedreward-aging/derivatives/fsl/sub-11523/L2_task-sharedreward_model-1_type-REPLACEME_sm-5.gfeat/copeCOPENUM.feat/stats/cope1.nii.gz,1,-8.868055556,0.104166667,0.222222222,-6.979493608,0.055541684,-0.392361111,0.409722222,1.661486051,-14.7341506,-34.42
11526,/gpfs/scratch/tug87422/smithlab-shared/sharedreward-aging/derivatives/fsl/sub-11526/L2_task-sharedreward_model-1_type-REPLACEME_sm-5.gfeat/copeCOPENUM.feat/stats/cope1.nii.gz,1,-20.86805556,0.104166667,0.222222222,18.66100655,-0.110816177,-0.392361111,0.409722222,1.52219939,-31.76534143,-101.78
11527,/gpfs/scratch/tug87422/smithlab-shared/sharedreward-aging/derivatives/fsl/sub-11527/L2_task-sharedreward_model-1_type-REPLACEME_sm-5.gfeat/copeCOPENUM.feat/stats/cope1.nii.gz,1,-22.86805556,0.104166667,0.222222222,-13.2202932,0.051637702,0.607638889,-0.590277778,-1.021795522,23.36647677,-25.46
11529,/gpfs/scratch/tug87422/smithlab-shared/sharedreward-aging/derivatives/fsl/sub-11529/L2_task-sharedreward_model-1_type-REPLACEME_sm-5.gfeat/copeCOPENUM.feat/stats/cope1.nii.gz,1,-22.86805556,0.104166667,0.222222222,16.59375294,-0.08488408,-0.392361111,0.409722222,1.114411462,-25.48442323,300.67
11530,/gpfs/scratch/tug87422/smithlab-shared/sharedreward-aging/derivatives/fsl/sub-11530/L2_task-sharedreward_model-1_type-REPLACEME_sm-5.gfeat/copeCOPENUM.feat/stats/cope1.nii.gz,1,-19.86805556,0.104166667,0.222222222,-5.050974444,-0.016508437,-0.392361111,-0.590277778,-0.457363001,9.086913521,71.46
11532,/gpfs/scratch/tug87422/smithlab-shared/sharedreward-aging/derivatives/fsl/sub-11532/L2_task-sharedreward_model-1_type-REPLACEME_sm-5.gfeat/copeCOPENUM.feat/stats/cope1.nii.gz,1,-8.868055556,0.104166667,0.222222222,9.585266278,-0.081315162,-0.392361111,0.409722222,-1.021795522,9.061339459,204.23
11533,/gpfs/scratch/tug87422/smithlab-shared/sharedreward-aging/derivatives/fsl/sub-11533/L2_task-sharedreward_model-1_type-REPLACEME_sm-5.gfeat/copeCOPENUM.feat/stats/cope1.nii.gz,1,-11.86805556,0.104166667,0.222222222,11.89122697,-0.080189439,-0.392361111,0.409722222,0.034745565,-0.412362298,35.68
11534,/gpfs/scratch/tug87422/smithlab-shared/sharedreward-aging/derivatives/fsl/sub-11534/L2_task-sharedreward_model-1_type-REPLACEME_sm-5.gfeat/copeCOPENUM.feat/stats/cope1.nii.gz,1,-22.86805556,0.104166667,0.222222222,-10.63018884,-0.009112475,0.607638889,-0.590277778,-0.235649384,5.388843203,-208.86
11535,/gpfs/scratch/tug87422/smithlab-shared/sharedreward-aging/derivatives/fsl/sub-11535/L2_task-sharedreward_model-1_type-REPLACEME_sm-5.gfeat/copeCOPENUM.feat/stats/cope1.nii.gz,1,-10.86805556,0.104166667,0.222222222,3.932153944,-0.038278096,-0.392361111,0.409722222,2.428137929,-26.3891379,-202.23
11536,/gpfs/scratch/tug87422/smithlab-shared/sharedreward-aging/derivatives/fsl/sub-11536/L2_task-sharedreward_model-1_type-REPLACEME_sm-5.gfeat/copeCOPENUM.feat/stats/cope1.nii.gz,1,-7.868055556,0.104166667,0.222222222,-2.750176917,0.004873747,0.607638889,-0.590277778,0.430750556,-3.389169305,157.08
11540,/gpfs/scratch/tug87422/smithlab-shared/sharedreward-aging/derivatives/fsl/sub-11540/L2_task-sharedreward_model-1_type-REPLACEME_sm-5.gfeat/copeCOPENUM.feat/stats/cope1.nii.gz,1,-9.868055556,0.104166667,0.222222222,9.787130163,-0.085444471,-0.392361111,0.409722222,-1.303700114,12.86498515,-82.16
11542,/gpfs/scratch/tug87422/smithlab-shared/sharedreward-aging/derivatives/fsl/sub-11542/L2_task-sharedreward_model-1_type-REPLACEME_sm-5.gfeat/copeCOPENUM.feat/stats/cope1.nii.gz,1,16.13194444,0.104166667,0.222222222,-1.134008519,0.053007577,0.607638889,-0.590277778,0.154901288,2.498858979,-59.28
11545,/gpfs/scratch/tug87422/smithlab-shared/sharedreward-aging/derivatives/fsl/sub-11545/L2_task-sharedreward_model-1_type-REPLACEME_sm-5.gfeat/copeCOPENUM.feat/stats/cope1.nii.gz,1,28.13194444,0.104166667,0.222222222,7.560191561,-0.000265373,-0.392361111,0.409722222,-1.021795522,-28.74509487,-34.29
11551,/gpfs/scratch/tug87422/smithlab-shared/sharedreward-aging/derivatives/fsl/sub-11551/L2_task-sharedreward_model-1_type-REPLACEME_sm-5.gfeat/copeCOPENUM.feat/stats/cope1.nii.gz,1,20.13194444,0.104166667,0.222222222,-3.630941277,0.001365978,-0.392361111,0.409722222,-1.56951808,-31.59745079,78.80
11559,/gpfs/scratch/tug87422/smithlab-shared/sharedreward-aging/derivatives/fsl/sub-11559/L2_task-sharedreward_model-1_type-REPLACEME_sm-5.gfeat/copeCOPENUM.feat/stats/cope1.nii.gz,1,22.13194444,0.104166667,0.222222222,-8.72223723,0.203709464,-0.392361111,0.409722222,-0.139537976,-3.088246731,-12.76
11563,/gpfs/scratch/tug87422/smithlab-shared/sharedreward-aging/derivatives/fsl/sub-11563/L2_task-sharedreward_model-1_type-REPLACEME_sm-5.gfeat/copeCOPENUM.feat/stats/cope1.nii.gz,1,10.13194444,0.104166667,0.222222222,-3.652845772,-0.066339812,0.607638889,-0.590277778,-1.021795522,-10.35277547,-46.08
11570,/gpfs/scratch/tug87422/smithlab-shared/sharedreward-aging/derivatives/fsl/sub-11570/L2_task-sharedreward_model-1_type-REPLACEME_sm-5.gfeat/copeCOPENUM.feat/stats/cope1.nii.gz,1,-3.868055556,0.104166667,0.222222222,-1.766464807,0.039219346,0.607638889,-0.590277778,1.16617935,-4.510846514,222.69
11572,/gpfs/scratch/tug87422/smithlab-shared/sharedreward-aging/derivatives/fsl/sub-11572/L2_task-sharedreward_model-1_type-REPLACEME_sm-5.gfeat/copeCOPENUM.feat/stats/cope1.nii.gz,1,-2.868055556,0.104166667,0.222222222,4.619079938,-0.028934243,0.607638889,-0.590277778,-0.010814801,0.03101745,183.11
11579,/gpfs/scratch/tug87422/smithlab-shared/sharedreward-aging/derivatives/fsl/sub-11579/L2_task-sharedreward_model-1_type-REPLACEME_sm-5.gfeat/copeCOPENUM.feat/stats/cope1.nii.gz,1,2.131944444,0.104166667,0.222222222,2.15216033,-0.028396472,0.607638889,-0.590277778,0.295375597,0.629724364,320.24
11586,/gpfs/scratch/tug87422/smithlab-shared/sharedreward-aging/derivatives/fsl/sub-11586/L1_task-sharedreward_model-1_type-REPLACEME_run-1_sm-5.feat/stats/copeCOPENUM.nii.gz,1,8.131944444,0.104166667,0.222222222,1.860138444,-0.088568735,0.607638889,-0.590277778,-1.021795522,-8.309184422,-408.67
11588,/gpfs/scratch/tug87422/smithlab-shared/sharedreward-aging/derivatives/fsl/sub-11588/L2_task-sharedreward_model-1_type-REPLACEME_sm-5.gfeat/copeCOPENUM.feat/stats/cope1.nii.gz,1,9.131944444,0.104166667,0.222222222,18.30016888,-0.065584533,0.607638889,-0.590277778,1.114411462,10.17674356,-3.54
11591,/gpfs/scratch/tug87422/smithlab-shared/sharedreward-aging/derivatives/fsl/sub-11591/L2_task-sharedreward_model-1_type-REPLACEME_sm-5.gfeat/copeCOPENUM.feat/stats/cope1.nii.gz,1,14.13194444,0.104166667,0.222222222,-1.905624014,0.065385112,0.607638889,-0.590277778,-1.56951808,-22.18034231,215.13
11597,/gpfs/scratch/tug87422/smithlab-shared/sharedreward-aging/derivatives/fsl/sub-11597/L1_task-sharedreward_model-1_type-REPLACEME_run-2_sm-5.feat/stats/copeCOPENUM.nii.gz,1,7.131944444,0.104166667,0.222222222,-4.333392361,0.185869654,-0.392361111,0.409722222,-1.021795522,-7.287388899,-93.93
11598,/gpfs/scratch/tug87422/smithlab-shared/sharedreward-aging/derivatives/fsl/sub-11598/L1_task-sharedreward_model-1_type-REPLACEME_run-1_sm-5.feat/stats/copeCOPENUM.nii.gz,1,7.131944444,0.104166667,0.222222222,-0.951760667,0.204466955,-0.392361111,0.409722222,-1.021795522,-7.287388899,161.94
11599,/gpfs/scratch/tug87422/smithlab-shared/sharedreward-aging/derivatives/fsl/sub-11599/L2_task-sharedreward_model-1_type-REPLACEME_sm-5.gfeat/copeCOPENUM.feat/stats/cope1.nii.gz,1,7.131944444,0.104166667,0.222222222,12.74079866,-0.042029931,-0.392361111,0.409722222,-1.021795522,-7.287388899,-331.36
11600,/gpfs/scratch/tug87422/smithlab-shared/sharedreward-aging/derivatives/fsl/sub-11600/L2_task-sharedreward_model-1_type-REPLACEME_sm-5.gfeat/copeCOPENUM.feat/stats/cope1.nii.gz,1,8.131944444,0.104166667,0.222222222,6.045443548,-0.013826657,-0.392361111,0.409722222,0.426618126,3.469234902,-213.59
11622,/gpfs/scratch/tug87422/smithlab-shared/sharedreward-aging/derivatives/fsl/sub-11622/L2_task-sharedreward_model-1_type-REPLACEME_sm-5.gfeat/copeCOPENUM.feat/stats/cope1.nii.gz,1,23.13194444,0.104166667,0.222222222,15.17989654,-0.041729719,-0.392361111,0.409722222,-0.220011797,-5.089300658,60.83
11623,/gpfs/scratch/tug87422/smithlab-shared/sharedreward-aging/derivatives/fsl/sub-11623/L1_task-sharedreward_model-1_type-REPLACEME_run-1_sm-5.feat/stats/copeCOPENUM.nii.gz,1,34.13194444,0.104166667,0.222222222,-4.579683906,0.013693435,-0.392361111,0.409722222,-1.021795522,-34.875868,69.01
11625,/gpfs/scratch/tug87422/smithlab-shared/sharedreward-aging/derivatives/fsl/sub-11625/L2_task-sharedreward_model-1_type-REPLACEME_sm-5.gfeat/copeCOPENUM.feat/stats/cope1.nii.gz,1,27.13194444,0.104166667,0.222222222,-5.332790934,0.02004805,0.607638889,-0.590277778,0.523283085,14.1976876,159.61
11626,/gpfs/scratch/tug87422/smithlab-shared/sharedreward-aging/derivatives/fsl/sub-11626/L2_task-sharedreward_model-1_type-REPLACEME_sm-5.gfeat/copeCOPENUM.feat/stats/cope1.nii.gz,1,26.13194444,0.104166667,0.222222222,10.72885791,-0.076659854,0.607638889,-0.590277778,1.755664777,45.87893441,222.06
11628,/gpfs/scratch/tug87422/smithlab-shared/sharedreward-aging/derivatives/fsl/sub-11628/L2_task-sharedreward_model-1_type-REPLACEME_sm-5.gfeat/copeCOPENUM.feat/stats/cope1.nii.gz,1,10.13194444,0.104166667,0.222222222,15.77780468,-0.042693902,-0.392361111,0.409722222,-1.021795522,-10.35277547,-30.50
11631,/gpfs/scratch/tug87422/smithlab-shared/sharedreward-aging/derivatives/fsl/sub-11631/L2_task-sharedreward_model-1_type-REPLACEME_sm-5.gfeat/copeCOPENUM.feat/stats/cope1.nii.gz,1,11.13194444,0.104166667,0.222222222,15.5014768,-0.085451845,-0.392361111,0.409722222,1.099524821,12.23984922,280.22
11651,/gpfs/scratch/tug87422/smithlab-shared/sharedreward-aging/derivatives/fsl/sub-11651/L2_task-sharedreward_model-1_type-REPLACEME_sm-5.gfeat/copeCOPENUM.feat/stats/cope1.nii.gz,1,17.13194444,0.104166667,0.222222222,-1.384560861,-0.006869807,0.607638889,-0.590277778,-0.767567363,-13.14992142,-270.54
11660,/gpfs/scratch/tug87422/smithlab-shared/sharedreward-aging/derivatives/fsl/sub-11660/L2_task-sharedreward_model-1_type-REPLACEME_sm-5.gfeat/copeCOPENUM.feat/stats/cope1.nii.gz,1,-3.868055556,0.104166667,0.222222222,8.916847873,-0.094700027,-0.392361111,0.409722222,2.20849589,-8.542584796,94.46
11670,/gpfs/scratch/tug87422/smithlab-shared/sharedreward-aging/derivatives/fsl/sub-11670/L2_task-sharedreward_model-1_type-REPLACEME_sm-5.gfeat/copeCOPENUM.feat/stats/cope1.nii.gz,1,0.131944444,0.104166667,0.222222222,2.92718441,0.086447383,-0.392361111,0.409722222,0.383768335,0.0506361,-24.11
11674,/gpfs/scratch/tug87422/smithlab-shared/sharedreward-aging/derivatives/fsl/sub-11674/L1_task-sharedreward_model-1_type-REPLACEME_run-1_sm-5.feat/stats/copeCOPENUM.nii.gz,1,11.13194444,0.104166667,0.222222222,12.59532297,0.012666938,0.607638889,-0.590277778,-0.277587115,-3.090084341,-135.59
11679,/gpfs/scratch/tug87422/smithlab-shared/sharedreward-aging/derivatives/fsl/sub-11679/L2_task-sharedreward_model-1_type-REPLACEME_sm-5.gfeat/copeCOPENUM.feat/stats/cope1.nii.gz,1,12.13194444,0.104166667,0.222222222,16.69360489,-0.071648552,-0.392361111,0.409722222,-1.446059591,-17.54351462,-26.95
11692,/gpfs/scratch/tug87422/smithlab-shared/sharedreward-aging/derivatives/fsl/sub-11692/L2_task-sharedreward_model-1_type-REPLACEME_sm-5.gfeat/copeCOPENUM.feat/stats/cope1.nii.gz,1,18.13194444,0.104166667,0.222222222,-7.530706679,0.01927881,-0.392361111,0.409722222,0.849553062,15.40404893,-136.19
11701,/gpfs/scratch/tug87422/smithlab-shared/sharedreward-aging/derivatives/fsl/sub-11701/L2_task-sharedreward_model-1_type-REPLACEME_sm-5.gfeat/copeCOPENUM.feat/stats/cope1.nii.gz,1,21.13194444,0.104166667,0.222222222,1.998851597,-0.056771081,-0.392361111,0.409722222,1.661486051,35.11043092,-169.09
11703,/gpfs/scratch/tug87422/smithlab-shared/sharedreward-aging/derivatives/fsl/sub-11703/L2_task-sharedreward_model-1_type-REPLACEME_sm-5.gfeat/copeCOPENUM.feat/stats/cope1.nii.gz,1,9.131944444,0.104166667,0.222222222,10.65355134,0.012914408,-0.392361111,0.409722222,-1.021795522,-9.330979944,14.71
11705,/gpfs/scratch/tug87422/smithlab-shared/sharedreward-aging/derivatives/fsl/sub-11705/L2_task-sharedreward_model-1_type-REPLACEME_sm-5.gfeat/copeCOPENUM.feat/stats/cope1.nii.gz,1,9.131944444,0.104166667,0.222222222,-0.245696701,0.071548698,0.607638889,-0.590277778,-0.139537976,-1.274253044,-53.52
11709,/gpfs/scratch/tug87422/smithlab-shared/sharedreward-aging/derivatives/fsl/sub-11709/L2_task-sharedreward_model-1_type-REPLACEME_sm-5.gfeat/copeCOPENUM.feat/stats/cope1.nii.gz,1,8.131944444,0.104166667,0.222222222,9.19108293,0.032451312,-0.392361111,0.409722222,0.76927142,6.25567245,203.99
11710,/gpfs/scratch/tug87422/smithlab-shared/sharedreward-aging/derivatives/fsl/sub-11710/L2_task-sharedreward_model-1_type-REPLACEME_sm-5.gfeat/copeCOPENUM.feat/stats/cope1.nii.gz,1,26.13194444,0.104166667,0.222222222,14.93023449,0.039879384,0.607638889,-0.590277778,-0.496065977,-12.96316856,-29.58
11714,/gpfs/scratch/tug87422/smithlab-shared/sharedreward-aging/derivatives/fsl/sub-11714/L2_task-sharedreward_model-1_type-REPLACEME_sm-5.gfeat/copeCOPENUM.feat/stats/cope1.nii.gz,1,26.13194444,0.104166667,0.222222222,-0.66042399,-0.006353199,0.607638889,-0.590277778,0.038864649,1.015608858,98.34
11719,/gpfs/scratch/tug87422/smithlab-shared/sharedreward-aging/derivatives/fsl/sub-11719/L1_task-sharedreward_model-1_type-REPLACEME_run-1_sm-5.feat/stats/copeCOPENUM.nii.gz,1,8.131944444,0.104166667,0.222222222,4.60943035,-0.011298843,-0.392361111,0.409722222,-1.76600393,-14.36104585,251.97
11722,/gpfs/scratch/tug87422/smithlab-shared/sharedreward-aging/derivatives/fsl/sub-11722/L2_task-sharedreward_model-1_type-REPLACEME_sm-5.gfeat/copeCOPENUM.feat/stats/cope1.nii.gz,1,10.13194444,0.104166667,0.222222222,-0.745281612,0.09561378,-0.392361111,0.409722222,-1.021795522,-10.35277547,-19.30
11723,/gpfs/scratch/tug87422/smithlab-shared/sharedreward-aging/derivatives/fsl/sub-11723/L2_task-sharedreward_model-1_type-REPLACEME_sm-5.gfeat/copeCOPENUM.feat/stats/cope1.nii.gz,1,11.13194444,0.104166667,0.222222222,-2.30772486,0.007249714,0.607638889,-0.590277778,1.619557197,18.02882074,-154.58
11736,/gpfs/scratch/tug87422/smithlab-shared/sharedreward-aging/derivatives/fsl/sub-11736/L2_task-sharedreward_model-1_type-REPLACEME_sm-5.gfeat/copeCOPENUM.feat/stats/cope1.nii.gz,1,25.13194444,0.104166667,0.222222222,0.241902503,0.016549533,0.607638889,-0.590277778,0.211544155,5.316515958,-600.33
11744,/gpfs/scratch/tug87422/smithlab-shared/sharedreward-aging/derivatives/fsl/sub-11744/L2_task-sharedreward_model-1_type-REPLACEME_sm-5.gfeat/copeCOPENUM.feat/stats/cope1.nii.gz,1,44.13194444,0.104166667,0.222222222,-5.731009865,-0.043509863,0.607638889,-0.590277778,-0.084752951,-3.740312529,-236.07
11746,/gpfs/scratch/tug87422/smithlab-shared/sharedreward-aging/derivatives/fsl/sub-11746/L2_task-sharedreward_model-1_type-REPLACEME_sm-5.gfeat/copeCOPENUM.feat/stats/cope1.nii.gz,1,23.13194444,0.104166667,0.222222222,4.89742312,-0.051189176,0.607638889,-0.590277778,-0.535131259,-12.37862655,-133.29
11748,/gpfs/scratch/tug87422/smithlab-shared/sharedreward-aging/derivatives/fsl/sub-11748/L2_task-sharedreward_model-1_type-REPLACEME_sm-5.gfeat/copeCOPENUM.feat/stats/cope1.nii.gz,1,8.131944444,0.104166667,0.222222222,-3.302958587,-0.037864985,-0.392361111,0.409722222,2.442306093,19.86069746,-21.61
11756,/gpfs/scratch/tug87422/smithlab-shared/sharedreward-aging/derivatives/fsl/sub-11756/L2_task-sharedreward_model-1_type-REPLACEME_sm-5.gfeat/copeCOPENUM.feat/stats/cope1.nii.gz,1,6.131944444,0.104166667,0.222222222,8.116874693,-0.082955129,-0.392361111,0.409722222,-2.481788313,-15.21818806,15.50
11764,/gpfs/scratch/tug87422/smithlab-shared/sharedreward-aging/derivatives/fsl/sub-11764/L2_task-sharedreward_model-1_type-REPLACEME_sm-5.gfeat/copeCOPENUM.feat/stats/cope1.nii.gz,1,23.13194444,0.104166667,0.222222222,9.958655496,-0.064621637,-0.392361111,0.409722222,-0.734776598,-16.99681146,-42.28
11772,/gpfs/scratch/tug87422/smithlab-shared/sharedreward-aging/derivatives/fsl/sub-11772/L1_task-sharedreward_model-1_type-REPLACEME_run-1_sm-5.feat/stats/copeCOPENUM.nii.gz,1,4.131944444,0.104166667,0.222222222,11.9792305,-0.070340667,-0.392361111,0.409722222,2.442306093,10.09147309,-130.74
11773,/gpfs/scratch/tug87422/smithlab-shared/sharedreward-aging/derivatives/fsl/sub-11773/L2_task-sharedreward_model-1_type-REPLACEME_sm-5.gfeat/copeCOPENUM.feat/stats/cope1.nii.gz,1,11.13194444,0.104166667,0.222222222,11.77102911,-0.066469331,-0.392361111,0.409722222,-1.021795522,-11.37457099,22.84
11774,/gpfs/scratch/tug87422/smithlab-shared/sharedreward-aging/derivatives/fsl/sub-11774/L2_task-sharedreward_model-1_type-REPLACEME_sm-5.gfeat/copeCOPENUM.feat/stats/cope1.nii.gz,1,-0.868055556,0.104166667,0.222222222,2.49434511,-0.019823079,-0.392361111,0.409722222,0.517172006,-0.448934033,54.65
11784,/gpfs/scratch/tug87422/smithlab-shared/sharedreward-aging/derivatives/fsl/sub-11784/L2_task-sharedreward_model-1_type-REPLACEME_sm-5.gfeat/copeCOPENUM.feat/stats/cope1.nii.gz,1,-2.868055556,0.104166667,0.222222222,2.031858421,-0.008424739,0.607638889,-0.590277778,-1.021795522,2.930566325,248.50
11787,/gpfs/scratch/tug87422/smithlab-shared/sharedreward-aging/derivatives/fsl/sub-11787/L2_task-sharedreward_model-1_type-REPLACEME_sm-5.gfeat/copeCOPENUM.feat/stats/cope1.nii.gz,1,-4.868055556,0.104166667,0.222222222,-4.685274371,0.020535656,-0.392361111,0.409722222,-0.017133492,0.083406793,336.98
11788,/gpfs/scratch/tug87422/smithlab-shared/sharedreward-aging/derivatives/fsl/sub-11788/L2_task-sharedreward_model-1_type-REPLACEME_sm-5.gfeat/copeCOPENUM.feat/stats/cope1.nii.gz,1,-9.868055556,0.104166667,0.222222222,17.91158225,-0.08238818,0.607638889,-0.590277778,-1.021795522,10.08313498,147.94
11789,/gpfs/scratch/tug87422/smithlab-shared/sharedreward-aging/derivatives/fsl/sub-11789/L2_task-sharedreward_model-1_type-REPLACEME_sm-5.gfeat/copeCOPENUM.feat/stats/cope1.nii.gz,1,-1.868055556,0.104166667,0.222222222,1.056539414,0.171605634,-0.392361111,0.409722222,-1.021795522,1.908770802,-146.49
11790,/gpfs/scratch/tug87422/smithlab-shared/sharedreward-aging/derivatives/fsl/sub-11790/L2_task-sharedreward_model-1_type-REPLACEME_sm-5.gfeat/copeCOPENUM.feat/stats/cope1.nii.gz,1,-7.868055556,0.104166667,0.222222222,1.851504378,0.005093769,-0.392361111,0.409722222,-1.021795522,8.039543937,435.09
11793,/gpfs/scratch/tug87422/smithlab-shared/sharedreward-aging/derivatives/fsl/sub-11793/L2_task-sharedreward_model-1_type-REPLACEME_sm-5.gfeat/copeCOPENUM.feat/stats/cope1.nii.gz,1,-6.868055556,0.104166667,0.222222222,-4.688255586,0.01261699,-0.392361111,0.409722222,0.081725653,-0.561296327,11.57
11795,/gpfs/scratch/tug87422/smithlab-shared/sharedreward-aging/derivatives/fsl/sub-11795/L2_task-sharedreward_model-1_type-REPLACEME_sm-5.gfeat/copeCOPENUM.feat/stats/cope1.nii.gz,1,-9.868055556,0.104166667,0.222222222,14.11000459,-0.041794928,0.607638889,-0.590277778,0.383768335,-3.787047246,-57.47
11815,/gpfs/scratch/tug87422/smithlab-shared/sharedreward-aging/derivatives/fsl/sub-11815/L2_task-sharedreward_model-1_type-REPLACEME_sm-5.gfeat/copeCOPENUM.feat/stats/cope1.nii.gz,1,19.13194444,0.104166667,0.222222222,3.786445483,-0.020852594,0.607638889,-0.590277778,-1.021795522,-19.54893517,-468.44
11822,/gpfs/scratch/tug87422/smithlab-shared/sharedreward-aging/derivatives/fsl/sub-11822/L2_task-sharedreward_model-1_type-REPLACEME_sm-5.gfeat/copeCOPENUM.feat/stats/cope1.nii.gz,1,11.13194444,0.104166667,0.222222222,9.700952515,-0.053971225,-0.392361111,0.409722222,0.90800704,10.10788393,343.83
11823,/gpfs/scratch/tug87422/smithlab-shared/sharedreward-aging/derivatives/fsl/sub-11823/L2_task-sharedreward_model-1_type-REPLACEME_sm-5.gfeat/copeCOPENUM.feat/stats/cope1.nii.gz,1,11.13194444,0.104166667,0.222222222,17.35041009,-0.068445358,-0.392361111,0.409722222,0.260651377,2.901556652,209.09
11824,/gpfs/scratch/tug87422/smithlab-shared/sharedreward-aging/derivatives/fsl/sub-11824/L2_task-sharedreward_model-1_type-REPLACEME_sm-5.gfeat/copeCOPENUM.feat/stats/cope1.nii.gz,1,17.13194444,0.104166667,0.222222222,-9.340839765,0.118565687,-0.392361111,0.409722222,-0.334677521,-5.733676701,137.19
11828,/gpfs/scratch/tug87422/smithlab-shared/sharedreward-aging/derivatives/fsl/sub-11828/L2_task-sharedreward_model-1_type-REPLACEME_sm-5.gfeat/copeCOPENUM.feat/stats/cope1.nii.gz,1,33.13194444,0.104166667,0.222222222,-0.445632143,-0.001142327,0.607638889,-0.590277778,2.020759795,66.95170125,318.05
11829,/gpfs/scratch/tug87422/smithlab-shared/sharedreward-aging/derivatives/fsl/sub-11829/L1_task-sharedreward_model-1_type-REPLACEME_run-2_sm-5.feat/stats/copeCOPENUM.nii.gz,1,11.13194444,0.104166667,0.222222222,25.82504833,-0.106682823,-0.392361111,0.409722222,-0.808054372,-8.995216382,-176.62
11840,/gpfs/scratch/tug87422/smithlab-shared/sharedreward-aging/derivatives/fsl/sub-11840/L2_task-sharedreward_model-1_type-REPLACEME_sm-5.gfeat/copeCOPENUM.feat/stats/cope1.nii.gz,1,27.13194444,0.104166667,0.222222222,7.461524897,-0.047116375,0.607638889,-0.590277778,-1.445002892,-39.20573819,-339.17
11847,/gpfs/scratch/tug87422/smithlab-shared/sharedreward-aging/derivatives/fsl/sub-11847/L2_task-sharedreward_model-1_type-REPLACEME_sm-5.gfeat/copeCOPENUM.feat/stats/cope1.nii.gz,1,12.13194444,0.104166667,0.222222222,-3.046414951,0.066697689,-0.392361111,0.409722222,2.372317027,28.78081838,-15.42
11853,/gpfs/scratch/tug87422/smithlab-shared/sharedreward-aging/derivatives/fsl/sub-11853/L2_task-sharedreward_model-1_type-REPLACEME_sm-5.gfeat/copeCOPENUM.feat/stats/cope1.nii.gz,1,19.13194444,0.104166667,0.222222222,15.76517032,-0.079433075,-0.392361111,0.409722222,-1.995124049,-38.17060247,-147.43
11854,/gpfs/scratch/tug87422/smithlab-shared/sharedreward-aging/derivatives/fsl/sub-11854/L2_task-sharedreward_model-1_type-REPLACEME_sm-5.gfeat/copeCOPENUM.feat/stats/cope1.nii.gz,1,26.13194444,0.104166667,0.222222222,-7.819789813,0.165119975,0.607638889,-0.590277778,1.42769422,37.30842605,-596.91
11861,/gpfs/scratch/tug87422/smithlab-shared/sharedreward-aging/derivatives/fsl/sub-11861/L2_task-sharedreward_model-1_type-REPLACEME_sm-5.gfeat/copeCOPENUM.feat/stats/cope1.nii.gz,1,-18.86805556,0.104166667,0.222222222,9.415706696,-0.014820985,0.607638889,-0.590277778,0.101013628,-1.905930752,-309.93
11866,/gpfs/scratch/tug87422/smithlab-shared/sharedreward-aging/derivatives/fsl/sub-11866/L2_task-sharedreward_model-1_type-REPLACEME_sm-5.gfeat/copeCOPENUM.feat/stats/cope1.nii.gz,1,-16.86805556,0.104166667,0.222222222,13.33183595,-0.00433619,0.607638889,-0.590277778,0.092376507,-1.558212046,-101.96
11867,/gpfs/scratch/tug87422/smithlab-shared/sharedreward-aging/derivatives/fsl/sub-11867/L2_task-sharedreward_model-1_type-REPLACEME_sm-5.gfeat/copeCOPENUM.feat/stats/cope1.nii.gz,1,-19.86805556,0.104166667,0.222222222,17.35551161,-0.096997626,0.607638889,-0.590277778,1.242692715,-24.6898879,-121.47
11870,/gpfs/scratch/tug87422/smithlab-shared/sharedreward-aging/derivatives/fsl/sub-11870/L2_task-sharedreward_model-1_type-REPLACEME_sm-5.gfeat/copeCOPENUM.feat/stats/cope1.nii.gz,1,-16.86805556,0.104166667,0.222222222,10.86049722,-0.045221238,0.607638889,-0.590277778,-1.021795522,17.23570364,388.33
11872,/gpfs/scratch/tug87422/smithlab-shared/sharedreward-aging/derivatives/fsl/sub-11872/L2_task-sharedreward_model-1_type-REPLACEME_sm-5.gfeat/copeCOPENUM.feat/stats/cope1.nii.gz,1,-16.86805556,0.104166667,0.222222222,17.09814615,-0.032494894,0.607638889,-0.590277778,0.593025172,-10.00318155,225.31
11876,/gpfs/scratch/tug87422/smithlab-shared/sharedreward-aging/derivatives/fsl/sub-11876/L2_task-sharedreward_model-1_type-REPLACEME_sm-5.gfeat/copeCOPENUM.feat/stats/cope1.nii.gz,1,-13.86805556,0.104166667,0.222222222,21.14628536,-0.063296017,0.607638889,-0.590277778,0.166381529,-2.30738829,400.15
11877,/gpfs/scratch/tug87422/smithlab-shared/sharedreward-aging/derivatives/fsl/sub-11877/L2_task-sharedreward_model-1_type-REPLACEME_sm-5.gfeat/copeCOPENUM.feat/stats/cope1.nii.gz,1,-18.86805556,0.104166667,0.222222222,-7.149275631,-0.008017258,0.607638889,-0.590277778,-2.606607154,49.18160859,47.32
11881,/gpfs/scratch/tug87422/smithlab-shared/sharedreward-aging/derivatives/fsl/sub-11881/L1_task-sharedreward_model-1_type-REPLACEME_run-1_sm-5.feat/stats/copeCOPENUM.nii.gz,1,18.13194444,0.104166667,0.222222222,3.445063091,0.039563327,-0.392361111,0.409722222,0.092376507,1.674965686,123.68
11885,/gpfs/scratch/tug87422/smithlab-shared/sharedreward-aging/derivatives/fsl/sub-11885/L2_task-sharedreward_model-1_type-REPLACEME_sm-5.gfeat/copeCOPENUM.feat/stats/cope1.nii.gz,1,12.13194444,0.104166667,0.222222222,9.052442153,-0.035476145,-0.392361111,0.409722222,1.36236272,16.52810884,140.18
11891,/gpfs/scratch/tug87422/smithlab-shared/sharedreward-aging/derivatives/fsl/sub-11891/L2_task-sharedreward_model-1_type-REPLACEME_sm-5.gfeat/copeCOPENUM.feat/stats/cope1.nii.gz,1,27.13194444,0.104166667,0.222222222,7.506533513,0.026029232,-0.392361111,0.409722222,-0.139537976,-3.78593661,39.05