Subject,Run,computer_non-face.txt,computer_non-faceclea.txt,event_computer_neutral.txt,event_computer_punish.txt,event_computer_reward.txt,event_friend_neutral.txt,event_friend_punish.txt,event_friend_reward.txt,event_stranger_neutral.txt,event_stranger_punish.txt,event_stranger_reward.txt,friend_face.txt,missed_trial.txt,stranger_face.txt,Missed_Trial_Count,Exclusion
10317,1,1.0,18.0,2.0,8.0,8.0,2.0,8.0,8.0,2.0,8.0,8.0,18.0,0.0,18.0,0,Include
10317,2,1.0,18.0,2.0,8.0,8.0,2.0,8.0,8.0,2.0,8.0,8.0,18.0,0.0,18.0,0,Include
10369,1,1.0,18.0,2.0,8.0,8.0,2.0,8.0,8.0,2.0,8.0,8.0,18.0,0.0,18.0,0,Include
10369,2,1.0,18.0,2.0,8.0,8.0,2.0,8.0,8.0,2.0,8.0,8.0,18.0,0.0,18.0,0,Include
104,1,1.0,0.0,3.0,7.0,6.0,4.0,15.0,13.0,4.0,7.0,13.0,1.0,0.0,1.0,0,Include
104,2,1.0,0.0,5.0,15.0,12.0,2.0,7.0,7.0,1.0,14.0,9.0,1.0,0.0,1.0,0,Include
10402,1,1.0,18.0,2.0,8.0,8.0,2.0,8.0,8.0,2.0,7.0,8.0,18.0,1.0,17.0,1,Include
10402,2,1.0,18.0,2.0,8.0,8.0,2.0,8.0,8.0,2.0,8.0,8.0,18.0,0.0,18.0,0,Include
10418,1,1.0,18.0,2.0,8.0,8.0,2.0,8.0,8.0,2.0,8.0,8.0,18.0,0.0,18.0,0,Include
10418,2,1.0,18.0,2.0,8.0,8.0,2.0,8.0,8.0,2.0,8.0,8.0,18.0,0.0,18.0,0,Include
10462,1,1.0,18.0,2.0,8.0,8.0,2.0,8.0,8.0,2.0,8.0,8.0,18.0,0.0,18.0,0,Include
10462,2,1.0,0.0,1.0,1.0,1.0,0.0,1.0,1.0,1.0,1.0,1.0,1.0,0.0,1.0,0,Include
10478,1,1.0,36.0,4.0,16.0,16.0,4.0,16.0,16.0,4.0,16.0,16.0,36.0,0.0,36.0,0,Include
10478,2,1.0,0.0,1.0,1.0,1.0,0.0,1.0,1.0,1.0,1.0,1.0,1.0,0.0,1.0,0,Include
10486,1,1.0,18.0,2.0,8.0,8.0,2.0,8.0,8.0,2.0,8.0,7.0,18.0,1.0,17.0,1,Include
10486,2,1.0,18.0,2.0,8.0,8.0,2.0,8.0,8.0,2.0,8.0,8.0,18.0,0.0,18.0,0,Include
105,1,1.0,0.0,5.0,13.0,14.0,2.0,7.0,7.0,1.0,14.0,9.0,1.0,0.0,1.0,0,Include
105,2,1.0,0.0,2.0,7.0,7.0,6.0,14.0,12.0,3.0,7.0,14.0,1.0,0.0,1.0,0,Include
10529,1,1.0,18.0,2.0,8.0,8.0,2.0,8.0,8.0,2.0,8.0,8.0,18.0,0.0,18.0,0,Include
10529,2,1.0,18.0,2.0,8.0,8.0,2.0,8.0,7.0,2.0,8.0,8.0,17.0,1.0,18.0,1,Include
10541,1,1.0,18.0,2.0,8.0,8.0,2.0,8.0,8.0,2.0,8.0,8.0,18.0,0.0,18.0,0,Include
10541,2,1.0,17.0,2.0,7.0,8.0,2.0,8.0,8.0,2.0,8.0,8.0,18.0,1.0,18.0,1,Include
10555,1,1.0,18.0,2.0,8.0,8.0,2.0,8.0,8.0,2.0,8.0,8.0,18.0,0.0,18.0,0,Include
10555,2,1.0,18.0,2.0,8.0,8.0,2.0,8.0,8.0,2.0,8.0,8.0,18.0,0.0,18.0,0,Include
10559,1,1.0,16.0,2.0,7.0,7.0,2.0,7.0,8.0,2.0,6.0,7.0,17.0,6.0,15.0,6,Include
10559,2,1.0,18.0,2.0,8.0,8.0,2.0,8.0,8.0,2.0,8.0,7.0,18.0,1.0,17.0,1,Include
10572,1,1.0,18.0,2.0,8.0,8.0,2.0,8.0,8.0,2.0,8.0,8.0,18.0,0.0,18.0,0,Include
10572,2,1.0,18.0,2.0,8.0,8.0,2.0,8.0,8.0,2.0,8.0,8.0,18.0,0.0,18.0,0,Include
10581,1,1.0,17.0,2.0,7.0,8.0,2.0,8.0,8.0,2.0,8.0,7.0,18.0,2.0,17.0,2,Include
10581,2,1.0,18.0,2.0,8.0,8.0,2.0,8.0,8.0,1.0,8.0,7.0,18.0,2.0,16.0,2,Include
10584,1,1.0,18.0,2.0,8.0,8.0,2.0,8.0,8.0,2.0,8.0,8.0,18.0,0.0,18.0,0,Include
10584,2,1.0,0.0,1.0,1.0,1.0,0.0,1.0,1.0,1.0,1.0,1.0,1.0,0.0,1.0,0,Include
10585,1,1.0,17.0,2.0,8.0,7.0,2.0,8.0,8.0,2.0,8.0,8.0,18.0,1.0,18.0,1,Include
10585,2,1.0,18.0,2.0,8.0,8.0,2.0,8.0,8.0,2.0,8.0,8.0,18.0,0.0,18.0,0,Include
10589,1,1.0,18.0,2.0,8.0,8.0,2.0,8.0,8.0,2.0,8.0,8.0,18.0,0.0,18.0,0,Include
10589,2,1.0,18.0,2.0,8.0,8.0,2.0,8.0,8.0,2.0,8.0,8.0,18.0,0.0,18.0,0,Include
10590,1,1.0,18.0,2.0,8.0,8.0,2.0,8.0,7.0,2.0,8.0,8.0,17.0,1.0,18.0,1,Include
10590,2,1.0,18.0,2.0,8.0,8.0,2.0,8.0,8.0,2.0,8.0,8.0,18.0,0.0,18.0,0,Include
10596,1,1.0,18.0,2.0,8.0,8.0,1.0,8.0,8.0,2.0,8.0,8.0,17.0,1.0,18.0,1,Include
10596,2,1.0,18.0,2.0,8.0,8.0,2.0,8.0,8.0,2.0,6.0,8.0,18.0,2.0,16.0,2,Include
106,1,1.0,0.0,3.0,6.0,7.0,4.0,14.0,14.0,2.0,8.0,14.0,1.0,0.0,1.0,0,Include
106,2,1.0,0.0,4.0,13.0,14.0,2.0,6.0,8.0,4.0,13.0,7.0,1.0,1.0,1.0,1,Include
10603,1,1.0,18.0,2.0,8.0,8.0,2.0,8.0,8.0,2.0,8.0,8.0,18.0,0.0,18.0,0,Include
10603,2,1.0,0.0,1.0,1.0,1.0,0.0,1.0,1.0,1.0,1.0,1.0,1.0,0.0,1.0,0,Include
10606,1,1.0,18.0,2.0,8.0,8.0,2.0,8.0,8.0,2.0,8.0,8.0,18.0,0.0,18.0,0,Include
10606,2,1.0,18.0,2.0,8.0,8.0,2.0,8.0,8.0,2.0,8.0,8.0,18.0,0.0,18.0,0,Include
10608,1,1.0,18.0,2.0,8.0,8.0,2.0,8.0,8.0,2.0,8.0,8.0,18.0,0.0,18.0,0,Include
10608,2,1.0,13.0,2.0,7.0,4.0,1.0,7.0,4.0,1.0,5.0,5.0,12.0,19.0,10.0,19,Exclude
10617,1,1.0,18.0,2.0,8.0,8.0,2.0,8.0,8.0,2.0,8.0,8.0,18.0,0.0,18.0,0,Include
10617,2,1.0,0.0,1.0,1.0,1.0,0.0,1.0,1.0,1.0,1.0,1.0,1.0,0.0,1.0,0,Include
10636,1,1.0,18.0,2.0,8.0,8.0,2.0,8.0,8.0,2.0,7.0,8.0,18.0,1.0,17.0,1,Include
10636,2,1.0,13.0,1.0,7.0,5.0,2.0,8.0,8.0,2.0,7.0,7.0,18.0,7.0,16.0,7,Include
10638,1,1.0,17.0,2.0,7.0,8.0,1.0,8.0,8.0,2.0,7.0,7.0,17.0,4.0,16.0,4,Include
10638,2,1.0,18.0,2.0,8.0,8.0,2.0,8.0,8.0,2.0,8.0,8.0,18.0,0.0,18.0,0,Include
10640,1,1.0,18.0,2.0,8.0,8.0,2.0,8.0,8.0,2.0,8.0,8.0,18.0,0.0,18.0,0,Include
10640,2,1.0,15.0,1.0,6.0,8.0,2.0,7.0,5.0,1.0,8.0,7.0,14.0,9.0,16.0,9,Include
10641,1,1.0,18.0,2.0,8.0,8.0,2.0,8.0,8.0,2.0,8.0,8.0,18.0,0.0,18.0,0,Include
10641,2,1.0,0.0,1.0,1.0,1.0,0.0,1.0,1.0,1.0,1.0,1.0,1.0,0.0,1.0,0,Include
10642,1,1.0,17.0,2.0,7.0,8.0,2.0,8.0,8.0,2.0,8.0,8.0,18.0,1.0,18.0,1,Include
10642,2,1.0,18.0,2.0,8.0,8.0,2.0,8.0,8.0,2.0,8.0,8.0,18.0,0.0,18.0,0,Include
10644,1,1.0,17.0,2.0,8.0,7.0,2.0,8.0,8.0,2.0,8.0,8.0,18.0,1.0,18.0,1,Include
10644,2,1.0,18.0,2.0,8.0,8.0,2.0,8.0,7.0,1.0,8.0,8.0,17.0,2.0,17.0,2,Include
10647,1,1.0,18.0,2.0,8.0,8.0,2.0,8.0,8.0,2.0,8.0,7.0,18.0,1.0,17.0,1,Include
10647,2,1.0,18.0,2.0,8.0,8.0,2.0,8.0,8.0,2.0,8.0,8.0,18.0,0.0,18.0,0,Include
10649,1,1.0,18.0,2.0,8.0,8.0,2.0,8.0,8.0,2.0,8.0,7.0,18.0,1.0,17.0,1,Include
10649,2,1.0,17.0,2.0,8.0,7.0,2.0,8.0,8.0,2.0,8.0,8.0,18.0,1.0,18.0,1,Include
10652,1,1.0,18.0,2.0,8.0,8.0,2.0,8.0,8.0,2.0,8.0,8.0,18.0,0.0,18.0,0,Include
10652,2,1.0,18.0,2.0,8.0,8.0,2.0,8.0,8.0,2.0,8.0,8.0,18.0,0.0,18.0,0,Include
10656,1,1.0,18.0,2.0,8.0,8.0,2.0,8.0,8.0,2.0,8.0,8.0,18.0,0.0,18.0,0,Include
10656,2,1.0,18.0,2.0,8.0,8.0,2.0,8.0,8.0,2.0,8.0,8.0,18.0,0.0,18.0,0,Include
10657,1,1.0,18.0,2.0,8.0,8.0,2.0,8.0,7.0,2.0,8.0,8.0,17.0,1.0,18.0,1,Include
10657,2,1.0,18.0,2.0,8.0,8.0,2.0,8.0,8.0,2.0,8.0,8.0,18.0,0.0,18.0,0,Include
10661,1,1.0,18.0,2.0,8.0,8.0,2.0,8.0,8.0,2.0,8.0,8.0,18.0,0.0,18.0,0,Include
10661,2,1.0,18.0,2.0,8.0,8.0,2.0,8.0,8.0,2.0,8.0,8.0,18.0,0.0,18.0,0,Include
10663,1,1.0,18.0,2.0,8.0,8.0,2.0,8.0,8.0,2.0,8.0,8.0,18.0,0.0,18.0,0,Include
10663,2,1.0,18.0,2.0,8.0,8.0,2.0,8.0,8.0,2.0,8.0,8.0,18.0,0.0,18.0,0,Include
10668,1,1.0,34.0,3.0,16.0,15.0,3.0,16.0,15.0,4.0,15.0,16.0,34.0,5.0,35.0,5,Include
10668,2,1.0,0.0,1.0,1.0,1.0,0.0,1.0,1.0,1.0,1.0,1.0,1.0,0.0,1.0,0,Include
10673,1,1.0,18.0,2.0,8.0,8.0,2.0,8.0,8.0,2.0,8.0,8.0,18.0,0.0,18.0,0,Include
10673,2,1.0,17.0,2.0,8.0,7.0,2.0,8.0,8.0,2.0,8.0,8.0,18.0,1.0,18.0,1,Include
10674,1,1.0,18.0,2.0,8.0,8.0,2.0,8.0,8.0,2.0,8.0,8.0,18.0,0.0,18.0,0,Include
10674,2,1.0,18.0,2.0,8.0,8.0,2.0,8.0,8.0,2.0,8.0,8.0,18.0,0.0,18.0,0,Include
10677,1,1.0,18.0,2.0,8.0,8.0,2.0,8.0,8.0,2.0,8.0,7.0,18.0,1.0,17.0,1,Include
10677,2,1.0,18.0,2.0,8.0,8.0,2.0,8.0,8.0,2.0,7.0,8.0,18.0,1.0,17.0,1,Include
10685,1,1.0,17.0,1.0,8.0,8.0,2.0,8.0,8.0,2.0,8.0,8.0,18.0,1.0,18.0,1,Include
10685,2,1.0,17.0,2.0,7.0,8.0,2.0,8.0,8.0,2.0,7.0,8.0,18.0,2.0,17.0,2,Include
10690,1,1.0,18.0,2.0,8.0,8.0,2.0,7.0,8.0,2.0,8.0,8.0,17.0,1.0,18.0,1,Include
10690,2,1.0,18.0,2.0,8.0,8.0,2.0,8.0,8.0,2.0,8.0,8.0,18.0,0.0,18.0,0,Include
10691,1,1.0,18.0,2.0,8.0,8.0,2.0,7.0,8.0,2.0,8.0,8.0,17.0,1.0,18.0,1,Include
10691,2,1.0,16.0,2.0,7.0,7.0,2.0,8.0,8.0,2.0,8.0,8.0,18.0,2.0,18.0,2,Include
107,1,1.0,0.0,6.0,13.0,13.0,2.0,7.0,7.0,1.0,13.0,9.0,1.0,1.0,1.0,1,Include
107,2,1.0,0.0,2.0,7.0,7.0,4.0,14.0,14.0,1.0,9.0,14.0,1.0,0.0,1.0,0,Include
10700,1,1.0,18.0,2.0,8.0,8.0,2.0,8.0,8.0,2.0,7.0,8.0,18.0,1.0,17.0,1,Include
10700,2,1.0,18.0,2.0,8.0,8.0,2.0,8.0,8.0,2.0,8.0,8.0,18.0,0.0,18.0,0,Include
10701,1,1.0,18.0,2.0,8.0,8.0,2.0,8.0,8.0,2.0,8.0,8.0,18.0,0.0,18.0,0,Include
10701,2,1.0,18.0,2.0,8.0,8.0,2.0,8.0,8.0,2.0,8.0,8.0,18.0,0.0,18.0,0,Include
10713,1,1.0,18.0,2.0,8.0,8.0,2.0,8.0,8.0,2.0,8.0,8.0,18.0,0.0,18.0,0,Include
10713,2,1.0,18.0,2.0,8.0,8.0,2.0,8.0,8.0,2.0,8.0,8.0,18.0,0.0,18.0,0,Include
10716,1,1.0,18.0,2.0,8.0,8.0,2.0,8.0,8.0,2.0,8.0,8.0,18.0,0.0,18.0,0,Include
10716,2,1.0,18.0,2.0,8.0,8.0,2.0,8.0,8.0,2.0,8.0,8.0,18.0,0.0,18.0,0,Include
10718,1,1.0,18.0,2.0,8.0,8.0,2.0,8.0,8.0,2.0,8.0,8.0,18.0,0.0,18.0,0,Include
10718,2,1.0,18.0,2.0,8.0,8.0,2.0,8.0,8.0,2.0,8.0,8.0,18.0,0.0,18.0,0,Include
10720,1,1.0,18.0,2.0,8.0,8.0,2.0,8.0,8.0,2.0,8.0,8.0,18.0,0.0,18.0,0,Include
10720,2,1.0,18.0,2.0,8.0,8.0,2.0,8.0,8.0,2.0,8.0,8.0,18.0,0.0,18.0,0,Include
10723,1,1.0,18.0,2.0,8.0,8.0,2.0,8.0,8.0,2.0,8.0,8.0,18.0,0.0,18.0,0,Include
10723,2,1.0,18.0,2.0,8.0,8.0,2.0,8.0,8.0,2.0,8.0,8.0,18.0,0.0,18.0,0,Include
10741,1,1.0,18.0,2.0,8.0,8.0,2.0,8.0,8.0,2.0,8.0,8.0,18.0,0.0,18.0,0,Include
10741,2,1.0,18.0,2.0,8.0,8.0,2.0,8.0,8.0,2.0,8.0,8.0,18.0,0.0,18.0,0,Include
10748,1,1.0,18.0,2.0,8.0,8.0,2.0,8.0,8.0,2.0,8.0,8.0,18.0,0.0,18.0,0,Include
10748,2,1.0,18.0,2.0,8.0,8.0,2.0,8.0,8.0,2.0,8.0,8.0,18.0,0.0,18.0,0,Include
10767,1,1.0,18.0,2.0,8.0,8.0,2.0,8.0,8.0,2.0,8.0,8.0,18.0,0.0,18.0,0,Include
10767,2,1.0,18.0,2.0,8.0,8.0,2.0,8.0,8.0,2.0,8.0,7.0,18.0,1.0,17.0,1,Include
10770,1,1.0,18.0,2.0,8.0,8.0,2.0,8.0,8.0,2.0,8.0,8.0,18.0,0.0,18.0,0,Include
10770,2,1.0,18.0,2.0,8.0,8.0,2.0,8.0,8.0,2.0,8.0,8.0,18.0,0.0,18.0,0,Include
10777,1,1.0,18.0,2.0,8.0,8.0,2.0,8.0,8.0,2.0,8.0,8.0,18.0,0.0,18.0,0,Include
10777,2,1.0,15.0,2.0,6.0,7.0,2.0,7.0,7.0,2.0,7.0,7.0,16.0,7.0,16.0,7,Include
10781,1,1.0,18.0,2.0,8.0,8.0,2.0,8.0,8.0,2.0,8.0,8.0,18.0,0.0,18.0,0,Include
10781,2,1.0,18.0,2.0,8.0,8.0,2.0,8.0,8.0,2.0,8.0,8.0,18.0,0.0,18.0,0,Include
10783,1,1.0,18.0,2.0,8.0,8.0,2.0,6.0,8.0,2.0,8.0,8.0,16.0,2.0,18.0,2,Include
10783,2,1.0,17.0,2.0,8.0,7.0,2.0,8.0,8.0,1.0,8.0,7.0,18.0,3.0,16.0,3,Include
10785,1,1.0,18.0,2.0,8.0,8.0,2.0,8.0,8.0,2.0,8.0,7.0,18.0,1.0,17.0,1,Include
10785,2,1.0,18.0,2.0,8.0,8.0,2.0,8.0,8.0,2.0,8.0,8.0,18.0,0.0,18.0,0,Include
10794,1,1.0,18.0,2.0,8.0,8.0,2.0,8.0,8.0,2.0,8.0,8.0,18.0,0.0,18.0,0,Include
10794,2,1.0,18.0,2.0,8.0,8.0,2.0,8.0,8.0,2.0,8.0,8.0,18.0,0.0,18.0,0,Include
108,1,1.0,0.0,1.0,7.0,8.0,4.0,13.0,15.0,2.0,9.0,13.0,1.0,0.0,1.0,0,Include
108,2,1.0,0.0,3.0,14.0,15.0,1.0,8.0,7.0,4.0,12.0,8.0,1.0,0.0,1.0,0,Include
10800,1,1.0,18.0,2.0,8.0,8.0,2.0,8.0,8.0,2.0,7.0,7.0,18.0,2.0,16.0,2,Include
10800,2,1.0,16.0,1.0,8.0,7.0,2.0,8.0,6.0,2.0,8.0,8.0,16.0,4.0,18.0,4,Include
10801,1,1.0,18.0,2.0,8.0,8.0,2.0,8.0,8.0,2.0,7.0,8.0,18.0,1.0,17.0,1,Include
10801,2,1.0,17.0,2.0,7.0,8.0,2.0,8.0,8.0,2.0,8.0,8.0,18.0,1.0,18.0,1,Include
10802,1,1.0,17.0,2.0,8.0,7.0,2.0,8.0,8.0,2.0,8.0,8.0,18.0,1.0,18.0,1,Include
10802,2,1.0,18.0,2.0,8.0,8.0,2.0,8.0,8.0,2.0,8.0,8.0,18.0,0.0,18.0,0,Include
10803,1,1.0,18.0,2.0,8.0,8.0,2.0,8.0,8.0,2.0,8.0,8.0,18.0,0.0,18.0,0,Include
10803,2,1.0,0.0,1.0,1.0,1.0,0.0,1.0,1.0,1.0,1.0,1.0,1.0,0.0,1.0,0,Include
10804,1,1.0,16.0,2.0,6.0,8.0,2.0,8.0,8.0,2.0,8.0,7.0,18.0,3.0,17.0,3,Include
10804,2,1.0,16.0,2.0,8.0,6.0,1.0,8.0,8.0,2.0,8.0,8.0,17.0,3.0,18.0,3,Include
10806,1,1.0,17.0,2.0,8.0,7.0,2.0,8.0,8.0,2.0,8.0,8.0,18.0,1.0,18.0,1,Include
10806,2,1.0,18.0,2.0,8.0,8.0,2.0,8.0,8.0,2.0,8.0,8.0,18.0,0.0,18.0,0,Include
10807,1,1.0,17.0,2.0,7.0,8.0,2.0,8.0,8.0,2.0,8.0,8.0,18.0,1.0,18.0,1,Include
10807,2,1.0,17.0,2.0,7.0,8.0,2.0,7.0,8.0,2.0,8.0,8.0,17.0,2.0,18.0,2,Include
10809,1,1.0,10.0,1.0,3.0,7.0,1.0,6.0,6.0,1.0,4.0,6.0,13.0,20.0,11.0,20,Exclude
10809,2,1.0,0.0,1.0,1.0,1.0,0.0,1.0,1.0,1.0,1.0,1.0,1.0,0.0,1.0,0,Include
10810,1,1.0,18.0,2.0,8.0,8.0,2.0,8.0,8.0,1.0,8.0,8.0,18.0,1.0,17.0,1,Include
10810,2,1.0,18.0,2.0,8.0,8.0,2.0,8.0,8.0,2.0,8.0,8.0,18.0,0.0,18.0,0,Include
10812,1,1.0,18.0,2.0,8.0,8.0,2.0,8.0,8.0,2.0,8.0,8.0,18.0,0.0,18.0,0,Include
10812,2,1.0,18.0,2.0,8.0,8.0,2.0,8.0,8.0,2.0,8.0,8.0,18.0,0.0,18.0,0,Include
10817,1,1.0,18.0,2.0,8.0,8.0,2.0,8.0,7.0,2.0,8.0,8.0,17.0,1.0,18.0,1,Include
10817,2,1.0,18.0,2.0,8.0,8.0,2.0,8.0,8.0,2.0,7.0,8.0,18.0,1.0,17.0,1,Include
10827,1,1.0,14.0,2.0,7.0,5.0,1.0,8.0,7.0,2.0,8.0,6.0,16.0,8.0,16.0,8,Include
10827,2,1.0,11.0,1.0,5.0,5.0,2.0,6.0,7.0,1.0,7.0,7.0,15.0,13.0,15.0,13,Include
10831,1,1.0,18.0,2.0,8.0,8.0,2.0,8.0,8.0,2.0,8.0,8.0,18.0,0.0,18.0,0,Include
10831,2,1.0,18.0,2.0,8.0,8.0,2.0,8.0,8.0,2.0,8.0,8.0,18.0,0.0,18.0,0,Include
10834,1,1.0,18.0,2.0,8.0,8.0,2.0,8.0,8.0,2.0,8.0,8.0,18.0,0.0,18.0,0,Include
10834,2,1.0,18.0,2.0,8.0,8.0,2.0,8.0,8.0,2.0,8.0,8.0,18.0,0.0,18.0,0,Include
10836,1,1.0,0.0,1.0,1.0,1.0,1.0,1.0,1.0,1.0,1.0,0.0,1.0,0.0,1.0,0,Include
10836,2,1.0,18.0,2.0,8.0,8.0,2.0,8.0,8.0,2.0,8.0,8.0,18.0,0.0,18.0,0,Include
10838,1,1.0,18.0,2.0,8.0,8.0,2.0,8.0,8.0,2.0,8.0,8.0,18.0,0.0,18.0,0,Include
10838,2,1.0,16.0,2.0,8.0,6.0,2.0,8.0,7.0,2.0,6.0,8.0,17.0,5.0,16.0,5,Include
10843,1,1.0,18.0,2.0,8.0,8.0,2.0,8.0,8.0,2.0,8.0,8.0,18.0,0.0,18.0,0,Include
10843,2,1.0,17.0,2.0,7.0,8.0,2.0,8.0,8.0,2.0,7.0,8.0,18.0,2.0,17.0,2,Include
10849,1,1.0,0.0,1.0,1.0,1.0,1.0,1.0,1.0,1.0,1.0,0.0,1.0,0.0,1.0,0,Include
10849,2,1.0,0.0,1.0,1.0,1.0,0.0,1.0,1.0,1.0,1.0,1.0,1.0,0.0,1.0,0,Include
10850,1,1.0,18.0,2.0,8.0,8.0,2.0,8.0,8.0,2.0,8.0,8.0,18.0,0.0,18.0,0,Include
10850,2,1.0,17.0,2.0,7.0,8.0,2.0,8.0,8.0,2.0,8.0,7.0,18.0,2.0,17.0,2,Include
10854,1,1.0,17.0,2.0,8.0,7.0,2.0,8.0,8.0,2.0,8.0,8.0,18.0,1.0,18.0,1,Include
10854,2,1.0,18.0,2.0,8.0,8.0,2.0,8.0,8.0,2.0,8.0,8.0,18.0,0.0,18.0,0,Include
10857,1,1.0,18.0,2.0,8.0,8.0,2.0,8.0,8.0,2.0,8.0,8.0,18.0,0.0,18.0,0,Include
10857,2,1.0,18.0,2.0,8.0,8.0,2.0,8.0,8.0,2.0,8.0,8.0,18.0,0.0,18.0,0,Include
10858,1,1.0,36.0,4.0,16.0,16.0,4.0,16.0,16.0,4.0,16.0,16.0,36.0,0.0,36.0,0,Include
10858,2,1.0,18.0,2.0,8.0,8.0,2.0,8.0,8.0,2.0,8.0,8.0,18.0,0.0,18.0,0,Include
10860,1,1.0,18.0,2.0,8.0,8.0,2.0,8.0,8.0,2.0,8.0,7.0,18.0,1.0,17.0,1,Include
10860,2,1.0,18.0,2.0,8.0,8.0,2.0,8.0,8.0,2.0,8.0,8.0,18.0,0.0,18.0,0,Include
10862,1,1.0,18.0,2.0,8.0,8.0,2.0,8.0,7.0,2.0,8.0,8.0,17.0,1.0,18.0,1,Include
10862,2,1.0,18.0,2.0,8.0,8.0,2.0,7.0,8.0,2.0,8.0,8.0,17.0,1.0,18.0,1,Include
10863,1,1.0,18.0,2.0,8.0,8.0,2.0,8.0,8.0,2.0,8.0,8.0,18.0,0.0,18.0,0,Include
10863,2,1.0,18.0,2.0,8.0,8.0,2.0,8.0,8.0,2.0,8.0,8.0,18.0,0.0,18.0,0,Include
10866,1,1.0,18.0,2.0,8.0,8.0,2.0,8.0,8.0,2.0,8.0,7.0,18.0,1.0,17.0,1,Include
10866,2,1.0,18.0,2.0,8.0,8.0,2.0,8.0,8.0,2.0,8.0,8.0,18.0,0.0,18.0,0,Include
10875,1,1.0,18.0,2.0,8.0,8.0,2.0,8.0,8.0,2.0,8.0,8.0,18.0,0.0,18.0,0,Include
10875,2,1.0,18.0,2.0,8.0,8.0,2.0,8.0,8.0,2.0,8.0,8.0,18.0,0.0,18.0,0,Include
10881,1,1.0,18.0,2.0,8.0,8.0,2.0,8.0,8.0,2.0,8.0,7.0,18.0,1.0,17.0,1,Include
10881,2,1.0,0.0,1.0,1.0,1.0,0.0,1.0,1.0,1.0,1.0,1.0,1.0,0.0,1.0,0,Include
10886,1,1.0,18.0,2.0,8.0,8.0,2.0,8.0,8.0,2.0,8.0,8.0,18.0,0.0,18.0,0,Include
10886,2,1.0,0.0,1.0,1.0,1.0,0.0,1.0,1.0,1.0,1.0,1.0,1.0,0.0,1.0,0,Include
10887,1,1.0,19.0,2.0,9.0,8.0,2.0,8.0,9.0,2.0,8.0,8.0,19.0,0.0,18.0,0,Include
10887,2,1.0,18.0,2.0,8.0,8.0,2.0,8.0,8.0,2.0,8.0,8.0,18.0,0.0,18.0,0,Include
10896,1,1.0,18.0,2.0,8.0,8.0,2.0,8.0,8.0,2.0,8.0,8.0,18.0,0.0,18.0,0,Include
10896,2,1.0,18.0,2.0,8.0,8.0,2.0,8.0,8.0,2.0,6.0,8.0,18.0,2.0,16.0,2,Include
10897,1,1.0,18.0,2.0,8.0,8.0,2.0,8.0,8.0,2.0,8.0,8.0,18.0,0.0,18.0,0,Include
10897,2,1.0,0.0,1.0,1.0,1.0,0.0,1.0,1.0,1.0,1.0,1.0,1.0,0.0,1.0,0,Include
10898,1,1.0,18.0,2.0,8.0,8.0,1.0,8.0,8.0,2.0,8.0,8.0,17.0,1.0,18.0,1,Include
10898,2,1.0,18.0,2.0,8.0,8.0,2.0,8.0,8.0,2.0,8.0,8.0,18.0,0.0,18.0,0,Include
109,1,1.0,0.0,1.0,15.0,12.0,1.0,8.0,8.0,2.0,14.0,6.0,1.0,6.0,1.0,6,Include
109,2,1.0,0.0,4.0,5.0,5.0,5.0,11.0,7.0,1.0,4.0,12.0,1.0,19.0,1.0,19,Exclude
10908,1,1.0,18.0,2.0,8.0,8.0,2.0,8.0,8.0,2.0,8.0,7.0,18.0,1.0,17.0,1,Include
10908,2,1.0,18.0,2.0,8.0,8.0,2.0,8.0,8.0,2.0,8.0,8.0,18.0,0.0,18.0,0,Include
10913,1,1.0,18.0,2.0,8.0,8.0,2.0,8.0,8.0,2.0,8.0,8.0,18.0,0.0,18.0,0,Include
10913,2,1.0,18.0,2.0,8.0,8.0,2.0,8.0,8.0,2.0,8.0,8.0,18.0,0.0,18.0,0,Include
10918,1,1.0,18.0,2.0,8.0,8.0,2.0,8.0,8.0,2.0,8.0,8.0,18.0,0.0,18.0,0,Include
10918,2,1.0,18.0,2.0,8.0,8.0,2.0,8.0,8.0,2.0,8.0,8.0,18.0,0.0,18.0,0,Include
10919,1,1.0,18.0,2.0,8.0,8.0,2.0,8.0,8.0,2.0,8.0,8.0,18.0,0.0,18.0,0,Include
10919,2,1.0,16.0,1.0,7.0,8.0,2.0,8.0,8.0,2.0,8.0,8.0,18.0,2.0,18.0,2,Include
10924,1,1.0,18.0,2.0,8.0,8.0,2.0,7.0,8.0,2.0,8.0,8.0,17.0,1.0,18.0,1,Include
10924,2,1.0,17.0,2.0,7.0,8.0,2.0,8.0,8.0,2.0,8.0,8.0,18.0,1.0,18.0,1,Include
10926,1,1.0,35.0,4.0,16.0,15.0,4.0,16.0,16.0,4.0,16.0,16.0,36.0,1.0,36.0,1,Include
10926,2,1.0,0.0,1.0,1.0,1.0,0.0,1.0,1.0,1.0,1.0,1.0,1.0,0.0,1.0,0,Include
10928,1,1.0,18.0,2.0,8.0,8.0,2.0,8.0,7.0,2.0,7.0,7.0,17.0,3.0,16.0,3,Include
10928,2,1.0,18.0,2.0,8.0,8.0,2.0,8.0,8.0,2.0,8.0,8.0,18.0,0.0,18.0,0,Include
10929,1,1.0,18.0,2.0,8.0,8.0,2.0,8.0,8.0,2.0,8.0,8.0,18.0,0.0,18.0,0,Include
10929,2,1.0,18.0,2.0,8.0,8.0,2.0,8.0,8.0,2.0,8.0,8.0,18.0,0.0,18.0,0,Include
10930,1,1.0,17.0,2.0,7.0,8.0,2.0,8.0,8.0,2.0,8.0,8.0,18.0,1.0,18.0,1,Include
10930,2,1.0,18.0,2.0,8.0,8.0,2.0,8.0,8.0,2.0,8.0,8.0,18.0,0.0,18.0,0,Include
10938,1,1.0,18.0,2.0,8.0,8.0,2.0,8.0,8.0,2.0,8.0,8.0,18.0,0.0,18.0,0,Include
10938,2,1.0,17.0,2.0,7.0,8.0,2.0,8.0,8.0,2.0,8.0,8.0,18.0,1.0,18.0,1,Include
10940,1,1.0,18.0,2.0,8.0,8.0,2.0,8.0,8.0,2.0,8.0,8.0,18.0,0.0,18.0,0,Include
10940,2,1.0,18.0,2.0,8.0,8.0,2.0,8.0,8.0,2.0,8.0,8.0,18.0,0.0,18.0,0,Include
10950,1,1.0,17.0,2.0,8.0,7.0,1.0,8.0,8.0,2.0,8.0,8.0,17.0,2.0,18.0,2,Include
10950,2,1.0,18.0,2.0,8.0,8.0,2.0,8.0,8.0,2.0,8.0,8.0,18.0,0.0,18.0,0,Include
10951,1,1.0,18.0,2.0,8.0,8.0,2.0,7.0,8.0,2.0,8.0,8.0,17.0,1.0,18.0,1,Include
10951,2,1.0,18.0,2.0,8.0,8.0,2.0,8.0,8.0,2.0,8.0,8.0,18.0,0.0,18.0,0,Include
10952,1,1.0,18.0,2.0,8.0,8.0,2.0,8.0,8.0,2.0,8.0,8.0,18.0,0.0,18.0,0,Include
10952,2,1.0,17.0,2.0,8.0,7.0,2.0,8.0,8.0,2.0,8.0,8.0,18.0,1.0,18.0,1,Include
10953,1,1.0,18.0,2.0,8.0,8.0,2.0,8.0,8.0,2.0,8.0,8.0,18.0,0.0,18.0,0,Include
10953,2,1.0,16.0,2.0,7.0,7.0,2.0,8.0,8.0,2.0,8.0,8.0,18.0,2.0,18.0,2,Include
10954,1,1.0,14.0,2.0,6.0,6.0,2.0,5.0,6.0,2.0,7.0,7.0,13.0,11.0,16.0,11,Include
10954,2,1.0,12.0,1.0,7.0,4.0,2.0,5.0,6.0,2.0,6.0,6.0,13.0,15.0,14.0,15,Include
10956,1,1.0,18.0,2.0,8.0,8.0,2.0,8.0,8.0,2.0,8.0,8.0,18.0,0.0,18.0,0,Include
10956,2,1.0,18.0,2.0,8.0,8.0,2.0,8.0,8.0,2.0,8.0,8.0,18.0,0.0,18.0,0,Include
10958,1,1.0,18.0,2.0,8.0,8.0,2.0,8.0,8.0,2.0,8.0,8.0,18.0,0.0,18.0,0,Include
10958,2,1.0,18.0,2.0,8.0,8.0,2.0,8.0,8.0,2.0,8.0,8.0,18.0,0.0,18.0,0,Include
10961,1,1.0,18.0,2.0,8.0,8.0,2.0,8.0,8.0,2.0,8.0,8.0,18.0,0.0,18.0,0,Include
10961,2,1.0,18.0,2.0,8.0,8.0,2.0,8.0,8.0,2.0,8.0,8.0,18.0,0.0,18.0,0,Include
10964,1,18.0,0.0,2.0,8.0,8.0,2.0,8.0,8.0,2.0,8.0,8.0,18.0,0.0,18.0,0,Include
10964,2,18.0,0.0,2.0,8.0,8.0,2.0,8.0,8.0,2.0,8.0,8.0,18.0,0.0,18.0,0,Include
10966,1,1.0,17.0,2.0,7.0,8.0,2.0,8.0,8.0,2.0,8.0,8.0,18.0,1.0,18.0,1,Include
10966,2,1.0,17.0,2.0,7.0,8.0,2.0,8.0,8.0,2.0,8.0,8.0,18.0,1.0,18.0,1,Include
10969,1,1.0,17.0,2.0,7.0,8.0,2.0,8.0,8.0,2.0,8.0,8.0,18.0,1.0,18.0,1,Include
10969,2,1.0,18.0,2.0,8.0,8.0,2.0,8.0,8.0,2.0,8.0,8.0,18.0,0.0,18.0,0,Include
10974,1,1.0,18.0,2.0,8.0,8.0,2.0,7.0,8.0,2.0,8.0,7.0,17.0,2.0,17.0,2,Include
10974,2,1.0,18.0,2.0,8.0,8.0,2.0,8.0,8.0,2.0,8.0,8.0,18.0,0.0,18.0,0,Include
10977,1,1.0,18.0,2.0,8.0,8.0,2.0,8.0,8.0,2.0,8.0,8.0,18.0,0.0,18.0,0,Include
10977,2,1.0,18.0,2.0,8.0,8.0,2.0,8.0,8.0,2.0,8.0,8.0,18.0,0.0,18.0,0,Include
10979,1,1.0,18.0,2.0,8.0,8.0,2.0,8.0,8.0,2.0,8.0,8.0,18.0,0.0,18.0,0,Include
10979,2,1.0,18.0,2.0,8.0,8.0,2.0,8.0,8.0,2.0,8.0,8.0,18.0,0.0,18.0,0,Include
10983,1,1.0,18.0,2.0,8.0,8.0,2.0,8.0,8.0,2.0,8.0,8.0,18.0,0.0,18.0,0,Include
10983,2,1.0,18.0,2.0,8.0,8.0,2.0,8.0,8.0,2.0,8.0,8.0,18.0,0.0,18.0,0,Include
10984,1,1.0,18.0,2.0,8.0,8.0,2.0,8.0,8.0,2.0,8.0,8.0,18.0,0.0,18.0,0,Include
10984,2,1.0,18.0,2.0,8.0,8.0,2.0,8.0,8.0,2.0,8.0,8.0,18.0,0.0,18.0,0,Include
10998,1,1.0,18.0,2.0,8.0,8.0,2.0,8.0,8.0,2.0,8.0,8.0,18.0,0.0,18.0,0,Include
10998,2,1.0,17.0,2.0,8.0,7.0,2.0,8.0,8.0,2.0,8.0,8.0,18.0,1.0,18.0,1,Include
110,1,1.0,0.0,2.0,7.0,7.0,4.0,14.0,14.0,5.0,7.0,12.0,1.0,0.0,1.0,0,Include
110,2,1.0,0.0,5.0,13.0,14.0,2.0,7.0,7.0,2.0,13.0,9.0,1.0,0.0,1.0,0,Include
11005,1,1.0,18.0,2.0,8.0,8.0,2.0,8.0,8.0,2.0,8.0,8.0,18.0,0.0,18.0,0,Include
11005,2,1.0,18.0,2.0,8.0,8.0,2.0,8.0,8.0,2.0,8.0,8.0,18.0,0.0,18.0,0,Include
11007,1,1.0,18.0,2.0,8.0,8.0,2.0,8.0,8.0,2.0,8.0,8.0,18.0,0.0,18.0,0,Include
11007,2,1.0,18.0,2.0,8.0,8.0,2.0,8.0,8.0,2.0,8.0,8.0,18.0,0.0,18.0,0,Include
11012,1,1.0,18.0,2.0,8.0,8.0,2.0,8.0,8.0,2.0,7.0,8.0,18.0,1.0,17.0,1,Include
11012,2,1.0,18.0,2.0,8.0,8.0,2.0,8.0,8.0,2.0,8.0,8.0,18.0,0.0,18.0,0,Include
11016,1,1.0,17.0,1.0,8.0,8.0,2.0,8.0,8.0,2.0,8.0,8.0,18.0,1.0,18.0,1,Include
11016,2,1.0,18.0,2.0,8.0,8.0,2.0,8.0,8.0,2.0,8.0,8.0,18.0,0.0,18.0,0,Include
11021,1,1.0,18.0,2.0,8.0,8.0,2.0,8.0,8.0,2.0,8.0,8.0,18.0,0.0,18.0,0,Include
11021,2,1.0,18.0,2.0,8.0,8.0,2.0,8.0,8.0,2.0,8.0,8.0,18.0,0.0,18.0,0,Include
11030,1,1.0,17.0,2.0,7.0,8.0,2.0,8.0,8.0,2.0,8.0,8.0,18.0,1.0,18.0,1,Include
11030,2,1.0,17.0,2.0,7.0,8.0,2.0,8.0,8.0,2.0,8.0,8.0,18.0,1.0,18.0,1,Include
11031,1,1.0,18.0,2.0,8.0,8.0,2.0,8.0,8.0,2.0,8.0,8.0,18.0,0.0,18.0,0,Include
11031,2,1.0,18.0,2.0,8.0,8.0,2.0,8.0,8.0,2.0,8.0,8.0,18.0,0.0,18.0,0,Include
11036,1,18.0,0.0,2.0,8.0,8.0,2.0,8.0,8.0,2.0,8.0,8.0,18.0,0.0,18.0,0,Include
11036,2,18.0,0.0,2.0,8.0,8.0,2.0,8.0,8.0,2.0,8.0,8.0,18.0,0.0,18.0,0,Include
11039,1,1.0,18.0,2.0,8.0,8.0,2.0,8.0,8.0,2.0,8.0,8.0,18.0,0.0,18.0,0,Include
11039,2,1.0,18.0,2.0,8.0,8.0,2.0,8.0,8.0,2.0,8.0,8.0,18.0,0.0,18.0,0,Include
11042,1,1.0,18.0,2.0,8.0,8.0,2.0,8.0,8.0,2.0,8.0,8.0,18.0,0.0,18.0,0,Include
11042,2,1.0,18.0,2.0,8.0,8.0,2.0,8.0,8.0,2.0,8.0,8.0,18.0,0.0,18.0,0,Include
11053,1,1.0,18.0,2.0,8.0,8.0,2.0,8.0,8.0,2.0,8.0,8.0,18.0,0.0,18.0,0,Include
11053,2,1.0,18.0,2.0,8.0,8.0,2.0,8.0,8.0,2.0,8.0,8.0,18.0,0.0,18.0,0,Include
11058,1,1.0,17.0,1.0,8.0,8.0,2.0,8.0,8.0,2.0,8.0,8.0,18.0,1.0,18.0,1,Include
11058,2,1.0,18.0,2.0,8.0,8.0,1.0,8.0,7.0,2.0,8.0,8.0,16.0,2.0,18.0,2,Include
11060,1,1.0,18.0,2.0,8.0,8.0,2.0,8.0,8.0,2.0,8.0,8.0,18.0,0.0,18.0,0,Include
11060,2,1.0,18.0,2.0,8.0,8.0,2.0,8.0,8.0,2.0,8.0,8.0,18.0,0.0,18.0,0,Include
11063,1,1.0,18.0,2.0,8.0,8.0,1.0,8.0,8.0,2.0,8.0,8.0,17.0,1.0,18.0,1,Include
11063,2,1.0,18.0,2.0,8.0,8.0,2.0,8.0,8.0,2.0,8.0,8.0,18.0,0.0,18.0,0,Include
11064,1,1.0,18.0,2.0,8.0,8.0,2.0,8.0,8.0,2.0,8.0,7.0,18.0,1.0,17.0,1,Include
11064,2,1.0,16.0,2.0,7.0,7.0,2.0,6.0,8.0,2.0,8.0,7.0,16.0,5.0,17.0,5,Include
11065,1,1.0,17.0,2.0,8.0,7.0,2.0,8.0,8.0,2.0,8.0,8.0,18.0,1.0,18.0,1,Include
11065,2,1.0,18.0,2.0,8.0,8.0,2.0,8.0,8.0,2.0,8.0,8.0,18.0,0.0,18.0,0,Include
11066,1,18.0,0.0,2.0,8.0,8.0,2.0,8.0,8.0,2.0,8.0,8.0,18.0,0.0,18.0,0,Include
11066,2,18.0,0.0,2.0,8.0,8.0,2.0,8.0,8.0,2.0,8.0,8.0,18.0,0.0,18.0,0,Include
11068,1,1.0,18.0,2.0,8.0,8.0,2.0,8.0,8.0,2.0,8.0,8.0,18.0,0.0,18.0,0,Include
11068,2,1.0,18.0,2.0,8.0,8.0,2.0,7.0,7.0,2.0,8.0,8.0,16.0,2.0,18.0,2,Include
11071,1,1.0,18.0,2.0,8.0,8.0,2.0,8.0,8.0,2.0,8.0,8.0,18.0,0.0,18.0,0,Include
11071,2,1.0,18.0,2.0,8.0,8.0,2.0,8.0,8.0,2.0,8.0,8.0,18.0,0.0,18.0,0,Include
11072,1,1.0,17.0,2.0,7.0,8.0,2.0,8.0,8.0,2.0,8.0,8.0,18.0,1.0,18.0,1,Include
11072,2,1.0,18.0,2.0,8.0,8.0,2.0,8.0,8.0,2.0,8.0,8.0,18.0,0.0,18.0,0,Include
11074,1,1.0,18.0,2.0,8.0,8.0,2.0,8.0,8.0,2.0,8.0,8.0,18.0,0.0,18.0,0,Include
11074,2,1.0,18.0,2.0,8.0,8.0,2.0,8.0,8.0,2.0,8.0,8.0,18.0,0.0,18.0,0,Include
11075,1,1.0,18.0,2.0,8.0,8.0,2.0,8.0,8.0,2.0,8.0,8.0,18.0,0.0,18.0,0,Include
11075,2,1.0,18.0,2.0,8.0,8.0,2.0,8.0,8.0,2.0,8.0,8.0,18.0,0.0,18.0,0,Include
11076,1,1.0,18.0,2.0,8.0,8.0,2.0,8.0,8.0,2.0,8.0,8.0,18.0,0.0,18.0,0,Include
11076,2,1.0,0.0,1.0,1.0,1.0,0.0,1.0,1.0,1.0,1.0,1.0,1.0,0.0,1.0,0,Include
11078,1,1.0,18.0,2.0,8.0,8.0,2.0,8.0,8.0,2.0,8.0,8.0,18.0,0.0,18.0,0,Include
11078,2,1.0,18.0,2.0,8.0,8.0,2.0,8.0,8.0,2.0,8.0,8.0,18.0,0.0,18.0,0,Include
11083,1,1.0,18.0,2.0,8.0,8.0,2.0,7.0,8.0,2.0,8.0,8.0,17.0,1.0,18.0,1,Include
11083,2,1.0,16.0,2.0,6.0,8.0,2.0,8.0,7.0,2.0,8.0,8.0,17.0,3.0,18.0,3,Include
11084,1,1.0,18.0,2.0,8.0,8.0,2.0,8.0,8.0,2.0,8.0,8.0,18.0,0.0,18.0,0,Include
11084,2,1.0,18.0,2.0,8.0,8.0,2.0,8.0,8.0,2.0,8.0,8.0,18.0,0.0,18.0,0,Include
11085,1,1.0,17.0,2.0,7.0,8.0,2.0,8.0,8.0,2.0,8.0,8.0,18.0,1.0,18.0,1,Include
11085,2,1.0,18.0,2.0,8.0,8.0,2.0,8.0,8.0,2.0,8.0,8.0,18.0,0.0,18.0,0,Include
11090,1,18.0,0.0,2.0,8.0,8.0,2.0,8.0,8.0,2.0,8.0,8.0,18.0,0.0,18.0,0,Include
11090,2,18.0,0.0,2.0,8.0,8.0,2.0,8.0,8.0,2.0,8.0,8.0,18.0,0.0,18.0,0,Include
111,1,1.0,0.0,1.0,3.0,7.0,2.0,5.0,2.0,1.0,8.0,5.0,1.0,40.0,1.0,40,Exclude
111,2,1.0,0.0,1.0,7.0,8.0,4.0,14.0,14.0,1.0,7.0,9.0,1.0,8.0,1.0,8,Include
11110,1,18.0,0.0,2.0,8.0,8.0,2.0,8.0,8.0,2.0,8.0,8.0,18.0,0.0,18.0,0,Include
11110,2,18.0,0.0,2.0,8.0,8.0,2.0,8.0,8.0,2.0,8.0,8.0,18.0,0.0,18.0,0,Include
11113,1,1.0,18.0,2.0,8.0,8.0,2.0,8.0,7.0,2.0,8.0,7.0,17.0,2.0,17.0,2,Include
11113,2,1.0,18.0,2.0,8.0,8.0,1.0,8.0,8.0,2.0,8.0,8.0,17.0,1.0,18.0,1,Include
11116,1,18.0,0.0,2.0,8.0,8.0,2.0,8.0,8.0,2.0,8.0,8.0,18.0,0.0,18.0,0,Include
11116,2,18.0,0.0,2.0,8.0,8.0,2.0,8.0,8.0,2.0,8.0,8.0,18.0,0.0,18.0,0,Include
11120,1,18.0,0.0,2.0,8.0,8.0,2.0,8.0,8.0,2.0,8.0,8.0,18.0,0.0,18.0,0,Include
11120,2,18.0,0.0,2.0,8.0,8.0,2.0,8.0,8.0,2.0,8.0,8.0,18.0,0.0,18.0,0,Include
11125,1,18.0,0.0,2.0,8.0,8.0,2.0,8.0,8.0,2.0,8.0,8.0,18.0,0.0,18.0,0,Include
11125,2,18.0,0.0,2.0,8.0,8.0,2.0,8.0,8.0,2.0,8.0,8.0,18.0,0.0,18.0,0,Include
11126,1,1.0,15.0,2.0,6.0,7.0,2.0,5.0,5.0,2.0,7.0,6.0,12.0,12.0,15.0,12,Include
11126,2,1.0,0.0,1.0,1.0,1.0,0.0,1.0,1.0,1.0,1.0,1.0,1.0,0.0,1.0,0,Include
11128,1,1.0,18.0,2.0,8.0,8.0,2.0,8.0,8.0,2.0,8.0,7.0,18.0,1.0,17.0,1,Include
11128,2,1.0,18.0,2.0,8.0,8.0,2.0,8.0,8.0,2.0,8.0,8.0,18.0,0.0,18.0,0,Include
11134,1,18.0,0.0,2.0,8.0,8.0,2.0,8.0,8.0,2.0,8.0,8.0,18.0,0.0,18.0,0,Include
11134,2,18.0,0.0,2.0,8.0,8.0,2.0,8.0,8.0,2.0,8.0,8.0,18.0,0.0,18.0,0,Include
11139,1,18.0,0.0,2.0,8.0,8.0,2.0,8.0,8.0,2.0,8.0,8.0,18.0,0.0,18.0,0,Include
11139,2,18.0,0.0,2.0,8.0,8.0,2.0,8.0,8.0,2.0,8.0,8.0,18.0,0.0,18.0,0,Include
11145,1,18.0,0.0,2.0,8.0,8.0,2.0,8.0,8.0,2.0,8.0,8.0,18.0,0.0,18.0,0,Include
11145,2,18.0,0.0,2.0,8.0,8.0,2.0,8.0,8.0,2.0,8.0,8.0,18.0,0.0,18.0,0,Include
11164,1,1.0,17.0,2.0,7.0,8.0,2.0,8.0,8.0,2.0,8.0,8.0,18.0,1.0,18.0,1,Include
11164,2,1.0,0.0,1.0,1.0,1.0,0.0,1.0,1.0,1.0,1.0,1.0,1.0,0.0,1.0,0,Include
11167,1,18.0,0.0,2.0,8.0,8.0,2.0,8.0,8.0,2.0,8.0,8.0,18.0,0.0,18.0,0,Include
11167,2,18.0,0.0,2.0,8.0,8.0,2.0,8.0,8.0,2.0,8.0,8.0,18.0,0.0,18.0,0,Include
11168,1,18.0,0.0,2.0,8.0,8.0,2.0,8.0,8.0,2.0,8.0,8.0,18.0,0.0,18.0,0,Include
11168,2,18.0,0.0,2.0,8.0,8.0,2.0,8.0,8.0,2.0,8.0,8.0,18.0,0.0,18.0,0,Include
11171,1,18.0,0.0,2.0,8.0,8.0,2.0,8.0,8.0,2.0,8.0,8.0,18.0,0.0,18.0,0,Include
11171,2,18.0,0.0,2.0,8.0,8.0,2.0,8.0,8.0,2.0,8.0,8.0,18.0,0.0,18.0,0,Include
11177,1,18.0,0.0,2.0,8.0,8.0,2.0,8.0,8.0,2.0,8.0,8.0,18.0,0.0,18.0,0,Include
11177,2,18.0,0.0,2.0,8.0,8.0,2.0,8.0,8.0,2.0,8.0,8.0,18.0,0.0,18.0,0,Include
11192,1,1.0,18.0,2.0,8.0,8.0,2.0,8.0,8.0,2.0,8.0,8.0,18.0,0.0,18.0,0,Include
11192,2,1.0,16.0,2.0,7.0,7.0,2.0,8.0,8.0,2.0,8.0,8.0,18.0,2.0,18.0,2,Include
11193,1,1.0,18.0,2.0,8.0,8.0,2.0,8.0,8.0,2.0,8.0,8.0,18.0,0.0,18.0,0,Include
11193,2,1.0,18.0,2.0,8.0,8.0,2.0,8.0,7.0,2.0,8.0,8.0,17.0,1.0,18.0,1,Include
112,1,1.0,0.0,6.0,12.0,14.0,1.0,8.0,7.0,2.0,14.0,8.0,1.0,0.0,1.0,0,Include
112,2,1.0,0.0,1.0,7.0,8.0,4.0,14.0,14.0,2.0,8.0,14.0,1.0,1.0,1.0,1,Include
11201,1,1.0,18.0,2.0,8.0,8.0,1.0,8.0,8.0,2.0,8.0,8.0,17.0,1.0,18.0,1,Include
11201,2,1.0,0.0,1.0,1.0,1.0,0.0,1.0,1.0,1.0,1.0,1.0,1.0,0.0,1.0,0,Include
11203,1,1.0,18.0,2.0,8.0,8.0,2.0,8.0,8.0,2.0,8.0,8.0,18.0,0.0,18.0,0,Include
11203,2,1.0,18.0,2.0,8.0,8.0,1.0,8.0,8.0,2.0,8.0,8.0,17.0,1.0,18.0,1,Include
11209,1,1.0,18.0,2.0,8.0,8.0,2.0,8.0,8.0,2.0,8.0,8.0,18.0,0.0,18.0,0,Include
11209,2,1.0,18.0,2.0,8.0,8.0,2.0,8.0,8.0,2.0,7.0,8.0,18.0,1.0,17.0,1,Include
11217,1,1.0,0.0,1.0,1.0,1.0,1.0,1.0,1.0,1.0,1.0,0.0,1.0,0.0,1.0,0,Include
11217,2,1.0,0.0,1.0,1.0,1.0,0.0,1.0,1.0,1.0,1.0,1.0,1.0,0.0,1.0,0,Include
11227,1,1.0,18.0,2.0,8.0,8.0,2.0,8.0,8.0,2.0,8.0,8.0,18.0,0.0,18.0,0,Include
11227,2,1.0,18.0,2.0,8.0,8.0,2.0,8.0,8.0,2.0,8.0,8.0,18.0,0.0,18.0,0,Include
11238,1,1.0,18.0,2.0,8.0,8.0,2.0,8.0,8.0,2.0,8.0,8.0,18.0,0.0,18.0,0,Include
11238,2,1.0,18.0,2.0,8.0,8.0,2.0,8.0,8.0,2.0,8.0,8.0,18.0,0.0,18.0,0,Include
11241,1,1.0,18.0,2.0,8.0,8.0,2.0,8.0,8.0,2.0,8.0,8.0,18.0,0.0,18.0,0,Include
11241,2,1.0,18.0,2.0,8.0,8.0,2.0,8.0,8.0,2.0,8.0,8.0,18.0,0.0,18.0,0,Include
11246,1,1.0,18.0,2.0,8.0,8.0,2.0,8.0,8.0,2.0,8.0,8.0,18.0,0.0,18.0,0,Include
11246,2,1.0,18.0,2.0,8.0,8.0,2.0,8.0,8.0,2.0,8.0,8.0,18.0,0.0,18.0,0,Include
11286,1,1.0,17.0,2.0,8.0,7.0,2.0,8.0,8.0,2.0,8.0,8.0,18.0,1.0,18.0,1,Include
11286,2,1.0,0.0,1.0,1.0,1.0,0.0,1.0,1.0,1.0,1.0,1.0,1.0,0.0,1.0,0,Include
113,1,1.0,0.0,4.0,14.0,14.0,2.0,7.0,7.0,3.0,13.0,8.0,1.0,0.0,1.0,0,Include
113,2,1.0,0.0,2.0,6.0,8.0,3.0,15.0,14.0,2.0,9.0,13.0,1.0,0.0,1.0,0,Include
11301,1,1.0,18.0,2.0,8.0,8.0,2.0,8.0,8.0,2.0,8.0,8.0,18.0,0.0,18.0,0,Include
11301,2,1.0,18.0,2.0,8.0,8.0,2.0,8.0,8.0,2.0,8.0,8.0,18.0,0.0,18.0,0,Include
11311,1,1.0,18.0,2.0,8.0,8.0,2.0,8.0,8.0,2.0,8.0,8.0,18.0,0.0,18.0,0,Include
11311,2,1.0,18.0,2.0,8.0,8.0,2.0,8.0,8.0,2.0,8.0,8.0,18.0,0.0,18.0,0,Include
11312,1,1.0,18.0,2.0,8.0,8.0,2.0,8.0,8.0,2.0,8.0,8.0,18.0,0.0,18.0,0,Include
11312,2,1.0,16.0,2.0,7.0,7.0,2.0,8.0,8.0,2.0,8.0,8.0,18.0,2.0,18.0,2,Include
11316,1,1.0,18.0,2.0,8.0,8.0,2.0,8.0,8.0,2.0,8.0,8.0,18.0,0.0,18.0,0,Include
11316,2,1.0,18.0,2.0,8.0,8.0,2.0,8.0,8.0,2.0,8.0,8.0,18.0,0.0,18.0,0,Include
11317,1,1.0,0.0,1.0,1.0,1.0,1.0,1.0,1.0,1.0,1.0,0.0,1.0,0.0,1.0,0,Include
11317,2,1.0,0.0,1.0,1.0,1.0,0.0,1.0,1.0,1.0,1.0,1.0,1.0,0.0,1.0,0,Include
11321,1,1.0,18.0,2.0,8.0,8.0,2.0,8.0,8.0,2.0,8.0,8.0,18.0,0.0,18.0,0,Include
11321,2,1.0,18.0,2.0,8.0,8.0,2.0,8.0,8.0,2.0,8.0,8.0,18.0,0.0,18.0,0,Include
11325,1,1.0,18.0,2.0,8.0,8.0,2.0,8.0,8.0,2.0,8.0,8.0,18.0,0.0,18.0,0,Include
11325,2,1.0,18.0,2.0,8.0,8.0,2.0,8.0,8.0,2.0,8.0,8.0,18.0,0.0,18.0,0,Include
11326,1,1.0,18.0,2.0,8.0,8.0,2.0,8.0,8.0,2.0,8.0,8.0,18.0,0.0,18.0,0,Include
11326,2,1.0,18.0,2.0,8.0,8.0,2.0,8.0,8.0,2.0,8.0,8.0,18.0,0.0,18.0,0,Include
11329,1,1.0,18.0,2.0,8.0,8.0,2.0,8.0,8.0,2.0,8.0,8.0,18.0,0.0,18.0,0,Include
11329,2,1.0,18.0,2.0,8.0,8.0,2.0,8.0,8.0,2.0,8.0,8.0,18.0,0.0,18.0,0,Include
11330,1,1.0,18.0,2.0,8.0,8.0,2.0,8.0,8.0,2.0,8.0,8.0,18.0,0.0,18.0,0,Include
11330,2,1.0,18.0,2.0,8.0,8.0,2.0,8.0,8.0,2.0,8.0,8.0,18.0,0.0,18.0,0,Include
11337,1,1.0,18.0,2.0,8.0,8.0,2.0,8.0,8.0,2.0,8.0,8.0,18.0,0.0,18.0,0,Include
11337,2,1.0,18.0,2.0,8.0,8.0,2.0,8.0,8.0,2.0,8.0,8.0,18.0,0.0,18.0,0,Include
11338,1,1.0,18.0,2.0,8.0,8.0,2.0,8.0,8.0,2.0,8.0,8.0,18.0,0.0,18.0,0,Include
11338,2,1.0,18.0,2.0,8.0,8.0,2.0,8.0,8.0,2.0,8.0,8.0,18.0,0.0,18.0,0,Include
11340,1,1.0,18.0,2.0,8.0,8.0,2.0,8.0,8.0,2.0,8.0,8.0,18.0,0.0,18.0,0,Include
11340,2,1.0,18.0,2.0,8.0,8.0,2.0,8.0,8.0,2.0,8.0,8.0,18.0,0.0,18.0,0,Include
11343,1,1.0,18.0,2.0,8.0,8.0,2.0,8.0,8.0,2.0,8.0,8.0,18.0,0.0,18.0,0,Include
11343,2,1.0,18.0,2.0,8.0,8.0,2.0,8.0,8.0,2.0,8.0,8.0,18.0,0.0,18.0,0,Include
11345,1,1.0,18.0,2.0,8.0,8.0,2.0,8.0,8.0,2.0,8.0,8.0,18.0,0.0,18.0,0,Include
11345,2,1.0,18.0,2.0,8.0,8.0,2.0,8.0,8.0,2.0,8.0,8.0,18.0,0.0,18.0,0,Include
11348,1,1.0,18.0,2.0,8.0,8.0,2.0,8.0,8.0,2.0,8.0,8.0,18.0,0.0,18.0,0,Include
11348,2,1.0,18.0,2.0,8.0,8.0,2.0,8.0,8.0,2.0,8.0,8.0,18.0,0.0,18.0,0,Include
11358,1,1.0,18.0,2.0,8.0,8.0,2.0,8.0,8.0,2.0,8.0,8.0,18.0,0.0,18.0,0,Include
11358,2,1.0,18.0,2.0,8.0,8.0,2.0,8.0,8.0,2.0,8.0,8.0,18.0,0.0,18.0,0,Include
11364,1,1.0,18.0,2.0,8.0,8.0,2.0,8.0,8.0,2.0,8.0,8.0,18.0,0.0,18.0,0,Include
11364,2,1.0,18.0,2.0,8.0,8.0,2.0,8.0,8.0,2.0,8.0,8.0,18.0,0.0,18.0,0,Include
11374,1,1.0,18.0,2.0,8.0,8.0,2.0,8.0,8.0,2.0,8.0,8.0,18.0,0.0,18.0,0,Include
11374,2,1.0,18.0,2.0,8.0,8.0,2.0,8.0,8.0,2.0,8.0,8.0,18.0,0.0,18.0,0,Include
11376,1,1.0,18.0,2.0,8.0,8.0,2.0,8.0,8.0,2.0,8.0,8.0,18.0,0.0,18.0,0,Include
11376,2,1.0,18.0,2.0,8.0,8.0,2.0,8.0,8.0,2.0,8.0,8.0,18.0,0.0,18.0,0,Include
11387,1,1.0,18.0,2.0,8.0,8.0,2.0,8.0,8.0,2.0,8.0,8.0,18.0,0.0,18.0,0,Include
11387,2,1.0,18.0,2.0,8.0,8.0,2.0,8.0,8.0,2.0,8.0,8.0,18.0,0.0,18.0,0,Include
11410,1,1.0,18.0,2.0,8.0,8.0,2.0,8.0,8.0,2.0,8.0,8.0,18.0,0.0,18.0,0,Include
11410,2,1.0,18.0,2.0,8.0,8.0,2.0,8.0,8.0,2.0,8.0,8.0,18.0,0.0,18.0,0,Include
115,1,1.0,0.0,6.0,13.0,13.0,3.0,6.0,6.0,1.0,14.0,9.0,1.0,1.0,1.0,1,Include
115,2,1.0,0.0,1.0,8.0,7.0,4.0,13.0,15.0,3.0,8.0,13.0,1.0,0.0,1.0,0,Include
116,1,1.0,0.0,4.0,6.0,6.0,4.0,13.0,13.0,3.0,8.0,13.0,1.0,2.0,1.0,2,Include
116,2,1.0,0.0,6.0,13.0,13.0,3.0,7.0,6.0,3.0,12.0,9.0,1.0,0.0,1.0,0,Include
117,1,1.0,0.0,2.0,6.0,8.0,5.0,13.0,14.0,4.0,8.0,12.0,1.0,0.0,1.0,0,Include
117,2,1.0,0.0,5.0,14.0,13.0,1.0,8.0,7.0,3.0,14.0,7.0,1.0,0.0,1.0,0,Include
118,1,1.0,0.0,2.0,5.0,5.0,3.0,7.0,10.0,3.0,6.0,12.0,1.0,19.0,1.0,19,Exclude
118,2,1.0,0.0,3.0,5.0,12.0,0.0,4.0,7.0,4.0,8.0,5.0,1.0,24.0,1.0,24,Exclude
120,1,1.0,0.0,2.0,13.0,13.0,3.0,6.0,7.0,1.0,11.0,7.0,1.0,10.0,1.0,10,Include
120,2,1.0,0.0,3.0,6.0,7.0,5.0,13.0,14.0,4.0,7.0,13.0,1.0,0.0,1.0,0,Include
121,1,1.0,0.0,2.0,8.0,6.0,5.0,13.0,14.0,2.0,9.0,13.0,1.0,0.0,1.0,0,Include
121,2,1.0,0.0,1.0,15.0,16.0,3.0,6.0,7.0,3.0,13.0,8.0,1.0,0.0,1.0,0,Include
122,1,1.0,0.0,4.0,11.0,15.0,2.0,8.0,6.0,4.0,12.0,7.0,1.0,3.0,1.0,3,Include
122,2,1.0,0.0,2.0,6.0,6.0,3.0,15.0,14.0,3.0,9.0,12.0,1.0,2.0,1.0,2,Include
124,1,1.0,0.0,2.0,6.0,8.0,5.0,14.0,13.0,4.0,7.0,13.0,1.0,0.0,1.0,0,Include
124,2,1.0,0.0,1.0,16.0,16.0,1.0,7.0,7.0,2.0,12.0,9.0,1.0,2.0,1.0,2,Include
125,1,1.0,0.0,4.0,13.0,13.0,4.0,6.0,6.0,5.0,12.0,7.0,1.0,2.0,1.0,2,Include
125,2,1.0,0.0,1.0,7.0,7.0,3.0,14.0,15.0,1.0,9.0,13.0,1.0,2.0,1.0,2,Include
126,1,1.0,0.0,3.0,15.0,14.0,3.0,7.0,6.0,3.0,13.0,8.0,1.0,0.0,1.0,0,Include
126,2,1.0,0.0,2.0,6.0,8.0,4.0,13.0,14.0,3.0,8.0,13.0,1.0,1.0,1.0,1,Include
127,1,1.0,0.0,3.0,14.0,14.0,1.0,7.0,8.0,3.0,14.0,6.0,1.0,2.0,1.0,2,Include
127,2,1.0,0.0,2.0,7.0,7.0,7.0,12.0,13.0,2.0,8.0,14.0,1.0,0.0,1.0,0,Include
128,1,1.0,0.0,3.0,15.0,14.0,2.0,8.0,6.0,3.0,13.0,8.0,1.0,0.0,1.0,0,Include
128,2,1.0,0.0,2.0,7.0,6.0,4.0,13.0,14.0,1.0,10.0,13.0,1.0,2.0,1.0,2,Include
129,1,1.0,0.0,1.0,4.0,3.0,3.0,8.0,11.0,1.0,5.0,9.0,1.0,27.0,1.0,27,Exclude
129,2,1.0,0.0,4.0,11.0,12.0,2.0,7.0,7.0,1.0,14.0,9.0,1.0,5.0,1.0,5,Include
130,1,1.0,0.0,2.0,5.0,6.0,2.0,16.0,14.0,2.0,9.0,13.0,1.0,3.0,1.0,3,Include
130,2,1.0,0.0,6.0,14.0,12.0,1.0,7.0,8.0,2.0,12.0,10.0,1.0,0.0,1.0,0,Include
131,1,1.0,0.0,1.0,8.0,7.0,2.0,8.0,11.0,3.0,7.0,10.0,1.0,16.0,1.0,16,Exclude
131,2,1.0,0.0,3.0,11.0,12.0,2.0,6.0,6.0,4.0,11.0,8.0,1.0,9.0,1.0,9,Include
132,1,1.0,0.0,7.0,13.0,12.0,1.0,8.0,7.0,1.0,14.0,10.0,1.0,0.0,1.0,0,Include
132,2,1.0,0.0,1.0,8.0,8.0,1.0,16.0,15.0,3.0,8.0,12.0,1.0,1.0,1.0,1,Include
133,1,1.0,0.0,2.0,14.0,14.0,1.0,7.0,7.0,3.0,12.0,9.0,1.0,3.0,1.0,3,Include
133,2,1.0,0.0,2.0,5.0,6.0,5.0,13.0,12.0,4.0,7.0,12.0,1.0,6.0,1.0,6,Include
134,1,1.0,0.0,1.0,6.0,8.0,1.0,14.0,16.0,3.0,5.0,11.0,1.0,7.0,1.0,7,Include
134,2,1.0,0.0,4.0,11.0,15.0,0.0,8.0,8.0,2.0,9.0,8.0,1.0,7.0,1.0,7,Include
135,1,1.0,0.0,2.0,9.0,7.0,2.0,5.0,7.0,1.0,12.0,9.0,1.0,19.0,1.0,19,Exclude
135,2,1.0,0.0,1.0,3.0,4.0,3.0,6.0,5.0,1.0,2.0,9.0,1.0,39.0,1.0,39,Exclude
136,1,1.0,0.0,3.0,6.0,7.0,3.0,14.0,14.0,3.0,9.0,12.0,1.0,1.0,1.0,1,Include
136,2,1.0,0.0,6.0,14.0,12.0,2.0,7.0,7.0,1.0,13.0,10.0,1.0,0.0,1.0,0,Include
137,1,1.0,0.0,3.0,6.0,7.0,7.0,13.0,12.0,2.0,9.0,13.0,1.0,0.0,1.0,0,Include
137,2,1.0,0.0,4.0,15.0,12.0,3.0,6.0,7.0,5.0,13.0,6.0,1.0,1.0,1.0,1,Include
138,1,1.0,0.0,1.0,1.0,5.0,1.0,1.0,1.0,1.0,4.0,2.0,1.0,58.0,1.0,58,Exclude
138,2,1.0,0.0,1.0,1.0,1.0,0.0,1.0,2.0,1.0,1.0,3.0,1.0,66.0,1.0,66,Exclude
140,1,1.0,0.0,2.0,7.0,7.0,3.0,12.0,15.0,1.0,10.0,12.0,1.0,4.0,1.0,4,Include
140,2,1.0,0.0,3.0,15.0,12.0,0.0,8.0,8.0,2.0,13.0,8.0,1.0,3.0,1.0,3,Include
141,1,1.0,0.0,5.0,14.0,12.0,1.0,8.0,8.0,4.0,11.0,7.0,1.0,3.0,1.0,3,Include
141,2,1.0,0.0,2.0,6.0,7.0,4.0,13.0,14.0,3.0,7.0,13.0,1.0,3.0,1.0,3,Include
142,1,1.0,0.0,2.0,6.0,7.0,4.0,12.0,13.0,5.0,6.0,10.0,1.0,7.0,1.0,7,Include
142,2,1.0,0.0,3.0,13.0,13.0,2.0,7.0,7.0,3.0,12.0,9.0,1.0,3.0,1.0,3,Include
143,1,1.0,0.0,1.0,6.0,8.0,1.0,15.0,15.0,3.0,7.0,14.0,1.0,2.0,1.0,2,Include
143,2,1.0,0.0,4.0,14.0,14.0,0.0,8.0,8.0,2.0,14.0,8.0,1.0,0.0,1.0,0,Include
144,1,1.0,0.0,1.0,6.0,8.0,1.0,15.0,15.0,3.0,7.0,14.0,1.0,2.0,1.0,2,Include
144,2,1.0,0.0,4.0,14.0,14.0,0.0,8.0,8.0,2.0,14.0,8.0,1.0,0.0,1.0,0,Include
145,1,1.0,0.0,2.0,6.0,8.0,3.0,10.0,7.0,3.0,7.0,12.0,1.0,14.0,1.0,14,Include
145,2,1.0,0.0,5.0,15.0,12.0,1.0,8.0,7.0,2.0,14.0,8.0,1.0,0.0,1.0,0,Include
147,1,1.0,0.0,6.0,11.0,13.0,4.0,6.0,6.0,3.0,11.0,6.0,1.0,6.0,1.0,6,Include
147,2,1.0,0.0,2.0,6.0,7.0,3.0,14.0,15.0,6.0,6.0,12.0,1.0,1.0,1.0,1,Include
149,1,1.0,0.0,2.0,6.0,6.0,3.0,11.0,2.0,2.0,7.0,6.0,1.0,27.0,1.0,27,Exclude
149,2,1.0,0.0,2.0,9.0,14.0,3.0,7.0,6.0,4.0,11.0,7.0,1.0,9.0,1.0,9,Include
150,1,1.0,0.0,3.0,13.0,14.0,1.0,7.0,8.0,3.0,13.0,8.0,1.0,2.0,1.0,2,Include
150,2,1.0,0.0,3.0,7.0,6.0,4.0,14.0,14.0,1.0,9.0,14.0,1.0,0.0,1.0,0,Include
151,1,1.0,0.0,2.0,8.0,6.0,5.0,13.0,14.0,5.0,7.0,12.0,1.0,0.0,1.0,0,Include
151,2,1.0,0.0,3.0,13.0,16.0,1.0,8.0,7.0,1.0,13.0,10.0,1.0,0.0,1.0,0,Include
152,1,1.0,0.0,6.0,9.0,9.0,1.0,3.0,6.0,2.0,10.0,7.0,1.0,19.0,1.0,19,Exclude
152,2,1.0,0.0,1.0,6.0,4.0,3.0,13.0,15.0,3.0,8.0,13.0,1.0,6.0,1.0,6,Include
153,1,1.0,0.0,2.0,15.0,15.0,3.0,7.0,6.0,2.0,13.0,9.0,1.0,0.0,1.0,0,Include
153,2,1.0,0.0,2.0,7.0,7.0,4.0,13.0,15.0,4.0,7.0,13.0,1.0,0.0,1.0,0,Include
154,1,1.0,0.0,3.0,15.0,14.0,3.0,7.0,6.0,5.0,12.0,7.0,1.0,0.0,1.0,0,Include
154,2,1.0,0.0,3.0,7.0,6.0,4.0,14.0,14.0,3.0,9.0,12.0,1.0,0.0,1.0,0,Include
155,1,1.0,0.0,2.0,6.0,8.0,5.0,13.0,13.0,2.0,8.0,14.0,1.0,1.0,1.0,1,Include
155,2,1.0,0.0,5.0,12.0,14.0,0.0,8.0,8.0,5.0,12.0,7.0,1.0,1.0,1.0,1,Include
156,1,1.0,0.0,2.0,7.0,7.0,3.0,15.0,13.0,2.0,9.0,13.0,1.0,1.0,1.0,1,Include
156,2,1.0,0.0,3.0,15.0,14.0,3.0,7.0,6.0,2.0,14.0,8.0,1.0,0.0,1.0,0,Include
157,1,1.0,0.0,1.0,7.0,8.0,5.0,13.0,14.0,4.0,8.0,12.0,1.0,0.0,1.0,0,Include
157,2,1.0,0.0,4.0,14.0,13.0,3.0,6.0,7.0,3.0,13.0,8.0,1.0,1.0,1.0,1,Include
158,1,1.0,0.0,4.0,14.0,13.0,2.0,7.0,7.0,1.0,14.0,8.0,1.0,2.0,1.0,2,Include
158,2,1.0,0.0,4.0,6.0,6.0,4.0,14.0,14.0,2.0,9.0,13.0,1.0,0.0,1.0,0,Include
159,1,1.0,0.0,1.0,15.0,16.0,3.0,6.0,7.0,3.0,13.0,8.0,1.0,0.0,1.0,0,Include
159,2,1.0,0.0,1.0,7.0,8.0,6.0,13.0,13.0,4.0,8.0,12.0,1.0,0.0,1.0,0,Include
