ledger_id	dataset	subject	session	run	scope	applies_to	criterion	metric	value	threshold	threshold_rule	evidence	origin	evidence_status	decision_basis	disposition	reviewer	review_date	rationale
ds003745_sub-109_run-2_missed_trials_gt_25pct	ds003745	109		02	run	imaging_all	missed_trials_gt_25pct	missed_trial_fraction	0.2639	0.25	strictly greater than 25% of trials	logs/records/fulltrial-event-qc-run-level.tsv	seeded	current	automatic_rule	exclude	rule:docs/EXCLUSION_POLICY.md		poor task compliance
ds003745_sub-111_run-1_low_coverage_iqr_outlier	ds003745	111		01	run	imaging_all	low_coverage_iqr_outlier	coverage_pct	93.946	94.2137	Q1-1.5xIQR, per dataset, all runs	logs/records/analysis-qc-run-level.tsv; high_motion_fraction=0.074; max_fd_mm=2.065	seeded	current	reviewer	not_applicable			run already task-excluded
ds003745_sub-111_run-1_missed_trials_gt_25pct	ds003745	111		01	run	imaging_all	missed_trials_gt_25pct	missed_trial_fraction	0.5556	0.25	strictly greater than 25% of trials	logs/records/fulltrial-event-qc-run-level.tsv	seeded	current	automatic_rule	exclude	rule:docs/EXCLUSION_POLICY.md		poor task compliance
ds003745_sub-111_run-2_low_coverage_iqr_outlier	ds003745	111		02	run	imaging_all	low_coverage_iqr_outlier	coverage_pct	93.5239	94.2137	Q1-1.5xIQR, per dataset, all runs	logs/records/analysis-qc-run-level.tsv; high_motion_fraction=0.119; max_fd_mm=1.845	seeded	current	reviewer	pending_review			
ds003745_sub-118_run-1_missed_trials_gt_25pct	ds003745	118		01	run	imaging_all	missed_trials_gt_25pct	missed_trial_fraction	0.2639	0.25	strictly greater than 25% of trials	logs/records/fulltrial-event-qc-run-level.tsv	seeded	current	automatic_rule	exclude	rule:docs/EXCLUSION_POLICY.md		poor task compliance
ds003745_sub-118_run-2_high_mean_fd_iqr_outlier	ds003745	118		02	run	imaging_all	high_mean_fd_iqr_outlier	mean_fd_mm	0.565586	0.49364	Q3+1.5xIQR, per dataset, all runs	logs/records/analysis-qc-run-level.tsv; high_motion_fraction=0.089; max_fd_mm=18.414	seeded	current	reviewer	not_applicable			run already task-excluded
ds003745_sub-118_run-2_missed_trials_gt_25pct	ds003745	118		02	run	imaging_all	missed_trials_gt_25pct	missed_trial_fraction	0.3333	0.25	strictly greater than 25% of trials	logs/records/fulltrial-event-qc-run-level.tsv	seeded	current	automatic_rule	exclude	rule:docs/EXCLUSION_POLICY.md		poor task compliance
ds003745_sub-120_run-1_low_coverage_iqr_outlier	ds003745	120		01	run	imaging_all	low_coverage_iqr_outlier	coverage_pct	91.7533	94.2137	Q1-1.5xIQR, per dataset, all runs	logs/records/analysis-qc-run-level.tsv; high_motion_fraction=0.040; max_fd_mm=1.222	seeded	current	reviewer	pending_review			
ds003745_sub-120_run-2_high_mean_fd_iqr_outlier	ds003745	120		02	run	imaging_all	high_mean_fd_iqr_outlier	mean_fd_mm	0.855503	0.49364	Q3+1.5xIQR, per dataset, all runs	logs/records/analysis-qc-run-level.tsv; high_motion_fraction=0.554; max_fd_mm=5.717	seeded	current	reviewer	exclude	Cooper Sharp	2026-10-05	Registered high-motion rule applied as registered after cohort distribution review: mean FD 0.855503 mm > 0.49364 mm (Q3+1.5xIQR, per dataset, all runs)
ds003745_sub-120_run-2_low_coverage_iqr_outlier	ds003745	120		02	run	imaging_all	low_coverage_iqr_outlier	coverage_pct	90.8361	94.2137	Q1-1.5xIQR, per dataset, all runs	logs/records/analysis-qc-run-level.tsv; high_motion_fraction=0.554; max_fd_mm=5.717	seeded	current	reviewer	not_applicable	Cooper Sharp	2026-10-05	run already excluded for high_mean_fd_iqr_outlier
ds003745_sub-129_run-1_missed_trials_gt_25pct	ds003745	129		01	run	imaging_all	missed_trials_gt_25pct	missed_trial_fraction	0.375	0.25	strictly greater than 25% of trials	logs/records/fulltrial-event-qc-run-level.tsv	seeded	current	automatic_rule	exclude	rule:docs/EXCLUSION_POLICY.md		poor task compliance
ds003745_sub-131_run-2_high_mean_fd_iqr_outlier	ds003745	131		02	run	imaging_all	high_mean_fd_iqr_outlier	mean_fd_mm	0.579822	0.49364	Q3+1.5xIQR, per dataset, all runs	logs/records/analysis-qc-run-level.tsv; high_motion_fraction=0.421; max_fd_mm=4.191	seeded	current	reviewer	exclude	Cooper Sharp	2026-10-05	Registered high-motion rule applied as registered after cohort distribution review: mean FD 0.579822 mm > 0.49364 mm (Q3+1.5xIQR, per dataset, all runs)
ds003745_sub-135_run-1_missed_trials_gt_25pct	ds003745	135		01	run	imaging_all	missed_trials_gt_25pct	missed_trial_fraction	0.2639	0.25	strictly greater than 25% of trials	logs/records/fulltrial-event-qc-run-level.tsv	seeded	current	automatic_rule	exclude	rule:docs/EXCLUSION_POLICY.md		poor task compliance
ds003745_sub-135_run-2_missed_trials_gt_25pct	ds003745	135		02	run	imaging_all	missed_trials_gt_25pct	missed_trial_fraction	0.5417	0.25	strictly greater than 25% of trials	logs/records/fulltrial-event-qc-run-level.tsv	seeded	current	automatic_rule	exclude	rule:docs/EXCLUSION_POLICY.md		poor task compliance
ds003745_sub-138_run-1_high_mean_fd_iqr_outlier	ds003745	138		01	run	imaging_all	high_mean_fd_iqr_outlier	mean_fd_mm	0.813048	0.49364	Q3+1.5xIQR, per dataset, all runs	logs/records/analysis-qc-run-level.tsv; high_motion_fraction=0.708; max_fd_mm=3.896	seeded	current	reviewer	not_applicable			run already task-excluded
ds003745_sub-138_run-1_missed_trials_gt_25pct	ds003745	138		01	run	imaging_all	missed_trials_gt_25pct	missed_trial_fraction	0.8056	0.25	strictly greater than 25% of trials	logs/records/fulltrial-event-qc-run-level.tsv	seeded	current	automatic_rule	exclude	rule:docs/EXCLUSION_POLICY.md		poor task compliance
ds003745_sub-138_run-2_high_mean_fd_iqr_outlier	ds003745	138		02	run	imaging_all	high_mean_fd_iqr_outlier	mean_fd_mm	0.819342	0.49364	Q3+1.5xIQR, per dataset, all runs	logs/records/analysis-qc-run-level.tsv; high_motion_fraction=0.708; max_fd_mm=2.718	seeded	current	reviewer	not_applicable			run already task-excluded
ds003745_sub-138_run-2_missed_trials_gt_25pct	ds003745	138		02	run	imaging_all	missed_trials_gt_25pct	missed_trial_fraction	0.9167	0.25	strictly greater than 25% of trials	logs/records/fulltrial-event-qc-run-level.tsv	seeded	current	automatic_rule	exclude	rule:docs/EXCLUSION_POLICY.md		poor task compliance
ds003745_sub-145_run-1_high_mean_fd_iqr_outlier	ds003745	145		01	run	imaging_all	high_mean_fd_iqr_outlier	mean_fd_mm	1.27653	0.49364	Q3+1.5xIQR, per dataset, all runs	logs/records/analysis-qc-run-level.tsv; high_motion_fraction=0.876; max_fd_mm=6.542	seeded	current	reviewer	exclude	Cooper Sharp	2026-10-05	Registered high-motion rule applied as registered after cohort distribution review: mean FD 1.27653 mm > 0.49364 mm (Q3+1.5xIQR, per dataset, all runs)
ds003745_sub-145_run-2_high_mean_fd_iqr_outlier	ds003745	145		02	run	imaging_all	high_mean_fd_iqr_outlier	mean_fd_mm	1.52201	0.49364	Q3+1.5xIQR, per dataset, all runs	logs/records/analysis-qc-run-level.tsv; high_motion_fraction=0.965; max_fd_mm=5.760	seeded	current	reviewer	exclude	Cooper Sharp	2026-10-05	Registered high-motion rule applied as registered after cohort distribution review: mean FD 1.52201 mm > 0.49364 mm (Q3+1.5xIQR, per dataset, all runs)
ds003745_sub-145_run-2_low_coverage_iqr_outlier	ds003745	145		02	run	imaging_all	low_coverage_iqr_outlier	coverage_pct	90.8175	94.2137	Q1-1.5xIQR, per dataset, all runs	logs/records/analysis-qc-run-level.tsv; high_motion_fraction=0.965; max_fd_mm=5.760	seeded	current	reviewer	not_applicable	Cooper Sharp	2026-10-05	run already excluded for high_mean_fd_iqr_outlier
ds003745_sub-149_run-1_high_mean_fd_iqr_outlier	ds003745	149		01	run	imaging_all	high_mean_fd_iqr_outlier	mean_fd_mm	0.496537	0.49364	Q3+1.5xIQR, per dataset, all runs	logs/records/analysis-qc-run-level.tsv; high_motion_fraction=0.287; max_fd_mm=2.911	seeded	current	reviewer	not_applicable			run already task-excluded
ds003745_sub-149_run-1_missed_trials_gt_25pct	ds003745	149		01	run	imaging_all	missed_trials_gt_25pct	missed_trial_fraction	0.375	0.25	strictly greater than 25% of trials	logs/records/fulltrial-event-qc-run-level.tsv	seeded	current	automatic_rule	exclude	rule:docs/EXCLUSION_POLICY.md		poor task compliance
ds003745_sub-152_run-1_missed_trials_gt_25pct	ds003745	152		01	run	imaging_all	missed_trials_gt_25pct	missed_trial_fraction	0.2639	0.25	strictly greater than 25% of trials	logs/records/fulltrial-event-qc-run-level.tsv	seeded	current	automatic_rule	exclude	rule:docs/EXCLUSION_POLICY.md		poor task compliance
ds003745_sub-152_run-2_high_mean_fd_iqr_outlier	ds003745	152		02	run	imaging_all	high_mean_fd_iqr_outlier	mean_fd_mm	0.530224	0.49364	Q3+1.5xIQR, per dataset, all runs	logs/records/analysis-qc-run-level.tsv; high_motion_fraction=0.436; max_fd_mm=2.588	seeded	current	reviewer	exclude	Cooper Sharp	2026-10-05	Registered high-motion rule applied as registered after cohort distribution review: mean FD 0.530224 mm > 0.49364 mm (Q3+1.5xIQR, per dataset, all runs)
rf1_sub-10608_ses-01_run-2_missed_trials_gt_25pct	rf1	10608	01	2	run	imaging_all	missed_trials_gt_25pct	missed_trial_fraction	0.3519	0.25	strictly greater than 25% of trials	logs/records/fulltrial-event-qc-run-level.tsv	seeded	current	automatic_rule	exclude	rule:docs/EXCLUSION_POLICY.md		poor task compliance
rf1_sub-10657_ses-01_run-1_wrong_friend_name	rf1	10657	01	1	run	imaging_all	wrong_friend_name					docs/curated_run_exclusions.tsv	seeded	current	curated_record	exclude	Ryan session-form review and PI approval 2026-09-29		Incorrect friend name displayed in run 1; retain run 2 based on its recorded absence of task deviations. No Trust exclusion inferred.
rf1_sub-10806_ses-01_run-2_high_mean_fd_iqr_outlier	rf1	10806	01	2	run	imaging_all	high_mean_fd_iqr_outlier	mean_fd_mm	0.380306	0.3659	Q3+1.5xIQR, per dataset, all runs	logs/records/analysis-qc-run-level.tsv; high_motion_fraction=0.176; max_fd_mm=4.163	seeded	current	reviewer	exclude	Cooper Sharp	2026-10-05	Registered high-motion rule applied as registered after cohort distribution review: mean FD 0.380306 mm > 0.3659 mm (Q3+1.5xIQR, per dataset, all runs)
rf1_sub-10807_ses-01_run-1_high_mean_fd_iqr_outlier	rf1	10807	01	1	run	imaging_all	high_mean_fd_iqr_outlier	mean_fd_mm	0.504783	0.3659	Q3+1.5xIQR, per dataset, all runs	logs/records/analysis-qc-run-level.tsv; high_motion_fraction=0.404; max_fd_mm=1.914	seeded	current	reviewer	exclude	Cooper Sharp	2026-10-05	Registered high-motion rule applied as registered after cohort distribution review: mean FD 0.504783 mm > 0.3659 mm (Q3+1.5xIQR, per dataset, all runs)
rf1_sub-10807_ses-01_run-2_high_mean_fd_iqr_outlier	rf1	10807	01	2	run	imaging_all	high_mean_fd_iqr_outlier	mean_fd_mm	0.397774	0.3659	Q3+1.5xIQR, per dataset, all runs	logs/records/analysis-qc-run-level.tsv; high_motion_fraction=0.278; max_fd_mm=1.536	seeded	current	reviewer	exclude	Cooper Sharp	2026-10-05	Registered high-motion rule applied as registered after cohort distribution review: mean FD 0.397774 mm > 0.3659 mm (Q3+1.5xIQR, per dataset, all runs)
rf1_sub-10809_ses-01_run-1_missed_trials_gt_25pct	rf1	10809	01	1	run	imaging_all	missed_trials_gt_25pct	missed_trial_fraction	0.3704	0.25	strictly greater than 25% of trials	logs/records/fulltrial-event-qc-run-level.tsv	seeded	current	automatic_rule	exclude	rule:docs/EXCLUSION_POLICY.md		poor task compliance
rf1_sub-10881_ses-01_run-1_high_mean_fd_iqr_outlier	rf1	10881	01	1	run	imaging_all	high_mean_fd_iqr_outlier	mean_fd_mm	0.575637	0.3659	Q3+1.5xIQR, per dataset, all runs	logs/records/analysis-qc-run-level.tsv; high_motion_fraction=0.435; max_fd_mm=4.223	seeded	current	reviewer	exclude	Cooper Sharp	2026-10-05	Registered high-motion rule applied as registered after cohort distribution review: mean FD 0.575637 mm > 0.3659 mm (Q3+1.5xIQR, per dataset, all runs)
rf1_sub-10886_ses-01_run-1_high_mean_fd_iqr_outlier	rf1	10886	01	1	run	imaging_all	high_mean_fd_iqr_outlier	mean_fd_mm	0.476091	0.3659	Q3+1.5xIQR, per dataset, all runs	logs/records/analysis-qc-run-level.tsv; high_motion_fraction=0.267; max_fd_mm=3.422	seeded	current	reviewer	exclude	Cooper Sharp	2026-10-05	Registered high-motion rule applied as registered after cohort distribution review: mean FD 0.476091 mm > 0.3659 mm (Q3+1.5xIQR, per dataset, all runs)
rf1_sub-10926_ses-01_run-1_high_mean_fd_iqr_outlier	rf1	10926	01	1	run	imaging_all	high_mean_fd_iqr_outlier	mean_fd_mm	0.522268	0.3659	Q3+1.5xIQR, per dataset, all runs	logs/records/analysis-qc-run-level.tsv; high_motion_fraction=0.388; max_fd_mm=3.757	seeded	current	reviewer	exclude	Cooper Sharp	2026-10-05	Registered high-motion rule applied as registered after cohort distribution review: mean FD 0.522268 mm > 0.3659 mm (Q3+1.5xIQR, per dataset, all runs)
rf1_sub-10926_ses-01_run-2_high_mean_fd_iqr_outlier	rf1	10926	01	2	run	imaging_all	high_mean_fd_iqr_outlier	mean_fd_mm	0.428947	0.3659	Q3+1.5xIQR, per dataset, all runs	logs/records/analysis-qc-run-level.tsv; high_motion_fraction=0.286; max_fd_mm=2.660	seeded	current	reviewer	exclude	Cooper Sharp	2026-10-05	Registered high-motion rule applied as registered after cohort distribution review: mean FD 0.428947 mm > 0.3659 mm (Q3+1.5xIQR, per dataset, all runs)
rf1_sub-10950_ses-01_run-1_high_mean_fd_iqr_outlier	rf1	10950	01	1	run	imaging_all	high_mean_fd_iqr_outlier	mean_fd_mm	0.387618	0.3659	Q3+1.5xIQR, per dataset, all runs	logs/records/analysis-qc-run-level.tsv; high_motion_fraction=0.137; max_fd_mm=8.485	seeded	current	reviewer	exclude	Cooper Sharp	2026-10-05	Registered high-motion rule applied as registered after cohort distribution review: mean FD 0.387618 mm > 0.3659 mm (Q3+1.5xIQR, per dataset, all runs)
rf1_sub-10953_ses-01_run-2_high_mean_fd_iqr_outlier	rf1	10953	01	2	run	imaging_all	high_mean_fd_iqr_outlier	mean_fd_mm	0.443728	0.3659	Q3+1.5xIQR, per dataset, all runs	logs/records/analysis-qc-run-level.tsv; high_motion_fraction=0.345; max_fd_mm=2.151	seeded	current	reviewer	exclude	Cooper Sharp	2026-10-05	Registered high-motion rule applied as registered after cohort distribution review: mean FD 0.443728 mm > 0.3659 mm (Q3+1.5xIQR, per dataset, all runs)
rf1_sub-10954_ses-01_run-1_high_mean_fd_iqr_outlier	rf1	10954	01	1	run	imaging_all	high_mean_fd_iqr_outlier	mean_fd_mm	0.432575	0.3659	Q3+1.5xIQR, per dataset, all runs	logs/records/analysis-qc-run-level.tsv; high_motion_fraction=0.165; max_fd_mm=3.298	seeded	current	reviewer	exclude	Cooper Sharp	2026-10-05	Registered high-motion rule applied as registered after cohort distribution review: mean FD 0.432575 mm > 0.3659 mm (Q3+1.5xIQR, per dataset, all runs)
rf1_sub-10954_ses-01_run-2_high_mean_fd_iqr_outlier	rf1	10954	01	2	run	imaging_all	high_mean_fd_iqr_outlier	mean_fd_mm	0.510426	0.3659	Q3+1.5xIQR, per dataset, all runs	logs/records/analysis-qc-run-level.tsv; high_motion_fraction=0.184; max_fd_mm=4.478	seeded	current	reviewer	not_applicable			run already task-excluded
rf1_sub-10954_ses-01_run-2_missed_trials_gt_25pct	rf1	10954	01	2	run	imaging_all	missed_trials_gt_25pct	missed_trial_fraction	0.2778	0.25	strictly greater than 25% of trials	logs/records/fulltrial-event-qc-run-level.tsv	seeded	current	automatic_rule	exclude	rule:docs/EXCLUSION_POLICY.md		poor task compliance
rf1_sub-10974_ses-01_run-1_high_mean_fd_iqr_outlier	rf1	10974	01	1	run	imaging_all	high_mean_fd_iqr_outlier	mean_fd_mm	0.493281	0.3659	Q3+1.5xIQR, per dataset, all runs	logs/records/analysis-qc-run-level.tsv; high_motion_fraction=0.286; max_fd_mm=6.566	seeded	current	reviewer	exclude	Cooper Sharp	2026-10-05	Registered high-motion rule applied as registered after cohort distribution review: mean FD 0.493281 mm > 0.3659 mm (Q3+1.5xIQR, per dataset, all runs)
rf1_sub-11005_ses-01_run-1_high_mean_fd_iqr_outlier	rf1	11005	01	1	run	imaging_all	high_mean_fd_iqr_outlier	mean_fd_mm	0.526914	0.3659	Q3+1.5xIQR, per dataset, all runs	logs/records/analysis-qc-run-level.tsv; high_motion_fraction=0.192; max_fd_mm=8.201	seeded	current	reviewer	exclude	Cooper Sharp	2026-10-05	Registered high-motion rule applied as registered after cohort distribution review: mean FD 0.526914 mm > 0.3659 mm (Q3+1.5xIQR, per dataset, all runs)
rf1_sub-11005_ses-01_run-2_high_mean_fd_iqr_outlier	rf1	11005	01	2	run	imaging_all	high_mean_fd_iqr_outlier	mean_fd_mm	1.27015	0.3659	Q3+1.5xIQR, per dataset, all runs	logs/records/analysis-qc-run-level.tsv; high_motion_fraction=0.400; max_fd_mm=17.508	seeded	current	reviewer	exclude	Cooper Sharp	2026-10-05	Registered high-motion rule applied as registered after cohort distribution review: mean FD 1.27015 mm > 0.3659 mm (Q3+1.5xIQR, per dataset, all runs)
rf1_sub-11007_ses-01_run-2_high_mean_fd_iqr_outlier	rf1	11007	01	2	run	imaging_all	high_mean_fd_iqr_outlier	mean_fd_mm	0.499343	0.3659	Q3+1.5xIQR, per dataset, all runs	logs/records/analysis-qc-run-level.tsv; high_motion_fraction=0.192; max_fd_mm=8.750	seeded	current	reviewer	exclude	Cooper Sharp	2026-10-05	Registered high-motion rule applied as registered after cohort distribution review: mean FD 0.499343 mm > 0.3659 mm (Q3+1.5xIQR, per dataset, all runs)
rf1_sub-11012_ses-01_run-1_prior_pipeline_removal_unrecorded	rf1	11012	01	1	run	imaging_all	prior_pipeline_removal_unrecorded					Feb 2026 pipeline (code/archive/exclusions-2026-02) switched this subject to an L1 run-2 passthrough in commit 71e1491; no reason recorded	seeded	current	reviewer	pending_review			
rf1_sub-11064_ses-01_run-1_high_mean_fd_iqr_outlier	rf1	11064	01	1	run	imaging_all	high_mean_fd_iqr_outlier	mean_fd_mm	1.16949	0.3659	Q3+1.5xIQR, per dataset, all runs	logs/records/analysis-qc-run-level.tsv; high_motion_fraction=0.475; max_fd_mm=9.950	seeded	current	reviewer	exclude	Cooper Sharp	2026-10-05	Registered high-motion rule applied as registered after cohort distribution review: mean FD 1.16949 mm > 0.3659 mm (Q3+1.5xIQR, per dataset, all runs)
rf1_sub-11064_ses-01_run-2_high_mean_fd_iqr_outlier	rf1	11064	01	2	run	imaging_all	high_mean_fd_iqr_outlier	mean_fd_mm	0.510751	0.3659	Q3+1.5xIQR, per dataset, all runs	logs/records/analysis-qc-run-level.tsv; high_motion_fraction=0.204; max_fd_mm=7.105	seeded	current	reviewer	exclude	Cooper Sharp	2026-10-05	Registered high-motion rule applied as registered after cohort distribution review: mean FD 0.510751 mm > 0.3659 mm (Q3+1.5xIQR, per dataset, all runs)
rf1_sub-11090_ses-01_run-1_high_mean_fd_iqr_outlier	rf1	11090	01	1	run	imaging_all	high_mean_fd_iqr_outlier	mean_fd_mm	0.399944	0.3659	Q3+1.5xIQR, per dataset, all runs	logs/records/analysis-qc-run-level.tsv; high_motion_fraction=0.259; max_fd_mm=3.030	seeded	current	reviewer	exclude	Cooper Sharp	2026-10-05	Registered high-motion rule applied as registered after cohort distribution review: mean FD 0.399944 mm > 0.3659 mm (Q3+1.5xIQR, per dataset, all runs)
rf1_sub-11090_ses-01_run-2_high_mean_fd_iqr_outlier	rf1	11090	01	2	run	imaging_all	high_mean_fd_iqr_outlier	mean_fd_mm	0.376683	0.3659	Q3+1.5xIQR, per dataset, all runs	logs/records/analysis-qc-run-level.tsv; high_motion_fraction=0.239; max_fd_mm=1.381	seeded	current	reviewer	exclude	Cooper Sharp	2026-10-05	Registered high-motion rule applied as registered after cohort distribution review: mean FD 0.376683 mm > 0.3659 mm (Q3+1.5xIQR, per dataset, all runs)
rf1_sub-11125_ses-01_run-1_high_mean_fd_iqr_outlier	rf1	11125	01	1	run	imaging_all	high_mean_fd_iqr_outlier	mean_fd_mm	0.527659	0.3659	Q3+1.5xIQR, per dataset, all runs	logs/records/analysis-qc-run-level.tsv; high_motion_fraction=0.510; max_fd_mm=3.153	seeded	current	reviewer	exclude	Cooper Sharp	2026-10-05	Registered high-motion rule applied as registered after cohort distribution review: mean FD 0.527659 mm > 0.3659 mm (Q3+1.5xIQR, per dataset, all runs)
rf1_sub-11125_ses-01_run-2_high_mean_fd_iqr_outlier	rf1	11125	01	2	run	imaging_all	high_mean_fd_iqr_outlier	mean_fd_mm	0.620833	0.3659	Q3+1.5xIQR, per dataset, all runs	logs/records/analysis-qc-run-level.tsv; high_motion_fraction=0.569; max_fd_mm=2.819	seeded	current	reviewer	not_applicable			run already task-excluded
rf1_sub-11125_ses-01_run-2_missed_trials_gt_25pct	rf1	11125	01	2	run	imaging_all	missed_trials_gt_25pct	missed_trial_fraction	0.4259	0.25	strictly greater than 25% of trials	logs/records/fulltrial-event-qc-run-level.tsv	seeded	current	automatic_rule	exclude	rule:docs/EXCLUSION_POLICY.md		poor task compliance
rf1_sub-11201_ses-01_run-1_high_mean_fd_iqr_outlier	rf1	11201	01	1	run	imaging_all	high_mean_fd_iqr_outlier	mean_fd_mm	0.667695	0.3659	Q3+1.5xIQR, per dataset, all runs	logs/records/analysis-qc-run-level.tsv; high_motion_fraction=0.678; max_fd_mm=1.462	seeded	current	reviewer	exclude	Cooper Sharp	2026-10-05	Registered high-motion rule applied as registered after cohort distribution review: mean FD 0.667695 mm > 0.3659 mm (Q3+1.5xIQR, per dataset, all runs)
rf1_sub-11276_ses-01_run-1_high_mean_fd_iqr_outlier	rf1	11276	01	1	run	imaging_all	high_mean_fd_iqr_outlier	mean_fd_mm	0.673551	0.3659	Q3+1.5xIQR, per dataset, all runs	logs/records/analysis-qc-run-level.tsv; high_motion_fraction=0.345; max_fd_mm=14.586	seeded	current	reviewer	exclude	Cooper Sharp	2026-10-05	Registered high-motion rule applied as registered after cohort distribution review: mean FD 0.673551 mm > 0.3659 mm (Q3+1.5xIQR, per dataset, all runs)
rf1_sub-11276_ses-01_run-2_high_mean_fd_iqr_outlier	rf1	11276	01	2	run	imaging_all	high_mean_fd_iqr_outlier	mean_fd_mm	0.815734	0.3659	Q3+1.5xIQR, per dataset, all runs	logs/records/analysis-qc-run-level.tsv; high_motion_fraction=0.471; max_fd_mm=19.032	seeded	current	reviewer	exclude	Cooper Sharp	2026-10-05	Registered high-motion rule applied as registered after cohort distribution review: mean FD 0.815734 mm > 0.3659 mm (Q3+1.5xIQR, per dataset, all runs)
rf1_sub-11374_ses-01_run-1_high_mean_fd_iqr_outlier	rf1	11374	01	1	run	imaging_all	high_mean_fd_iqr_outlier	mean_fd_mm	0.602536	0.3659	Q3+1.5xIQR, per dataset, all runs	logs/records/analysis-qc-run-level.tsv; high_motion_fraction=0.435; max_fd_mm=3.176	seeded	current	reviewer	exclude	Cooper Sharp	2026-10-05	Registered high-motion rule applied as registered after cohort distribution review: mean FD 0.602536 mm > 0.3659 mm (Q3+1.5xIQR, per dataset, all runs)
rf1_sub-11374_ses-01_run-2_high_mean_fd_iqr_outlier	rf1	11374	01	2	run	imaging_all	high_mean_fd_iqr_outlier	mean_fd_mm	0.502791	0.3659	Q3+1.5xIQR, per dataset, all runs	logs/records/analysis-qc-run-level.tsv; high_motion_fraction=0.361; max_fd_mm=3.625	seeded	current	reviewer	exclude	Cooper Sharp	2026-10-05	Registered high-motion rule applied as registered after cohort distribution review: mean FD 0.502791 mm > 0.3659 mm (Q3+1.5xIQR, per dataset, all runs)
rf1_sub-11410_ses-01_run-2_low_coverage_iqr_outlier	rf1	11410	01	2	run	imaging_all	low_coverage_iqr_outlier	coverage_pct	99.0417	99.1488	Q1-1.5xIQR, per dataset, all runs	logs/records/analysis-qc-run-level.tsv; high_motion_fraction=0.106; max_fd_mm=6.507	seeded	current	reviewer	pending_review			
rf1_sub-11416_ses-01_run-1_high_mean_fd_iqr_outlier	rf1	11416	01	1	run	imaging_all	high_mean_fd_iqr_outlier	mean_fd_mm	0.380607	0.3659	Q3+1.5xIQR, per dataset, all runs	logs/records/analysis-qc-run-level.tsv; high_motion_fraction=0.165; max_fd_mm=11.739	seeded	current	reviewer	exclude	Cooper Sharp	2026-10-05	Registered high-motion rule applied as registered after cohort distribution review: mean FD 0.380607 mm > 0.3659 mm (Q3+1.5xIQR, per dataset, all runs)
rf1_sub-11443_ses-01_run-1_high_mean_fd_iqr_outlier	rf1	11443	01	1	run	imaging_all	high_mean_fd_iqr_outlier	mean_fd_mm	0.394889	0.3659	Q3+1.5xIQR, per dataset, all runs	logs/records/analysis-qc-run-level.tsv; high_motion_fraction=0.231; max_fd_mm=1.933	seeded	current	reviewer	exclude	Cooper Sharp	2026-10-05	Registered high-motion rule applied as registered after cohort distribution review: mean FD 0.394889 mm > 0.3659 mm (Q3+1.5xIQR, per dataset, all runs)
rf1_sub-11450_ses-01_run-2_source_excluded_missing_events	rf1	11450	01	2	run	imaging_all	source_excluded_missing_events					logs/records/analysis-run-dispositions.tsv; logs/runlists/fulltrial-event-qc-missing.tsv (Linux2)	seeded	current	automatic_rule	exclude	rule:docs/EXCLUSION_POLICY.md		source events file missing; run cannot be modeled
rf1_sub-11461_ses-01_run-1_high_mean_fd_iqr_outlier	rf1	11461	01	1	run	imaging_all	high_mean_fd_iqr_outlier	mean_fd_mm	0.419956	0.3659	Q3+1.5xIQR, per dataset, all runs	logs/records/analysis-qc-run-level.tsv; high_motion_fraction=0.200; max_fd_mm=5.871	seeded	current	reviewer	exclude	Cooper Sharp	2026-10-05	Registered high-motion rule applied as registered after cohort distribution review: mean FD 0.419956 mm > 0.3659 mm (Q3+1.5xIQR, per dataset, all runs)
rf1_sub-11472_ses-01_run-1_low_coverage_iqr_outlier	rf1	11472	01	1	run	imaging_all	low_coverage_iqr_outlier	coverage_pct	92.4196	99.1488	Q1-1.5xIQR, per dataset, all runs	logs/records/analysis-qc-run-level.tsv; high_motion_fraction=0.016; max_fd_mm=1.750; qc/coverage-mosaics/rf1_sub-11472_ses-01_run-1_coverage-92.42.png	seeded	current	reviewer	pending_review			
rf1_sub-11493_ses-01_run-1_high_mean_fd_iqr_outlier	rf1	11493	01	1	run	imaging_all	high_mean_fd_iqr_outlier	mean_fd_mm	0.376133	0.3659	Q3+1.5xIQR, per dataset, all runs	logs/records/analysis-qc-run-level.tsv; high_motion_fraction=0.149; max_fd_mm=2.356	seeded	current	reviewer	exclude	Cooper Sharp	2026-10-05	Registered high-motion rule applied as registered after cohort distribution review: mean FD 0.376133 mm > 0.3659 mm (Q3+1.5xIQR, per dataset, all runs)
rf1_sub-11529_ses-01_run-2_low_coverage_iqr_outlier	rf1	11529	01	2	run	imaging_all	low_coverage_iqr_outlier	coverage_pct	99.0735	99.1488	Q1-1.5xIQR, per dataset, all runs	logs/records/analysis-qc-run-level.tsv; high_motion_fraction=0.000; max_fd_mm=0.461	seeded	current	reviewer	pending_review			
rf1_sub-11539_ses-01_run-1_wrong_friend_photo	rf1	11539	01	1	run	imaging_all	wrong_friend_photo					docs/curated_run_exclusions.tsv	seeded	current	curated_record	exclude	Ryan session-note review 2026-08-24		Shared Reward runs 1 and 2 used the wrong friend photo, invalidating the task manipulation.
rf1_sub-11539_ses-01_run-2_wrong_friend_photo	rf1	11539	01	2	run	imaging_all	wrong_friend_photo					docs/curated_run_exclusions.tsv	seeded	current	curated_record	exclude	Ryan session-note review 2026-08-24		Shared Reward runs 1 and 2 used the wrong friend photo, invalidating the task manipulation.
rf1_sub-11559_ses-01_run-2_high_mean_fd_iqr_outlier	rf1	11559	01	2	run	imaging_all	high_mean_fd_iqr_outlier	mean_fd_mm	0.380865	0.3659	Q3+1.5xIQR, per dataset, all runs	logs/records/analysis-qc-run-level.tsv; high_motion_fraction=0.243; max_fd_mm=1.489	seeded	current	reviewer	exclude	Cooper Sharp	2026-10-05	Registered high-motion rule applied as registered after cohort distribution review: mean FD 0.380865 mm > 0.3659 mm (Q3+1.5xIQR, per dataset, all runs)
rf1_sub-11560_ses-01_run-1_high_mean_fd_iqr_outlier	rf1	11560	01	1	run	imaging_all	high_mean_fd_iqr_outlier	mean_fd_mm	0.765722	0.3659	Q3+1.5xIQR, per dataset, all runs	logs/records/analysis-qc-run-level.tsv; high_motion_fraction=0.498; max_fd_mm=5.979	seeded	current	reviewer	exclude	Cooper Sharp	2026-10-05	Registered high-motion rule applied as registered after cohort distribution review: mean FD 0.765722 mm > 0.3659 mm (Q3+1.5xIQR, per dataset, all runs)
rf1_sub-11560_ses-01_run-2_high_mean_fd_iqr_outlier	rf1	11560	01	2	run	imaging_all	high_mean_fd_iqr_outlier	mean_fd_mm	1.28624	0.3659	Q3+1.5xIQR, per dataset, all runs	logs/records/analysis-qc-run-level.tsv; high_motion_fraction=0.686; max_fd_mm=7.721	seeded	current	reviewer	exclude	Cooper Sharp	2026-10-05	Registered high-motion rule applied as registered after cohort distribution review: mean FD 1.28624 mm > 0.3659 mm (Q3+1.5xIQR, per dataset, all runs)
rf1_sub-11572_ses-01_run-1_low_coverage_iqr_outlier	rf1	11572	01	1	run	imaging_all	low_coverage_iqr_outlier	coverage_pct	99.1479	99.1488	Q1-1.5xIQR, per dataset, all runs	logs/records/analysis-qc-run-level.tsv; high_motion_fraction=0.004; max_fd_mm=0.915	seeded	current	reviewer	pending_review			
rf1_sub-11572_ses-01_run-2_low_coverage_iqr_outlier	rf1	11572	01	2	run	imaging_all	low_coverage_iqr_outlier	coverage_pct	99.0297	99.1488	Q1-1.5xIQR, per dataset, all runs	logs/records/analysis-qc-run-level.tsv; high_motion_fraction=0.039; max_fd_mm=1.160	seeded	current	reviewer	pending_review			
rf1_sub-11597_ses-01_run-1_high_mean_fd_iqr_outlier	rf1	11597	01	1	run	imaging_all	high_mean_fd_iqr_outlier	mean_fd_mm	0.530017	0.3659	Q3+1.5xIQR, per dataset, all runs	logs/records/analysis-qc-run-level.tsv; high_motion_fraction=0.408; max_fd_mm=2.291	seeded	current	reviewer	exclude	Cooper Sharp	2026-10-05	Registered high-motion rule applied as registered after cohort distribution review: mean FD 0.530017 mm > 0.3659 mm (Q3+1.5xIQR, per dataset, all runs)
rf1_sub-11598_ses-01_run-1_high_mean_fd_iqr_outlier	rf1	11598	01	1	run	imaging_all	high_mean_fd_iqr_outlier	mean_fd_mm	0.371678	0.3659	Q3+1.5xIQR, per dataset, all runs	logs/records/analysis-qc-run-level.tsv; high_motion_fraction=0.180; max_fd_mm=2.506	seeded	current	reviewer	exclude	Cooper Sharp	2026-10-05	Registered high-motion rule applied as registered after cohort distribution review: mean FD 0.371678 mm > 0.3659 mm (Q3+1.5xIQR, per dataset, all runs)
rf1_sub-11598_ses-01_run-2_high_mean_fd_iqr_outlier	rf1	11598	01	2	run	imaging_all	high_mean_fd_iqr_outlier	mean_fd_mm	0.477537	0.3659	Q3+1.5xIQR, per dataset, all runs	logs/records/analysis-qc-run-level.tsv; high_motion_fraction=0.306; max_fd_mm=2.741	seeded	current	reviewer	exclude	Cooper Sharp	2026-10-05	Registered high-motion rule applied as registered after cohort distribution review: mean FD 0.477537 mm > 0.3659 mm (Q3+1.5xIQR, per dataset, all runs)
rf1_sub-11719_ses-01_run-1_low_coverage_iqr_outlier	rf1	11719	01	1	run	imaging_all	low_coverage_iqr_outlier	coverage_pct	88.6022	99.1488	Q1-1.5xIQR, per dataset, all runs	logs/records/analysis-qc-run-level.tsv; high_motion_fraction=0.000; max_fd_mm=0.390; qc/coverage-mosaics/rf1_sub-11719_ses-01_run-1_coverage-88.60.png	seeded	current	reviewer	pending_review			
rf1_sub-11720_ses-01_run-1_high_mean_fd_iqr_outlier	rf1	11720	01	1	run	imaging_all	high_mean_fd_iqr_outlier	mean_fd_mm	0.469716	0.3659	Q3+1.5xIQR, per dataset, all runs	logs/records/analysis-qc-run-level.tsv; high_motion_fraction=0.325; max_fd_mm=2.300	seeded	current	reviewer	exclude	Cooper Sharp	2026-10-05	Registered high-motion rule applied as registered after cohort distribution review: mean FD 0.469716 mm > 0.3659 mm (Q3+1.5xIQR, per dataset, all runs)
rf1_sub-11720_ses-01_run-2_high_mean_fd_iqr_outlier	rf1	11720	01	2	run	imaging_all	high_mean_fd_iqr_outlier	mean_fd_mm	0.634071	0.3659	Q3+1.5xIQR, per dataset, all runs	logs/records/analysis-qc-run-level.tsv; high_motion_fraction=0.341; max_fd_mm=8.968	seeded	current	reviewer	exclude	Cooper Sharp	2026-10-05	Registered high-motion rule applied as registered after cohort distribution review: mean FD 0.634071 mm > 0.3659 mm (Q3+1.5xIQR, per dataset, all runs)
rf1_sub-11764_ses-01_run-2_low_coverage_iqr_outlier	rf1	11764	01	2	run	imaging_all	low_coverage_iqr_outlier	coverage_pct	98.4271	99.1488	Q1-1.5xIQR, per dataset, all runs	logs/records/analysis-qc-run-level.tsv; high_motion_fraction=0.004; max_fd_mm=0.527	seeded	current	reviewer	pending_review			
rf1_sub-11789_ses-01_run-1_low_coverage_iqr_outlier	rf1	11789	01	1	run	imaging_all	low_coverage_iqr_outlier	coverage_pct	98.6992	99.1488	Q1-1.5xIQR, per dataset, all runs	logs/records/analysis-qc-run-level.tsv; high_motion_fraction=0.063; max_fd_mm=0.706	seeded	current	reviewer	pending_review			
rf1_sub-11789_ses-01_run-2_low_coverage_iqr_outlier	rf1	11789	01	2	run	imaging_all	low_coverage_iqr_outlier	coverage_pct	99.1293	99.1488	Q1-1.5xIQR, per dataset, all runs	logs/records/analysis-qc-run-level.tsv; high_motion_fraction=0.043; max_fd_mm=0.568	seeded	current	reviewer	pending_review			
rf1_sub-11822_ses-01_run-2_low_coverage_iqr_outlier	rf1	11822	01	2	run	imaging_all	low_coverage_iqr_outlier	coverage_pct	99.0788	99.1488	Q1-1.5xIQR, per dataset, all runs	logs/records/analysis-qc-run-level.tsv; high_motion_fraction=0.000; max_fd_mm=0.401	seeded	current	reviewer	pending_review			
rf1_sub-11824_ses-01_run-1_low_coverage_iqr_outlier	rf1	11824	01	1	run	imaging_all	low_coverage_iqr_outlier	coverage_pct	98.8585	99.1488	Q1-1.5xIQR, per dataset, all runs	logs/records/analysis-qc-run-level.tsv; high_motion_fraction=0.063; max_fd_mm=1.536	seeded	current	reviewer	pending_review			
rf1_sub-11828_ses-01_run-2_low_coverage_iqr_outlier	rf1	11828	01	2	run	imaging_all	low_coverage_iqr_outlier	coverage_pct	98.8001	99.1488	Q1-1.5xIQR, per dataset, all runs	logs/records/analysis-qc-run-level.tsv; high_motion_fraction=0.004; max_fd_mm=0.614	seeded	current	reviewer	pending_review			
rf1_sub-11829_ses-01_run-1_low_coverage_iqr_outlier	rf1	11829	01	1	run	imaging_all	low_coverage_iqr_outlier	coverage_pct	98.6926	99.1488	Q1-1.5xIQR, per dataset, all runs	logs/records/analysis-qc-run-level.tsv; high_motion_fraction=0.000; max_fd_mm=0.394	seeded	current	reviewer	not_applicable			run already task-excluded
rf1_sub-11829_ses-01_run-1_missed_trials_gt_25pct	rf1	11829	01	1	run	imaging_all	missed_trials_gt_25pct	missed_trial_fraction	0.3704	0.25	strictly greater than 25% of trials	logs/records/fulltrial-event-qc-run-level.tsv	seeded	current	automatic_rule	exclude	rule:docs/EXCLUSION_POLICY.md		poor task compliance
rf1_sub-11829_ses-01_run-2_low_coverage_iqr_outlier	rf1	11829	01	2	run	imaging_all	low_coverage_iqr_outlier	coverage_pct	99.0828	99.1488	Q1-1.5xIQR, per dataset, all runs	logs/records/analysis-qc-run-level.tsv; high_motion_fraction=0.000; max_fd_mm=0.118	seeded	current	reviewer	pending_review			
rf1_sub-11853_ses-01_run-1_low_coverage_iqr_outlier	rf1	11853	01	1	run	imaging_all	low_coverage_iqr_outlier	coverage_pct	98.9196	99.1488	Q1-1.5xIQR, per dataset, all runs	logs/records/analysis-qc-run-level.tsv; high_motion_fraction=0.000; max_fd_mm=0.249	seeded	current	reviewer	pending_review			
rf1_sub-11853_ses-01_run-2_low_coverage_iqr_outlier	rf1	11853	01	2	run	imaging_all	low_coverage_iqr_outlier	coverage_pct	99.0589	99.1488	Q1-1.5xIQR, per dataset, all runs	logs/records/analysis-qc-run-level.tsv; high_motion_fraction=0.000; max_fd_mm=0.193	seeded	current	reviewer	pending_review			
rf1_sub-11861_ses-01_run-1_low_coverage_iqr_outlier	rf1	11861	01	1	run	imaging_all	low_coverage_iqr_outlier	coverage_pct	98.8532	99.1488	Q1-1.5xIQR, per dataset, all runs	logs/records/analysis-qc-run-level.tsv; high_motion_fraction=0.004; max_fd_mm=0.539	seeded	current	reviewer	pending_review			
rf1_sub-11866_ses-01_run-1_low_coverage_iqr_outlier	rf1	11866	01	1	run	imaging_all	low_coverage_iqr_outlier	coverage_pct	99.0881	99.1488	Q1-1.5xIQR, per dataset, all runs	logs/records/analysis-qc-run-level.tsv; high_motion_fraction=0.000; max_fd_mm=0.314	seeded	current	reviewer	pending_review			
rf1_sub-11866_ses-01_run-2_low_coverage_iqr_outlier	rf1	11866	01	2	run	imaging_all	low_coverage_iqr_outlier	coverage_pct	99.0695	99.1488	Q1-1.5xIQR, per dataset, all runs	logs/records/analysis-qc-run-level.tsv; high_motion_fraction=0.000; max_fd_mm=0.328	seeded	current	reviewer	pending_review			
rf1_sub-11867_ses-01_run-2_low_coverage_iqr_outlier	rf1	11867	01	2	run	imaging_all	low_coverage_iqr_outlier	coverage_pct	98.6488	99.1488	Q1-1.5xIQR, per dataset, all runs	logs/records/analysis-qc-run-level.tsv; high_motion_fraction=0.000; max_fd_mm=0.281	seeded	current	reviewer	pending_review			
rf1_sub-11870_ses-01_run-1_low_coverage_iqr_outlier	rf1	11870	01	1	run	imaging_all	low_coverage_iqr_outlier	coverage_pct	99.0337	99.1488	Q1-1.5xIQR, per dataset, all runs	logs/records/analysis-qc-run-level.tsv; high_motion_fraction=0.004; max_fd_mm=0.547	seeded	current	reviewer	pending_review			
rf1_sub-11870_ses-01_run-2_low_coverage_iqr_outlier	rf1	11870	01	2	run	imaging_all	low_coverage_iqr_outlier	coverage_pct	99.0563	99.1488	Q1-1.5xIQR, per dataset, all runs	logs/records/analysis-qc-run-level.tsv; high_motion_fraction=0.000; max_fd_mm=0.462	seeded	current	reviewer	pending_review			
rf1_sub-11877_ses-01_run-2_low_coverage_iqr_outlier	rf1	11877	01	2	run	imaging_all	low_coverage_iqr_outlier	coverage_pct	99.1412	99.1488	Q1-1.5xIQR, per dataset, all runs	logs/records/analysis-qc-run-level.tsv; high_motion_fraction=0.059; max_fd_mm=4.329	seeded	current	reviewer	pending_review			
rf1_sub-11881_ses-01_run-1_low_coverage_iqr_outlier	rf1	11881	01	1	run	imaging_all	low_coverage_iqr_outlier	coverage_pct	98.6129	99.1488	Q1-1.5xIQR, per dataset, all runs	logs/records/analysis-qc-run-level.tsv; high_motion_fraction=0.031; max_fd_mm=1.888	seeded	current	reviewer	pending_review			
rf1_sub-11881_ses-01_run-2_low_coverage_iqr_outlier	rf1	11881	01	2	run	imaging_all	low_coverage_iqr_outlier	coverage_pct	98.7231	99.1488	Q1-1.5xIQR, per dataset, all runs	logs/records/analysis-qc-run-level.tsv; high_motion_fraction=0.039; max_fd_mm=2.135	seeded	current	reviewer	pending_review			
rf1_sub-11902_ses-01_run-1_low_coverage_iqr_outlier	rf1	11902	01	1	run	imaging_all	low_coverage_iqr_outlier	coverage_pct	99.0576	99.1488	Q1-1.5xIQR, per dataset, all runs	logs/records/analysis-qc-run-level.tsv; high_motion_fraction=0.016; max_fd_mm=1.000	seeded	current	reviewer	pending_review			
rf1_sub-11902_ses-01_run-2_missed_trials_gt_25pct	rf1	11902	01	2	run	imaging_all	missed_trials_gt_25pct	missed_trial_fraction	0.3148	0.25	strictly greater than 25% of trials	logs/records/fulltrial-event-qc-run-level.tsv	seeded	current	automatic_rule	exclude	rule:docs/EXCLUSION_POLICY.md		poor task compliance
rf1_sub-11920_ses-01_run-2_missed_trials_gt_25pct	rf1	11920	01	2	run	imaging_all	missed_trials_gt_25pct	missed_trial_fraction	0.4259	0.25	strictly greater than 25% of trials	logs/records/fulltrial-event-qc-run-level.tsv	seeded	current	automatic_rule	exclude	rule:docs/EXCLUSION_POLICY.md		poor task compliance
rf1_sub-11922_ses-01_run-1_high_mean_fd_iqr_outlier	rf1	11922	01	1	run	imaging_all	high_mean_fd_iqr_outlier	mean_fd_mm	0.374263	0.3659	Q3+1.5xIQR, per dataset, all runs	logs/records/analysis-qc-run-level.tsv; high_motion_fraction=0.247; max_fd_mm=1.163	seeded	current	reviewer	exclude	Cooper Sharp	2026-10-05	Registered high-motion rule applied as registered after cohort distribution review: mean FD 0.374263 mm > 0.3659 mm (Q3+1.5xIQR, per dataset, all runs)
rf1_sub-11922_ses-01_run-2_high_mean_fd_iqr_outlier	rf1	11922	01	2	run	imaging_all	high_mean_fd_iqr_outlier	mean_fd_mm	0.53913	0.3659	Q3+1.5xIQR, per dataset, all runs	logs/records/analysis-qc-run-level.tsv; high_motion_fraction=0.443; max_fd_mm=1.905	seeded	current	reviewer	exclude	Cooper Sharp	2026-10-05	Registered high-motion rule applied as registered after cohort distribution review: mean FD 0.53913 mm > 0.3659 mm (Q3+1.5xIQR, per dataset, all runs)
rf1_sub-11923_ses-01_run-1_low_coverage_iqr_outlier	rf1	11923	01	1	run	imaging_all	low_coverage_iqr_outlier	coverage_pct	98.9049	99.1488	Q1-1.5xIQR, per dataset, all runs	logs/records/analysis-qc-run-level.tsv; high_motion_fraction=0.004; max_fd_mm=0.660	seeded	current	reviewer	pending_review			
rf1_sub-11926_ses-01_run-1_low_coverage_iqr_outlier	rf1	11926	01	1	run	imaging_all	low_coverage_iqr_outlier	coverage_pct	98.7045	99.1488	Q1-1.5xIQR, per dataset, all runs	logs/records/analysis-qc-run-level.tsv; high_motion_fraction=0.000; max_fd_mm=0.317	seeded	current	reviewer	pending_review			
rf1_sub-11931_ses-01_run-1_high_mean_fd_iqr_outlier	rf1	11931	01	1	run	imaging_all	high_mean_fd_iqr_outlier	mean_fd_mm	0.475605	0.3659	Q3+1.5xIQR, per dataset, all runs	logs/records/analysis-qc-run-level.tsv; high_motion_fraction=0.424; max_fd_mm=2.869	seeded	current	reviewer	exclude	Cooper Sharp	2026-10-05	Registered high-motion rule applied as registered after cohort distribution review: mean FD 0.475605 mm > 0.3659 mm (Q3+1.5xIQR, per dataset, all runs)
rf1_sub-11931_ses-01_run-2_high_mean_fd_iqr_outlier	rf1	11931	01	2	run	imaging_all	high_mean_fd_iqr_outlier	mean_fd_mm	0.488062	0.3659	Q3+1.5xIQR, per dataset, all runs	logs/records/analysis-qc-run-level.tsv; high_motion_fraction=0.490; max_fd_mm=1.515	seeded	current	reviewer	exclude	Cooper Sharp	2026-10-05	Registered high-motion rule applied as registered after cohort distribution review: mean FD 0.488062 mm > 0.3659 mm (Q3+1.5xIQR, per dataset, all runs)
rf1_sub-11949_ses-01_run-1_high_mean_fd_iqr_outlier	rf1	11949	01	1	run	imaging_all	high_mean_fd_iqr_outlier	mean_fd_mm	0.369181	0.3659	Q3+1.5xIQR, per dataset, all runs	logs/records/analysis-qc-run-level.tsv; high_motion_fraction=0.247; max_fd_mm=0.980	seeded	current	reviewer	exclude	Cooper Sharp	2026-10-05	Registered high-motion rule applied as registered after cohort distribution review: mean FD 0.369181 mm > 0.3659 mm (Q3+1.5xIQR, per dataset, all runs)
rf1_sub-11949_ses-01_run-2_high_mean_fd_iqr_outlier	rf1	11949	01	2	run	imaging_all	high_mean_fd_iqr_outlier	mean_fd_mm	0.38982	0.3659	Q3+1.5xIQR, per dataset, all runs	logs/records/analysis-qc-run-level.tsv; high_motion_fraction=0.329; max_fd_mm=0.809	seeded	current	reviewer	exclude	Cooper Sharp	2026-10-05	Registered high-motion rule applied as registered after cohort distribution review: mean FD 0.38982 mm > 0.3659 mm (Q3+1.5xIQR, per dataset, all runs)
rf1_sub-11960_ses-01_run-1_low_coverage_iqr_outlier	rf1	11960	01	1	run	imaging_all	low_coverage_iqr_outlier	coverage_pct	89.165	99.1488	Q1-1.5xIQR, per dataset, all runs	logs/records/analysis-qc-run-level.tsv; high_motion_fraction=0.000; max_fd_mm=0.182; qc/coverage-mosaics/rf1_sub-11960_ses-01_run-1_coverage-89.16.png	seeded	current	reviewer	pending_review			
rf1_sub-11960_ses-01_run-2_low_coverage_iqr_outlier	rf1	11960	01	2	run	imaging_all	low_coverage_iqr_outlier	coverage_pct	80.7404	99.1488	Q1-1.5xIQR, per dataset, all runs	logs/records/analysis-qc-run-level.tsv; high_motion_fraction=0.000; max_fd_mm=0.210; qc/coverage-mosaics/rf1_sub-11960_ses-01_run-2_coverage-80.74.png	seeded	current	reviewer	pending_review			
rf1_sub-12020_ses-01_run-2_low_coverage_iqr_outlier	rf1	12020	01	2	run	imaging_all	low_coverage_iqr_outlier	coverage_pct	99.1319	99.1488	Q1-1.5xIQR, per dataset, all runs	logs/records/analysis-qc-run-level.tsv; high_motion_fraction=0.000; max_fd_mm=0.168	seeded	current	reviewer	pending_review			
rf1_sub-12037_ses-01_run-2_source_excluded_missing_events	rf1	12037	01	2	run	imaging_all	source_excluded_missing_events					logs/records/analysis-run-dispositions.tsv; logs/runlists/fulltrial-event-qc-missing.tsv (Linux2)	seeded	current	automatic_rule	exclude	rule:docs/EXCLUSION_POLICY.md		source events file missing; run cannot be modeled
rf1_sub-12041_ses-01_run-1_missed_trials_gt_25pct	rf1	12041	01	1	run	imaging_all	missed_trials_gt_25pct	missed_trial_fraction	0.4118	0.25	strictly greater than 25% of trials	logs/records/fulltrial-event-qc-run-level.tsv	seeded	current	automatic_rule	exclude	rule:docs/EXCLUSION_POLICY.md		poor task compliance
rf1_sub-12054_ses-01_run-1_low_coverage_iqr_outlier	rf1	12054	01	1	run	imaging_all	low_coverage_iqr_outlier	coverage_pct	98.7443	99.1488	Q1-1.5xIQR, per dataset, all runs	logs/records/analysis-qc-run-level.tsv; high_motion_fraction=0.000; max_fd_mm=0.264	seeded	current	reviewer	pending_review			
rf1_sub-12054_ses-01_run-2_low_coverage_iqr_outlier	rf1	12054	01	2	run	imaging_all	low_coverage_iqr_outlier	coverage_pct	98.6634	99.1488	Q1-1.5xIQR, per dataset, all runs	logs/records/analysis-qc-run-level.tsv; high_motion_fraction=0.000; max_fd_mm=0.170	seeded	current	reviewer	pending_review			
ds003745_sub-105_ratings_missing_ratings_file	ds003745	105		*	subject	ratings_qualified	ratings_missing_ratings_file				within_partner_loss_gt_win_primary_2026-10-01	qc/ratings-raw/behavioral-eligibility.tsv; logs/records/ratings-qc-subject-level.tsv	seeded	current	automatic_rule	exclude	rule:docs/RAW_RATINGS_ANALYSIS.md		baseline ratings; not an imaging-gate exclusion
ds003745_sub-106_ratings_missing_ratings_file	ds003745	106		*	subject	ratings_qualified	ratings_missing_ratings_file				within_partner_loss_gt_win_primary_2026-10-01	qc/ratings-raw/behavioral-eligibility.tsv; logs/records/ratings-qc-subject-level.tsv	seeded	current	automatic_rule	exclude	rule:docs/RAW_RATINGS_ANALYSIS.md		baseline ratings; not an imaging-gate exclusion
ds003745_sub-109_ratings_missing_ratings_file	ds003745	109		*	subject	ratings_qualified	ratings_missing_ratings_file				within_partner_loss_gt_win_primary_2026-10-01	qc/ratings-raw/behavioral-eligibility.tsv; logs/records/ratings-qc-subject-level.tsv	seeded	current	automatic_rule	exclude	rule:docs/RAW_RATINGS_ANALYSIS.md		baseline ratings; not an imaging-gate exclusion
ds003745_sub-110_ratings_missing_ratings_file	ds003745	110		*	subject	ratings_qualified	ratings_missing_ratings_file				within_partner_loss_gt_win_primary_2026-10-01	qc/ratings-raw/behavioral-eligibility.tsv; logs/records/ratings-qc-subject-level.tsv	seeded	current	automatic_rule	exclude	rule:docs/RAW_RATINGS_ANALYSIS.md		baseline ratings; not an imaging-gate exclusion
ds003745_sub-126_ratings_identical_ratings	ds003745	126		*	subject	ratings_qualified	ratings_identical_ratings				within_partner_loss_gt_win_primary_2026-10-01	qc/ratings-raw/behavioral-eligibility.tsv; logs/records/ratings-qc-subject-level.tsv	seeded	current	automatic_rule	exclude	rule:docs/RAW_RATINGS_ANALYSIS.md		baseline ratings; not an imaging-gate exclusion
ds003745_sub-127_ratings_partner_1_loss_greater_than_win	ds003745	127		*	subject	ratings_qualified	ratings_partner_1_loss_greater_than_win	raw rating means (partner 1/2/3=computer/stranger/friend; trait 0/1=win/loss)	p1t0=0,p1t1=5,p2t0=3,p2t1=4,p3t0=3,p3t1=3		within_partner_loss_gt_win_primary_2026-10-01	qc/ratings-raw/behavioral-eligibility.tsv; logs/records/ratings-qc-subject-level.tsv	seeded	current	automatic_rule	exclude	rule:docs/RAW_RATINGS_ANALYSIS.md		baseline ratings; not an imaging-gate exclusion
ds003745_sub-127_ratings_partner_2_loss_greater_than_win	ds003745	127		*	subject	ratings_qualified	ratings_partner_2_loss_greater_than_win	raw rating means (partner 1/2/3=computer/stranger/friend; trait 0/1=win/loss)	p1t0=0,p1t1=5,p2t0=3,p2t1=4,p3t0=3,p3t1=3		within_partner_loss_gt_win_primary_2026-10-01	qc/ratings-raw/behavioral-eligibility.tsv; logs/records/ratings-qc-subject-level.tsv	seeded	current	automatic_rule	exclude	rule:docs/RAW_RATINGS_ANALYSIS.md		baseline ratings; not an imaging-gate exclusion
ds003745_sub-130_ratings_missing_ratings_file	ds003745	130		*	subject	ratings_qualified	ratings_missing_ratings_file				within_partner_loss_gt_win_primary_2026-10-01	qc/ratings-raw/behavioral-eligibility.tsv; logs/records/ratings-qc-subject-level.tsv	seeded	current	automatic_rule	exclude	rule:docs/RAW_RATINGS_ANALYSIS.md		baseline ratings; not an imaging-gate exclusion
ds003745_sub-131_ratings_missing_ratings_file	ds003745	131		*	subject	ratings_qualified	ratings_missing_ratings_file				within_partner_loss_gt_win_primary_2026-10-01	qc/ratings-raw/behavioral-eligibility.tsv; logs/records/ratings-qc-subject-level.tsv	seeded	current	automatic_rule	exclude	rule:docs/RAW_RATINGS_ANALYSIS.md		baseline ratings; not an imaging-gate exclusion
ds003745_sub-132_ratings_missing_ratings_file	ds003745	132		*	subject	ratings_qualified	ratings_missing_ratings_file				within_partner_loss_gt_win_primary_2026-10-01	qc/ratings-raw/behavioral-eligibility.tsv; logs/records/ratings-qc-subject-level.tsv	seeded	current	automatic_rule	exclude	rule:docs/RAW_RATINGS_ANALYSIS.md		baseline ratings; not an imaging-gate exclusion
ds003745_sub-133_ratings_missing_ratings_file	ds003745	133		*	subject	ratings_qualified	ratings_missing_ratings_file				within_partner_loss_gt_win_primary_2026-10-01	qc/ratings-raw/behavioral-eligibility.tsv; logs/records/ratings-qc-subject-level.tsv	seeded	current	automatic_rule	exclude	rule:docs/RAW_RATINGS_ANALYSIS.md		baseline ratings; not an imaging-gate exclusion
ds003745_sub-134_ratings_missing_ratings_file	ds003745	134		*	subject	ratings_qualified	ratings_missing_ratings_file				within_partner_loss_gt_win_primary_2026-10-01	qc/ratings-raw/behavioral-eligibility.tsv; logs/records/ratings-qc-subject-level.tsv	seeded	current	automatic_rule	exclude	rule:docs/RAW_RATINGS_ANALYSIS.md		baseline ratings; not an imaging-gate exclusion
ds003745_sub-140_ratings_identical_ratings	ds003745	140		*	subject	ratings_qualified	ratings_identical_ratings				within_partner_loss_gt_win_primary_2026-10-01	qc/ratings-raw/behavioral-eligibility.tsv; logs/records/ratings-qc-subject-level.tsv	seeded	current	automatic_rule	exclude	rule:docs/RAW_RATINGS_ANALYSIS.md		baseline ratings; not an imaging-gate exclusion
ds003745_sub-143_ratings_missing_ratings_file	ds003745	143		*	subject	ratings_qualified	ratings_missing_ratings_file				within_partner_loss_gt_win_primary_2026-10-01	qc/ratings-raw/behavioral-eligibility.tsv; logs/records/ratings-qc-subject-level.tsv	seeded	current	automatic_rule	exclude	rule:docs/RAW_RATINGS_ANALYSIS.md		baseline ratings; not an imaging-gate exclusion
ds003745_sub-152_ratings_partner_2_loss_greater_than_win	ds003745	152		*	subject	ratings_qualified	ratings_partner_2_loss_greater_than_win	raw rating means (partner 1/2/3=computer/stranger/friend; trait 0/1=win/loss)	p1t0=0,p1t1=-4,p2t0=2,p2t1=4,p3t0=4,p3t1=4		within_partner_loss_gt_win_primary_2026-10-01	qc/ratings-raw/behavioral-eligibility.tsv; logs/records/ratings-qc-subject-level.tsv	seeded	current	automatic_rule	exclude	rule:docs/RAW_RATINGS_ANALYSIS.md		baseline ratings; not an imaging-gate exclusion
rf1_sub-10418_ses-01_ratings_missing_ratings_file	rf1	10418	01	*	subject	ratings_qualified	ratings_missing_ratings_file				within_partner_loss_gt_win_primary_2026-10-01	qc/ratings-raw/behavioral-eligibility.tsv; logs/records/ratings-qc-subject-level.tsv	seeded	current	automatic_rule	exclude	rule:docs/RAW_RATINGS_ANALYSIS.md		baseline ratings; not an imaging-gate exclusion
rf1_sub-10478_ses-01_ratings_missing_ratings_file	rf1	10478	01	*	subject	ratings_qualified	ratings_missing_ratings_file				within_partner_loss_gt_win_primary_2026-10-01	qc/ratings-raw/behavioral-eligibility.tsv; logs/records/ratings-qc-subject-level.tsv	seeded	current	automatic_rule	exclude	rule:docs/RAW_RATINGS_ANALYSIS.md		baseline ratings; not an imaging-gate exclusion
rf1_sub-10581_ses-01_ratings_missing_ratings_file	rf1	10581	01	*	subject	ratings_qualified	ratings_missing_ratings_file				within_partner_loss_gt_win_primary_2026-10-01	qc/ratings-raw/behavioral-eligibility.tsv; logs/records/ratings-qc-subject-level.tsv	seeded	current	automatic_rule	exclude	rule:docs/RAW_RATINGS_ANALYSIS.md		baseline ratings; not an imaging-gate exclusion
rf1_sub-10590_ses-01_ratings_partner_1_loss_greater_than_win	rf1	10590	01	*	subject	ratings_qualified	ratings_partner_1_loss_greater_than_win	raw rating means (partner 1/2/3=computer/stranger/friend; trait 0/1=win/loss)	p1t0=-3,p1t1=0,p2t0=3,p2t1=-2,p3t0=5,p3t1=-4		within_partner_loss_gt_win_primary_2026-10-01	qc/ratings-raw/behavioral-eligibility.tsv; logs/records/ratings-qc-subject-level.tsv	seeded	current	automatic_rule	exclude	rule:docs/RAW_RATINGS_ANALYSIS.md		baseline ratings; not an imaging-gate exclusion
rf1_sub-10606_ses-01_ratings_missing_ratings_file	rf1	10606	01	*	subject	ratings_qualified	ratings_missing_ratings_file				within_partner_loss_gt_win_primary_2026-10-01	qc/ratings-raw/behavioral-eligibility.tsv; logs/records/ratings-qc-subject-level.tsv	seeded	current	automatic_rule	exclude	rule:docs/RAW_RATINGS_ANALYSIS.md		baseline ratings; not an imaging-gate exclusion
rf1_sub-10642_ses-01_ratings_partner_1_loss_greater_than_win	rf1	10642	01	*	subject	ratings_qualified	ratings_partner_1_loss_greater_than_win	raw rating means (partner 1/2/3=computer/stranger/friend; trait 0/1=win/loss)	p1t0=-1,p1t1=0,p2t0=2,p2t1=0,p3t0=5,p3t1=-5		within_partner_loss_gt_win_primary_2026-10-01	qc/ratings-raw/behavioral-eligibility.tsv; logs/records/ratings-qc-subject-level.tsv	seeded	current	automatic_rule	exclude	rule:docs/RAW_RATINGS_ANALYSIS.md		baseline ratings; not an imaging-gate exclusion
rf1_sub-10647_ses-01_ratings_partner_1_loss_greater_than_win	rf1	10647	01	*	subject	ratings_qualified	ratings_partner_1_loss_greater_than_win	raw rating means (partner 1/2/3=computer/stranger/friend; trait 0/1=win/loss)	p1t0=-2,p1t1=0,p2t0=0,p2t1=-1,p3t0=-2,p3t1=-4		within_partner_loss_gt_win_primary_2026-10-01	qc/ratings-raw/behavioral-eligibility.tsv; logs/records/ratings-qc-subject-level.tsv	seeded	current	automatic_rule	exclude	rule:docs/RAW_RATINGS_ANALYSIS.md		baseline ratings; not an imaging-gate exclusion
rf1_sub-10700_ses-01_ratings_missing_ratings_file	rf1	10700	01	*	subject	ratings_qualified	ratings_missing_ratings_file				within_partner_loss_gt_win_primary_2026-10-01	qc/ratings-raw/behavioral-eligibility.tsv; logs/records/ratings-qc-subject-level.tsv	seeded	current	automatic_rule	exclude	rule:docs/RAW_RATINGS_ANALYSIS.md		baseline ratings; not an imaging-gate exclusion
rf1_sub-10718_ses-01_ratings_partner_2_loss_greater_than_win	rf1	10718	01	*	subject	ratings_qualified	ratings_partner_2_loss_greater_than_win	raw rating means (partner 1/2/3=computer/stranger/friend; trait 0/1=win/loss)	p1t0=0,p1t1=-1,p2t0=0,p2t1=3,p3t0=3,p3t1=0		within_partner_loss_gt_win_primary_2026-10-01	qc/ratings-raw/behavioral-eligibility.tsv; logs/records/ratings-qc-subject-level.tsv	seeded	current	automatic_rule	exclude	rule:docs/RAW_RATINGS_ANALYSIS.md		baseline ratings; not an imaging-gate exclusion
rf1_sub-10804_ses-01_ratings_partner_3_loss_greater_than_win	rf1	10804	01	*	subject	ratings_qualified	ratings_partner_3_loss_greater_than_win	raw rating means (partner 1/2/3=computer/stranger/friend; trait 0/1=win/loss)	p1t0=1,p1t1=-4,p2t0=1,p2t1=-2,p3t0=-1,p3t1=0		within_partner_loss_gt_win_primary_2026-10-01	qc/ratings-raw/behavioral-eligibility.tsv; logs/records/ratings-qc-subject-level.tsv	seeded	current	automatic_rule	exclude	rule:docs/RAW_RATINGS_ANALYSIS.md		baseline ratings; not an imaging-gate exclusion
rf1_sub-10806_ses-01_ratings_partner_1_loss_greater_than_win	rf1	10806	01	*	subject	ratings_qualified	ratings_partner_1_loss_greater_than_win	raw rating means (partner 1/2/3=computer/stranger/friend; trait 0/1=win/loss)	p1t0=-5,p1t1=-3,p2t0=0,p2t1=0,p3t0=0,p3t1=-3		within_partner_loss_gt_win_primary_2026-10-01	qc/ratings-raw/behavioral-eligibility.tsv; logs/records/ratings-qc-subject-level.tsv	seeded	current	automatic_rule	exclude	rule:docs/RAW_RATINGS_ANALYSIS.md		baseline ratings; not an imaging-gate exclusion
rf1_sub-10810_ses-01_ratings_missing_ratings_file	rf1	10810	01	*	subject	ratings_qualified	ratings_missing_ratings_file				within_partner_loss_gt_win_primary_2026-10-01	qc/ratings-raw/behavioral-eligibility.tsv; logs/records/ratings-qc-subject-level.tsv	seeded	current	automatic_rule	exclude	rule:docs/RAW_RATINGS_ANALYSIS.md		baseline ratings; not an imaging-gate exclusion
rf1_sub-10817_ses-01_ratings_missing_ratings_file	rf1	10817	01	*	subject	ratings_qualified	ratings_missing_ratings_file				within_partner_loss_gt_win_primary_2026-10-01	qc/ratings-raw/behavioral-eligibility.tsv; logs/records/ratings-qc-subject-level.tsv	seeded	current	automatic_rule	exclude	rule:docs/RAW_RATINGS_ANALYSIS.md		baseline ratings; not an imaging-gate exclusion
rf1_sub-10827_ses-01_ratings_missing_ratings_file	rf1	10827	01	*	subject	ratings_qualified	ratings_missing_ratings_file				within_partner_loss_gt_win_primary_2026-10-01	qc/ratings-raw/behavioral-eligibility.tsv; logs/records/ratings-qc-subject-level.tsv	seeded	current	automatic_rule	exclude	rule:docs/RAW_RATINGS_ANALYSIS.md		baseline ratings; not an imaging-gate exclusion
rf1_sub-10834_ses-01_ratings_missing_ratings_file	rf1	10834	01	*	subject	ratings_qualified	ratings_missing_ratings_file				within_partner_loss_gt_win_primary_2026-10-01	qc/ratings-raw/behavioral-eligibility.tsv; logs/records/ratings-qc-subject-level.tsv	seeded	current	automatic_rule	exclude	rule:docs/RAW_RATINGS_ANALYSIS.md		baseline ratings; not an imaging-gate exclusion
rf1_sub-10838_ses-01_ratings_missing_ratings_file	rf1	10838	01	*	subject	ratings_qualified	ratings_missing_ratings_file				within_partner_loss_gt_win_primary_2026-10-01	qc/ratings-raw/behavioral-eligibility.tsv; logs/records/ratings-qc-subject-level.tsv	seeded	current	automatic_rule	exclude	rule:docs/RAW_RATINGS_ANALYSIS.md		baseline ratings; not an imaging-gate exclusion
rf1_sub-10860_ses-01_ratings_identical_ratings	rf1	10860	01	*	subject	ratings_qualified	ratings_identical_ratings				within_partner_loss_gt_win_primary_2026-10-01	qc/ratings-raw/behavioral-eligibility.tsv; logs/records/ratings-qc-subject-level.tsv	seeded	current	automatic_rule	exclude	rule:docs/RAW_RATINGS_ANALYSIS.md		baseline ratings; not an imaging-gate exclusion
rf1_sub-10866_ses-01_ratings_missing_ratings_file	rf1	10866	01	*	subject	ratings_qualified	ratings_missing_ratings_file				within_partner_loss_gt_win_primary_2026-10-01	qc/ratings-raw/behavioral-eligibility.tsv; logs/records/ratings-qc-subject-level.tsv	seeded	current	automatic_rule	exclude	rule:docs/RAW_RATINGS_ANALYSIS.md		baseline ratings; not an imaging-gate exclusion
rf1_sub-10897_ses-01_ratings_partner_1_loss_greater_than_win	rf1	10897	01	*	subject	ratings_qualified	ratings_partner_1_loss_greater_than_win	raw rating means (partner 1/2/3=computer/stranger/friend; trait 0/1=win/loss)	p1t0=-1,p1t1=0,p2t0=2,p2t1=-1,p3t0=5,p3t1=-3		within_partner_loss_gt_win_primary_2026-10-01	qc/ratings-raw/behavioral-eligibility.tsv; logs/records/ratings-qc-subject-level.tsv	seeded	current	automatic_rule	exclude	rule:docs/RAW_RATINGS_ANALYSIS.md		baseline ratings; not an imaging-gate exclusion
rf1_sub-10913_ses-01_ratings_identical_ratings	rf1	10913	01	*	subject	ratings_qualified	ratings_identical_ratings				within_partner_loss_gt_win_primary_2026-10-01	qc/ratings-raw/behavioral-eligibility.tsv; logs/records/ratings-qc-subject-level.tsv	seeded	current	automatic_rule	exclude	rule:docs/RAW_RATINGS_ANALYSIS.md		baseline ratings; not an imaging-gate exclusion
rf1_sub-10926_ses-01_ratings_partner_2_loss_greater_than_win	rf1	10926	01	*	subject	ratings_qualified	ratings_partner_2_loss_greater_than_win	raw rating means (partner 1/2/3=computer/stranger/friend; trait 0/1=win/loss)	p1t0=-2,p1t1=-2,p2t0=-1,p2t1=0,p3t0=3,p3t1=-2		within_partner_loss_gt_win_primary_2026-10-01	qc/ratings-raw/behavioral-eligibility.tsv; logs/records/ratings-qc-subject-level.tsv	seeded	current	automatic_rule	exclude	rule:docs/RAW_RATINGS_ANALYSIS.md		baseline ratings; not an imaging-gate exclusion
rf1_sub-10938_ses-01_ratings_identical_ratings	rf1	10938	01	*	subject	ratings_qualified	ratings_identical_ratings				within_partner_loss_gt_win_primary_2026-10-01	qc/ratings-raw/behavioral-eligibility.tsv; logs/records/ratings-qc-subject-level.tsv	seeded	current	automatic_rule	exclude	rule:docs/RAW_RATINGS_ANALYSIS.md		baseline ratings; not an imaging-gate exclusion
rf1_sub-10940_ses-01_ratings_partner_3_loss_greater_than_win	rf1	10940	01	*	subject	ratings_qualified	ratings_partner_3_loss_greater_than_win	raw rating means (partner 1/2/3=computer/stranger/friend; trait 0/1=win/loss)	p1t0=2,p1t1=2,p2t0=0,p2t1=0,p3t0=-2,p3t1=3		within_partner_loss_gt_win_primary_2026-10-01	qc/ratings-raw/behavioral-eligibility.tsv; logs/records/ratings-qc-subject-level.tsv	seeded	current	automatic_rule	exclude	rule:docs/RAW_RATINGS_ANALYSIS.md		baseline ratings; not an imaging-gate exclusion
rf1_sub-10954_ses-01_ratings_partner_3_loss_greater_than_win	rf1	10954	01	*	subject	ratings_qualified	ratings_partner_3_loss_greater_than_win	raw rating means (partner 1/2/3=computer/stranger/friend; trait 0/1=win/loss)	p1t0=4,p1t1=0,p2t0=5,p2t1=-1,p3t0=0,p3t1=4		within_partner_loss_gt_win_primary_2026-10-01	qc/ratings-raw/behavioral-eligibility.tsv; logs/records/ratings-qc-subject-level.tsv	seeded	current	automatic_rule	exclude	rule:docs/RAW_RATINGS_ANALYSIS.md		baseline ratings; not an imaging-gate exclusion
rf1_sub-10958_ses-01_ratings_partner_1_loss_greater_than_win	rf1	10958	01	*	subject	ratings_qualified	ratings_partner_1_loss_greater_than_win	raw rating means (partner 1/2/3=computer/stranger/friend; trait 0/1=win/loss)	p1t0=-2,p1t1=2,p2t0=2,p2t1=-1,p3t0=5,p3t1=0		within_partner_loss_gt_win_primary_2026-10-01	qc/ratings-raw/behavioral-eligibility.tsv; logs/records/ratings-qc-subject-level.tsv	seeded	current	automatic_rule	exclude	rule:docs/RAW_RATINGS_ANALYSIS.md		baseline ratings; not an imaging-gate exclusion
rf1_sub-10977_ses-01_ratings_missing_ratings_file	rf1	10977	01	*	subject	ratings_qualified	ratings_missing_ratings_file				within_partner_loss_gt_win_primary_2026-10-01	qc/ratings-raw/behavioral-eligibility.tsv; logs/records/ratings-qc-subject-level.tsv	seeded	current	automatic_rule	exclude	rule:docs/RAW_RATINGS_ANALYSIS.md		baseline ratings; not an imaging-gate exclusion
rf1_sub-10984_ses-01_ratings_partner_3_loss_greater_than_win	rf1	10984	01	*	subject	ratings_qualified	ratings_partner_3_loss_greater_than_win	raw rating means (partner 1/2/3=computer/stranger/friend; trait 0/1=win/loss)	p1t0=5,p1t1=-5,p2t0=5,p2t1=-5,p3t0=0,p3t1=5		within_partner_loss_gt_win_primary_2026-10-01	qc/ratings-raw/behavioral-eligibility.tsv; logs/records/ratings-qc-subject-level.tsv	seeded	current	automatic_rule	exclude	rule:docs/RAW_RATINGS_ANALYSIS.md		baseline ratings; not an imaging-gate exclusion
rf1_sub-11071_ses-01_ratings_identical_ratings	rf1	11071	01	*	subject	ratings_qualified	ratings_identical_ratings				within_partner_loss_gt_win_primary_2026-10-01	qc/ratings-raw/behavioral-eligibility.tsv; logs/records/ratings-qc-subject-level.tsv	seeded	current	automatic_rule	exclude	rule:docs/RAW_RATINGS_ANALYSIS.md		baseline ratings; not an imaging-gate exclusion
rf1_sub-11083_ses-01_ratings_partner_2_loss_greater_than_win	rf1	11083	01	*	subject	ratings_qualified	ratings_partner_2_loss_greater_than_win	raw rating means (partner 1/2/3=computer/stranger/friend; trait 0/1=win/loss)	p1t0=0,p1t1=-2,p2t0=-2,p2t1=0,p3t0=5,p3t1=1		within_partner_loss_gt_win_primary_2026-10-01	qc/ratings-raw/behavioral-eligibility.tsv; logs/records/ratings-qc-subject-level.tsv	seeded	current	automatic_rule	exclude	rule:docs/RAW_RATINGS_ANALYSIS.md		baseline ratings; not an imaging-gate exclusion
rf1_sub-11085_ses-01_ratings_identical_ratings	rf1	11085	01	*	subject	ratings_qualified	ratings_identical_ratings				within_partner_loss_gt_win_primary_2026-10-01	qc/ratings-raw/behavioral-eligibility.tsv; logs/records/ratings-qc-subject-level.tsv	seeded	current	automatic_rule	exclude	rule:docs/RAW_RATINGS_ANALYSIS.md		baseline ratings; not an imaging-gate exclusion
rf1_sub-11125_ses-01_ratings_partner_1_loss_greater_than_win	rf1	11125	01	*	subject	ratings_qualified	ratings_partner_1_loss_greater_than_win	raw rating means (partner 1/2/3=computer/stranger/friend; trait 0/1=win/loss)	p1t0=-2,p1t1=-1,p2t0=0,p2t1=0,p3t0=0,p3t1=0		within_partner_loss_gt_win_primary_2026-10-01	qc/ratings-raw/behavioral-eligibility.tsv; logs/records/ratings-qc-subject-level.tsv	seeded	current	automatic_rule	exclude	rule:docs/RAW_RATINGS_ANALYSIS.md		baseline ratings; not an imaging-gate exclusion
rf1_sub-11134_ses-01_ratings_partner_1_loss_greater_than_win	rf1	11134	01	*	subject	ratings_qualified	ratings_partner_1_loss_greater_than_win	raw rating means (partner 1/2/3=computer/stranger/friend; trait 0/1=win/loss)	p1t0=3,p1t1=5,p2t0=-1,p2t1=5,p3t0=0,p3t1=5		within_partner_loss_gt_win_primary_2026-10-01	qc/ratings-raw/behavioral-eligibility.tsv; logs/records/ratings-qc-subject-level.tsv	seeded	current	automatic_rule	exclude	rule:docs/RAW_RATINGS_ANALYSIS.md		baseline ratings; not an imaging-gate exclusion
rf1_sub-11134_ses-01_ratings_partner_2_loss_greater_than_win	rf1	11134	01	*	subject	ratings_qualified	ratings_partner_2_loss_greater_than_win	raw rating means (partner 1/2/3=computer/stranger/friend; trait 0/1=win/loss)	p1t0=3,p1t1=5,p2t0=-1,p2t1=5,p3t0=0,p3t1=5		within_partner_loss_gt_win_primary_2026-10-01	qc/ratings-raw/behavioral-eligibility.tsv; logs/records/ratings-qc-subject-level.tsv	seeded	current	automatic_rule	exclude	rule:docs/RAW_RATINGS_ANALYSIS.md		baseline ratings; not an imaging-gate exclusion
rf1_sub-11134_ses-01_ratings_partner_3_loss_greater_than_win	rf1	11134	01	*	subject	ratings_qualified	ratings_partner_3_loss_greater_than_win	raw rating means (partner 1/2/3=computer/stranger/friend; trait 0/1=win/loss)	p1t0=3,p1t1=5,p2t0=-1,p2t1=5,p3t0=0,p3t1=5		within_partner_loss_gt_win_primary_2026-10-01	qc/ratings-raw/behavioral-eligibility.tsv; logs/records/ratings-qc-subject-level.tsv	seeded	current	automatic_rule	exclude	rule:docs/RAW_RATINGS_ANALYSIS.md		baseline ratings; not an imaging-gate exclusion
rf1_sub-11139_ses-01_ratings_partner_1_loss_greater_than_win	rf1	11139	01	*	subject	ratings_qualified	ratings_partner_1_loss_greater_than_win	raw rating means (partner 1/2/3=computer/stranger/friend; trait 0/1=win/loss)	p1t0=-5,p1t1=-3,p2t0=1,p2t1=-2,p3t0=5,p3t1=-5		within_partner_loss_gt_win_primary_2026-10-01	qc/ratings-raw/behavioral-eligibility.tsv; logs/records/ratings-qc-subject-level.tsv	seeded	current	automatic_rule	exclude	rule:docs/RAW_RATINGS_ANALYSIS.md		baseline ratings; not an imaging-gate exclusion
rf1_sub-11171_ses-01_ratings_partner_2_loss_greater_than_win	rf1	11171	01	*	subject	ratings_qualified	ratings_partner_2_loss_greater_than_win	raw rating means (partner 1/2/3=computer/stranger/friend; trait 0/1=win/loss)	p1t0=0,p1t1=0,p2t0=-1,p2t1=0,p3t0=4,p3t1=-2		within_partner_loss_gt_win_primary_2026-10-01	qc/ratings-raw/behavioral-eligibility.tsv; logs/records/ratings-qc-subject-level.tsv	seeded	current	automatic_rule	exclude	rule:docs/RAW_RATINGS_ANALYSIS.md		baseline ratings; not an imaging-gate exclusion
rf1_sub-11203_ses-01_ratings_partner_1_loss_greater_than_win	rf1	11203	01	*	subject	ratings_qualified	ratings_partner_1_loss_greater_than_win	raw rating means (partner 1/2/3=computer/stranger/friend; trait 0/1=win/loss)	p1t0=0,p1t1=2,p2t0=4,p2t1=0,p3t0=-4,p3t1=0		within_partner_loss_gt_win_primary_2026-10-01	qc/ratings-raw/behavioral-eligibility.tsv; logs/records/ratings-qc-subject-level.tsv	seeded	current	automatic_rule	exclude	rule:docs/RAW_RATINGS_ANALYSIS.md		baseline ratings; not an imaging-gate exclusion
rf1_sub-11203_ses-01_ratings_partner_3_loss_greater_than_win	rf1	11203	01	*	subject	ratings_qualified	ratings_partner_3_loss_greater_than_win	raw rating means (partner 1/2/3=computer/stranger/friend; trait 0/1=win/loss)	p1t0=0,p1t1=2,p2t0=4,p2t1=0,p3t0=-4,p3t1=0		within_partner_loss_gt_win_primary_2026-10-01	qc/ratings-raw/behavioral-eligibility.tsv; logs/records/ratings-qc-subject-level.tsv	seeded	current	automatic_rule	exclude	rule:docs/RAW_RATINGS_ANALYSIS.md		baseline ratings; not an imaging-gate exclusion
rf1_sub-11209_ses-01_ratings_partner_1_loss_greater_than_win	rf1	11209	01	*	subject	ratings_qualified	ratings_partner_1_loss_greater_than_win	raw rating means (partner 1/2/3=computer/stranger/friend; trait 0/1=win/loss)	p1t0=-4,p1t1=0,p2t0=-5,p2t1=0,p3t0=4,p3t1=0		within_partner_loss_gt_win_primary_2026-10-01	qc/ratings-raw/behavioral-eligibility.tsv; logs/records/ratings-qc-subject-level.tsv	seeded	current	automatic_rule	exclude	rule:docs/RAW_RATINGS_ANALYSIS.md		baseline ratings; not an imaging-gate exclusion
rf1_sub-11209_ses-01_ratings_partner_2_loss_greater_than_win	rf1	11209	01	*	subject	ratings_qualified	ratings_partner_2_loss_greater_than_win	raw rating means (partner 1/2/3=computer/stranger/friend; trait 0/1=win/loss)	p1t0=-4,p1t1=0,p2t0=-5,p2t1=0,p3t0=4,p3t1=0		within_partner_loss_gt_win_primary_2026-10-01	qc/ratings-raw/behavioral-eligibility.tsv; logs/records/ratings-qc-subject-level.tsv	seeded	current	automatic_rule	exclude	rule:docs/RAW_RATINGS_ANALYSIS.md		baseline ratings; not an imaging-gate exclusion
rf1_sub-11227_ses-01_ratings_partner_1_loss_greater_than_win	rf1	11227	01	*	subject	ratings_qualified	ratings_partner_1_loss_greater_than_win	raw rating means (partner 1/2/3=computer/stranger/friend; trait 0/1=win/loss)	p1t0=-2,p1t1=0,p2t0=2,p2t1=0,p3t0=3,p3t1=-2		within_partner_loss_gt_win_primary_2026-10-01	qc/ratings-raw/behavioral-eligibility.tsv; logs/records/ratings-qc-subject-level.tsv	seeded	current	automatic_rule	exclude	rule:docs/RAW_RATINGS_ANALYSIS.md		baseline ratings; not an imaging-gate exclusion
rf1_sub-11276_ses-01_ratings_partner_2_loss_greater_than_win	rf1	11276	01	*	subject	ratings_qualified	ratings_partner_2_loss_greater_than_win	raw rating means (partner 1/2/3=computer/stranger/friend; trait 0/1=win/loss)	p1t0=-2,p1t1=-3,p2t0=-3,p2t1=-2,p3t0=3,p3t1=3		within_partner_loss_gt_win_primary_2026-10-01	qc/ratings-raw/behavioral-eligibility.tsv; logs/records/ratings-qc-subject-level.tsv	seeded	current	automatic_rule	exclude	rule:docs/RAW_RATINGS_ANALYSIS.md		baseline ratings; not an imaging-gate exclusion
rf1_sub-11311_ses-01_ratings_partner_1_loss_greater_than_win	rf1	11311	01	*	subject	ratings_qualified	ratings_partner_1_loss_greater_than_win	raw rating means (partner 1/2/3=computer/stranger/friend; trait 0/1=win/loss)	p1t0=-3,p1t1=-2,p2t0=0,p2t1=0,p3t0=5,p3t1=0		within_partner_loss_gt_win_primary_2026-10-01	qc/ratings-raw/behavioral-eligibility.tsv; logs/records/ratings-qc-subject-level.tsv	seeded	current	automatic_rule	exclude	rule:docs/RAW_RATINGS_ANALYSIS.md		baseline ratings; not an imaging-gate exclusion
rf1_sub-11430_ses-01_ratings_partner_1_loss_greater_than_win	rf1	11430	01	*	subject	ratings_qualified	ratings_partner_1_loss_greater_than_win	raw rating means (partner 1/2/3=computer/stranger/friend; trait 0/1=win/loss)	p1t0=-4,p1t1=-1,p2t0=-2,p2t1=-1,p3t0=3,p3t1=-4		within_partner_loss_gt_win_primary_2026-10-01	qc/ratings-raw/behavioral-eligibility.tsv; logs/records/ratings-qc-subject-level.tsv	seeded	current	automatic_rule	exclude	rule:docs/RAW_RATINGS_ANALYSIS.md		baseline ratings; not an imaging-gate exclusion
rf1_sub-11430_ses-01_ratings_partner_2_loss_greater_than_win	rf1	11430	01	*	subject	ratings_qualified	ratings_partner_2_loss_greater_than_win	raw rating means (partner 1/2/3=computer/stranger/friend; trait 0/1=win/loss)	p1t0=-4,p1t1=-1,p2t0=-2,p2t1=-1,p3t0=3,p3t1=-4		within_partner_loss_gt_win_primary_2026-10-01	qc/ratings-raw/behavioral-eligibility.tsv; logs/records/ratings-qc-subject-level.tsv	seeded	current	automatic_rule	exclude	rule:docs/RAW_RATINGS_ANALYSIS.md		baseline ratings; not an imaging-gate exclusion
rf1_sub-11443_ses-01_ratings_partner_2_loss_greater_than_win	rf1	11443	01	*	subject	ratings_qualified	ratings_partner_2_loss_greater_than_win	raw rating means (partner 1/2/3=computer/stranger/friend; trait 0/1=win/loss)	p1t0=2,p1t1=1,p2t0=0,p2t1=2,p3t0=4,p3t1=-2		within_partner_loss_gt_win_primary_2026-10-01	qc/ratings-raw/behavioral-eligibility.tsv; logs/records/ratings-qc-subject-level.tsv	seeded	current	automatic_rule	exclude	rule:docs/RAW_RATINGS_ANALYSIS.md		baseline ratings; not an imaging-gate exclusion
rf1_sub-11472_ses-01_ratings_missing_ratings_file	rf1	11472	01	*	subject	ratings_qualified	ratings_missing_ratings_file				within_partner_loss_gt_win_primary_2026-10-01	qc/ratings-raw/behavioral-eligibility.tsv; logs/records/ratings-qc-subject-level.tsv	seeded	current	automatic_rule	exclude	rule:docs/RAW_RATINGS_ANALYSIS.md		baseline ratings; not an imaging-gate exclusion
rf1_sub-11492_ses-01_ratings_identical_ratings	rf1	11492	01	*	subject	ratings_qualified	ratings_identical_ratings				within_partner_loss_gt_win_primary_2026-10-01	qc/ratings-raw/behavioral-eligibility.tsv; logs/records/ratings-qc-subject-level.tsv	seeded	current	automatic_rule	exclude	rule:docs/RAW_RATINGS_ANALYSIS.md		baseline ratings; not an imaging-gate exclusion
rf1_sub-11493_ses-01_ratings_partner_2_loss_greater_than_win	rf1	11493	01	*	subject	ratings_qualified	ratings_partner_2_loss_greater_than_win	raw rating means (partner 1/2/3=computer/stranger/friend; trait 0/1=win/loss)	p1t0=0,p1t1=0,p2t0=-2,p2t1=4,p3t0=0,p3t1=0		within_partner_loss_gt_win_primary_2026-10-01	qc/ratings-raw/behavioral-eligibility.tsv; logs/records/ratings-qc-subject-level.tsv	seeded	current	automatic_rule	exclude	rule:docs/RAW_RATINGS_ANALYSIS.md		baseline ratings; not an imaging-gate exclusion
rf1_sub-11517_ses-01_ratings_partner_1_loss_greater_than_win	rf1	11517	01	*	subject	ratings_qualified	ratings_partner_1_loss_greater_than_win	raw rating means (partner 1/2/3=computer/stranger/friend; trait 0/1=win/loss)	p1t0=-2,p1t1=0,p2t0=1,p2t1=-3,p3t0=5,p3t1=-5		within_partner_loss_gt_win_primary_2026-10-01	qc/ratings-raw/behavioral-eligibility.tsv; logs/records/ratings-qc-subject-level.tsv	seeded	current	automatic_rule	exclude	rule:docs/RAW_RATINGS_ANALYSIS.md		baseline ratings; not an imaging-gate exclusion
rf1_sub-11587_ses-01_ratings_missing_ratings_file	rf1	11587	01	*	subject	ratings_qualified	ratings_missing_ratings_file				within_partner_loss_gt_win_primary_2026-10-01	qc/ratings-raw/behavioral-eligibility.tsv; logs/records/ratings-qc-subject-level.tsv	seeded	current	automatic_rule	exclude	rule:docs/RAW_RATINGS_ANALYSIS.md		baseline ratings; not an imaging-gate exclusion
rf1_sub-11606_ses-01_ratings_partner_3_loss_greater_than_win	rf1	11606	01	*	subject	ratings_qualified	ratings_partner_3_loss_greater_than_win	raw rating means (partner 1/2/3=computer/stranger/friend; trait 0/1=win/loss)	p1t0=0,p1t1=0,p2t0=0,p2t1=0,p3t0=0,p3t1=5		within_partner_loss_gt_win_primary_2026-10-01	qc/ratings-raw/behavioral-eligibility.tsv; logs/records/ratings-qc-subject-level.tsv	seeded	current	automatic_rule	exclude	rule:docs/RAW_RATINGS_ANALYSIS.md		baseline ratings; not an imaging-gate exclusion
rf1_sub-11614_ses-01_ratings_partner_3_loss_greater_than_win	rf1	11614	01	*	subject	ratings_qualified	ratings_partner_3_loss_greater_than_win	raw rating means (partner 1/2/3=computer/stranger/friend; trait 0/1=win/loss)	p1t0=-3,p1t1=-4,p2t0=-4,p2t1=-4,p3t0=-4,p3t1=3		within_partner_loss_gt_win_primary_2026-10-01	qc/ratings-raw/behavioral-eligibility.tsv; logs/records/ratings-qc-subject-level.tsv	seeded	current	automatic_rule	exclude	rule:docs/RAW_RATINGS_ANALYSIS.md		baseline ratings; not an imaging-gate exclusion
rf1_sub-11631_ses-01_ratings_partner_1_loss_greater_than_win	rf1	11631	01	*	subject	ratings_qualified	ratings_partner_1_loss_greater_than_win	raw rating means (partner 1/2/3=computer/stranger/friend; trait 0/1=win/loss)	p1t0=-3,p1t1=0,p2t0=0,p2t1=0,p3t0=5,p3t1=0		within_partner_loss_gt_win_primary_2026-10-01	qc/ratings-raw/behavioral-eligibility.tsv; logs/records/ratings-qc-subject-level.tsv	seeded	current	automatic_rule	exclude	rule:docs/RAW_RATINGS_ANALYSIS.md		baseline ratings; not an imaging-gate exclusion
rf1_sub-11660_ses-01_ratings_partner_1_loss_greater_than_win	rf1	11660	01	*	subject	ratings_qualified	ratings_partner_1_loss_greater_than_win	raw rating means (partner 1/2/3=computer/stranger/friend; trait 0/1=win/loss)	p1t0=-3,p1t1=2,p2t0=-2,p2t1=-1,p3t0=5,p3t1=-4		within_partner_loss_gt_win_primary_2026-10-01	qc/ratings-raw/behavioral-eligibility.tsv; logs/records/ratings-qc-subject-level.tsv	seeded	current	automatic_rule	exclude	rule:docs/RAW_RATINGS_ANALYSIS.md		baseline ratings; not an imaging-gate exclusion
rf1_sub-11660_ses-01_ratings_partner_2_loss_greater_than_win	rf1	11660	01	*	subject	ratings_qualified	ratings_partner_2_loss_greater_than_win	raw rating means (partner 1/2/3=computer/stranger/friend; trait 0/1=win/loss)	p1t0=-3,p1t1=2,p2t0=-2,p2t1=-1,p3t0=5,p3t1=-4		within_partner_loss_gt_win_primary_2026-10-01	qc/ratings-raw/behavioral-eligibility.tsv; logs/records/ratings-qc-subject-level.tsv	seeded	current	automatic_rule	exclude	rule:docs/RAW_RATINGS_ANALYSIS.md		baseline ratings; not an imaging-gate exclusion
rf1_sub-11681_ses-01_ratings_missing_ratings_file	rf1	11681	01	*	subject	ratings_qualified	ratings_missing_ratings_file				within_partner_loss_gt_win_primary_2026-10-01	qc/ratings-raw/behavioral-eligibility.tsv; logs/records/ratings-qc-subject-level.tsv	seeded	current	automatic_rule	exclude	rule:docs/RAW_RATINGS_ANALYSIS.md		baseline ratings; not an imaging-gate exclusion
rf1_sub-11694_ses-01_ratings_missing_ratings_file	rf1	11694	01	*	subject	ratings_qualified	ratings_missing_ratings_file				within_partner_loss_gt_win_primary_2026-10-01	qc/ratings-raw/behavioral-eligibility.tsv; logs/records/ratings-qc-subject-level.tsv	seeded	current	automatic_rule	exclude	rule:docs/RAW_RATINGS_ANALYSIS.md		baseline ratings; not an imaging-gate exclusion
rf1_sub-11723_ses-01_ratings_partner_2_loss_greater_than_win	rf1	11723	01	*	subject	ratings_qualified	ratings_partner_2_loss_greater_than_win	raw rating means (partner 1/2/3=computer/stranger/friend; trait 0/1=win/loss)	p1t0=0,p1t1=-2,p2t0=-1,p2t1=1,p3t0=4,p3t1=1		within_partner_loss_gt_win_primary_2026-10-01	qc/ratings-raw/behavioral-eligibility.tsv; logs/records/ratings-qc-subject-level.tsv	seeded	current	automatic_rule	exclude	rule:docs/RAW_RATINGS_ANALYSIS.md		baseline ratings; not an imaging-gate exclusion
rf1_sub-11815_ses-01_ratings_partner_1_loss_greater_than_win	rf1	11815	01	*	subject	ratings_qualified	ratings_partner_1_loss_greater_than_win	raw rating means (partner 1/2/3=computer/stranger/friend; trait 0/1=win/loss)	p1t0=-1,p1t1=0,p2t0=2,p2t1=-2,p3t0=2,p3t1=-2		within_partner_loss_gt_win_primary_2026-10-01	qc/ratings-raw/behavioral-eligibility.tsv; logs/records/ratings-qc-subject-level.tsv	seeded	current	automatic_rule	exclude	rule:docs/RAW_RATINGS_ANALYSIS.md		baseline ratings; not an imaging-gate exclusion
rf1_sub-11872_ses-01_ratings_partner_1_loss_greater_than_win	rf1	11872	01	*	subject	ratings_qualified	ratings_partner_1_loss_greater_than_win	raw rating means (partner 1/2/3=computer/stranger/friend; trait 0/1=win/loss)	p1t0=-3,p1t1=4,p2t0=2,p2t1=-2,p3t0=5,p3t1=-5		within_partner_loss_gt_win_primary_2026-10-01	qc/ratings-raw/behavioral-eligibility.tsv; logs/records/ratings-qc-subject-level.tsv	seeded	current	automatic_rule	exclude	rule:docs/RAW_RATINGS_ANALYSIS.md		baseline ratings; not an imaging-gate exclusion
rf1_sub-11881_ses-01_ratings_partner_1_loss_greater_than_win	rf1	11881	01	*	subject	ratings_qualified	ratings_partner_1_loss_greater_than_win	raw rating means (partner 1/2/3=computer/stranger/friend; trait 0/1=win/loss)	p1t0=1,p1t1=3,p2t0=3,p2t1=2,p3t0=3,p3t1=1		within_partner_loss_gt_win_primary_2026-10-01	qc/ratings-raw/behavioral-eligibility.tsv; logs/records/ratings-qc-subject-level.tsv	seeded	current	automatic_rule	exclude	rule:docs/RAW_RATINGS_ANALYSIS.md		baseline ratings; not an imaging-gate exclusion
rf1_sub-11897_ses-01_ratings_partner_1_loss_greater_than_win	rf1	11897	01	*	subject	ratings_qualified	ratings_partner_1_loss_greater_than_win	raw rating means (partner 1/2/3=computer/stranger/friend; trait 0/1=win/loss)	p1t0=-1,p1t1=0,p2t0=2,p2t1=-2,p3t0=5,p3t1=-2		within_partner_loss_gt_win_primary_2026-10-01	qc/ratings-raw/behavioral-eligibility.tsv; logs/records/ratings-qc-subject-level.tsv	seeded	current	automatic_rule	exclude	rule:docs/RAW_RATINGS_ANALYSIS.md		baseline ratings; not an imaging-gate exclusion
rf1_sub-11914_ses-01_ratings_identical_ratings	rf1	11914	01	*	subject	ratings_qualified	ratings_identical_ratings				within_partner_loss_gt_win_primary_2026-10-01	qc/ratings-raw/behavioral-eligibility.tsv; logs/records/ratings-qc-subject-level.tsv	seeded	current	automatic_rule	exclude	rule:docs/RAW_RATINGS_ANALYSIS.md		baseline ratings; not an imaging-gate exclusion
rf1_sub-12021_ses-01_ratings_partner_2_loss_greater_than_win	rf1	12021	01	*	subject	ratings_qualified	ratings_partner_2_loss_greater_than_win	raw rating means (partner 1/2/3=computer/stranger/friend; trait 0/1=win/loss)	p1t0=5,p1t1=0,p2t0=-2,p2t1=-1,p3t0=4,p3t1=-3		within_partner_loss_gt_win_primary_2026-10-01	qc/ratings-raw/behavioral-eligibility.tsv; logs/records/ratings-qc-subject-level.tsv	seeded	current	automatic_rule	exclude	rule:docs/RAW_RATINGS_ANALYSIS.md		baseline ratings; not an imaging-gate exclusion
rf1_sub-12036_ses-01_ratings_identical_ratings	rf1	12036	01	*	subject	ratings_qualified	ratings_identical_ratings				within_partner_loss_gt_win_primary_2026-10-01	qc/ratings-raw/behavioral-eligibility.tsv; logs/records/ratings-qc-subject-level.tsv	seeded	current	automatic_rule	exclude	rule:docs/RAW_RATINGS_ANALYSIS.md		baseline ratings; not an imaging-gate exclusion
rf1_sub-12037_ses-01_ratings_missing_ratings_file	rf1	12037	01	*	subject	ratings_qualified	ratings_missing_ratings_file				within_partner_loss_gt_win_primary_2026-10-01	qc/ratings-raw/behavioral-eligibility.tsv; logs/records/ratings-qc-subject-level.tsv	seeded	current	automatic_rule	exclude	rule:docs/RAW_RATINGS_ANALYSIS.md		baseline ratings; not an imaging-gate exclusion
