subject_id	run01_excluded	run02_excluded	run01_coverage	run02_coverage	run01_vmpfc_coverage	run02_vmpfc_coverage	exclusion_reason
10317	0	0	91.76	91.81	93.65	96.15	
10369	0	0	90.98	90.49	91.28	91.28	
104	0	0	89.70	89.70	95.77	96.60	
10402	0	0	88.74	88.59	99.24	98.63	
10418	0	0	95.43	95.41	97.87	98.18	
10462	0	NA	95.97	NA	98.35	NA	
10478	0	0	93.86	93.73	95.51	95.94	
10486	0	0	91.27	91.18	96.95	96.91	
105	0	0	90.16	90.00	96.48	95.91	
10529	0	0	92.23	92.27	94.73	94.99	
10541	0	0	91.05	90.75	98.25	97.92	
10559	0	0	88.10	87.99	98.54	97.80	
10572	0	0	92.18	91.30	98.44	96.41	
10581	0	0	91.88	91.28	99.20	99.65	
10585	0	0	95.54	95.83	98.72	98.87	
10589	0	0	90.21	89.94	95.89	96.83	
10590	0	0	92.13	91.69	98.49	97.97	
10596	0	0	91.95	91.57	98.70	97.59	
106	0	0	88.26	88.00	91.80	93.17	
10606	0	0	91.76	91.68	93.15	93.15	
10608	0	0	90.90	89.84	98.35	96.95	
10617	0	NA	94.24	NA	98.84	NA	
10636	0	0	93.05	92.71	91.85	90.83	
10638	0	0	91.88	91.95	93.55	94.57	
10640	0	0	91.53	91.43	97.50	97.52	
10641	0	NA	90.90	NA	97.61	NA	
10642	0	0	90.98	91.00	93.43	93.46	
10644	0	0	90.83	90.99	97.71	97.68	
10647	0	0	91.88	91.97	93.65	95.28	
10649	0	0	91.06	90.86	97.07	97.24	
10652	0	0	91.65	91.63	96.67	96.67	
10656	0	0	89.08	89.08	86.63	88.33	
10657	0	0	93.44	93.33	95.44	94.47	
10661	0	0	94.79	94.85	98.56	98.42	
10663	0	0	89.66	89.49	93.79	94.45	
10668	0	NA	93.60	NA	98.91	NA	
10673	0	0	92.68	92.18	99.81	99.57	
10674	0	0	90.34	90.08	95.72	95.75	
10677	0	0	92.85	93.79	100.00	100.00	
10685	0	0	91.36	90.74	94.19	93.98	
10690	0	0	95.51	95.31	98.06	97.90	
10691	0	0	93.31	92.92	98.96	98.82	
107	0	0	90.18	90.04	96.46	97.47	
10700	0	0	91.03	92.42	97.14	97.47	
10701	0	0	92.29	92.01	97.14	97.21	
10713	0	0	91.46	91.43	97.85	98.16	
10716	0	0	93.37	93.51	99.65	99.69	
10718	0	0	92.27	92.45	97.21	97.40	
10720	0	0	91.14	90.81	94.54	94.50	
10723	0	0	92.63	92.47	92.51	93.31	
10741	0	0	88.98	88.94	94.97	94.54	
10748	0	0	91.68	91.63	96.60	98.44	
10767	0	0	91.47	91.42	90.13	89.04	
10770	0	0	89.96	90.69	97.99	98.16	
10777	0	0	91.56	91.16	94.87	95.61	
10781	0	0	93.95	93.82	98.16	98.32	
10783	0	0	89.62	89.18	99.60	99.46	
10785	0	0	91.41	91.45	98.51	97.68	
10794	0	0	89.83	90.44	95.75	95.65	
108	0	0	89.68	89.50	95.25	94.64	
10800	0	0	92.23	92.16	92.46	92.82	
10801	0	0	91.04	91.06	95.87	95.82	
10802	0	0	93.38	93.40	98.87	98.49	
10803	0	NA	90.59	NA	96.24	NA	
10804	0	0	91.86	91.83	96.03	96.15	
10806	0	0	92.40	92.48	94.54	94.21	
10807	0	0	89.25	88.62	98.68	98.37	
10809	0	0	91.67	92.00	97.94	98.39	
10810	0	0	93.43	93.32	97.61	97.52	
10812	0	0	91.55	91.79	98.56	99.17	
10817	0	0	89.33	89.44	95.46	93.86	
10827	0	0	89.51	89.70	92.42	93.81	
10831	0	0	92.56	91.95	94.02	94.64	
10834	0	0	94.34	94.29	93.08	93.50	
10838	0	0	89.90	89.24	96.39	92.51	
10843	0	0	89.56	89.04	93.22	93.20	
10850	0	0	92.72	92.39	94.97	95.16	
10854	0	0	90.70	90.23	94.33	96.39	
10857	0	0	91.34	91.36	97.35	97.19	
10858	0	0	92.10	91.59	97.68	97.90	
10860	0	0	91.80	91.18	94.59	96.10	
10862	0	0	94.36	93.84	95.56	95.84	
10863	0	0	90.78	91.03	97.66	96.93	
10866	0	0	91.69	91.53	97.07	96.81	
10875	0	0	93.08	92.95	93.86	94.59	
10881	0	NA	91.59	NA	99.22	NA	
10886	0	NA	91.66	NA	98.44	NA	
10887	0	0	90.96	90.89	94.92	95.98	
10896	0	0	91.53	91.60	93.91	93.83	
10897	0	NA	92.64	NA	97.02	NA	
10898	0	0	91.79	91.52	97.50	97.47	
109	0	0	88.65	88.65	95.53	98.16	
10908	0	0	90.72	90.99	97.59	97.92	
10913	0	0	94.08	93.82	98.87	99.27	
10918	0	0	93.20	92.90	96.15	95.30	
10919	0	0	90.48	90.43	95.58	97.07	
10924	0	0	92.61	92.69	98.23	98.75	
10926	0	0	90.41	90.47	86.91	89.75	
10928	0	0	94.26	94.34	99.34	99.91	
10929	0	0	93.91	94.17	98.35	98.94	
10930	0	0	90.00	90.09	94.14	93.27	
10938	0	0	91.64	91.44	98.09	98.25	
10940	0	0	91.74	91.95	94.68	95.61	
10950	0	0	89.84	89.52	98.94	99.15	
10951	0	0	90.76	90.37	94.00	92.98	
10952	0	0	89.88	89.62	95.84	96.36	
10953	0	0	90.60	90.29	92.98	95.39	
10954	0	0	90.27	90.46	90.10	90.17	
10956	0	0	91.00	91.13	91.16	91.19	
10958	0	0	91.03	91.14	93.43	94.66	
10961	0	0	92.32	92.37	97.73	98.25	
10964	0	0	93.28	92.43	94.71	93.22	
10966	0	0	90.53	90.16	93.74	92.56	
10969	0	0	93.82	93.30	98.54	98.87	
10974	0	0	90.36	90.96	95.77	93.95	
10977	0	0	90.87	91.08	94.28	93.91	
10979	0	0	91.31	91.27	95.02	96.17	
10983	0	0	89.86	89.65	94.31	95.32	
10984	0	0	92.32	92.20	98.72	98.70	
10998	0	0	93.41	93.14	96.69	96.41	
110	0	0	88.83	88.34	94.73	94.87	
11005	0	0	90.15	89.13	97.85	99.01	
11007	0	0	92.34	91.64	97.40	97.26	
11012	0	0	95.47	95.97	90.60	91.40	
11016	0	0	91.69	91.36	94.61	93.88	
11021	0	0	91.75	91.79	89.87	88.83	
11030	0	0	90.75	90.14	89.30	87.64	
11031	0	0	92.85	92.74	94.35	93.79	
11036	0	0	90.64	90.73	96.53	97.40	
11039	0	0	91.45	91.07	98.51	98.72	
11042	0	0	93.16	92.59	92.42	86.46	
11053	0	0	95.46	95.06	97.85	97.47	
11058	0	0	95.07	94.81	98.42	97.59	
11060	0	0	92.55	92.54	95.58	95.06	
11063	0	0	91.87	91.57	98.02	97.40	
11064	0	0	89.50	89.60	90.50	95.65	
11065	0	0	92.55	92.57	95.56	96.10	
11066	0	0	92.17	92.58	91.42	90.55	
11068	0	0	92.52	92.55	98.42	98.18	
11071	0	0	93.03	92.53	99.60	97.78	
11072	0	0	90.04	90.34	89.84	92.72	
11074	0	0	92.11	91.75	99.65	99.06	
11075	0	0	89.00	89.02	94.50	96.01	
11076	0	NA	89.44	NA	98.13	NA	
11078	0	0	92.88	92.78	99.55	99.60	
11083	0	0	91.39	91.61	98.72	99.15	
11084	0	0	91.80	91.91	97.94	97.97	
11085	0	0	91.75	92.08	97.73	98.72	
11090	0	0	94.06	94.13	95.82	96.22	
111	0	0	87.32	86.86	96.36	97.02	
11110	0	0	90.17	89.62	96.69	96.50	
11113	0	0	90.28	90.34	98.91	99.36	
11116	0	0	92.22	91.49	99.79	99.55	
11120	0	0	91.71	90.74	97.80	97.31	
11125	0	0	91.39	91.18	99.20	99.13	
11126	0	NA	94.71	NA	89.65	NA	
11128	0	0	91.43	91.56	95.51	97.12	
11134	0	0	92.08	92.24	93.27	94.94	
11145	0	0	93.92	94.33	97.90	98.30	
11164	0	NA	92.97	NA	93.31	NA	
11167	0	0	94.71	93.88	98.82	98.77	
11168	0	0	94.74	94.80	96.05	92.65	
11171	0	0	90.43	90.72	98.94	98.51	
11177	0	0	91.72	91.67	94.97	94.80	
11192	0	0	92.26	92.03	95.89	94.54	
11193	0	0	91.11	91.06	93.53	95.39	
112	0	0	87.86	87.67	92.51	91.21	
11201	0	NA	91.15	NA	99.83	NA	
11203	0	0	89.27	89.00	96.10	96.48	
11209	0	0	90.82	90.41	97.33	96.60	
11227	0	0	91.25	91.48	98.09	98.42	
11238	0	0	93.22	92.95	98.96	99.31	
11241	0	0	93.39	93.32	99.83	99.81	
11246	0	0	92.86	92.25	97.52	98.16	
11276	0	0	94.88	94.08	97.54	98.04	
11286	0	NA	92.12	NA	98.18	NA	
113	0	0	89.58	90.03	96.53	96.79	
11301	0	0	91.70	91.74	96.83	96.57	
11311	0	0	90.98	91.06	96.48	97.40	
11312	0	0	90.05	89.65	95.39	95.87	
11316	0	0	91.70	91.00	98.46	99.50	
11318	0	0	91.26	91.30	91.83	90.50	
11321	0	0	91.43	91.77	94.42	94.87	
11325	0	0	90.68	90.59	90.01	89.94	
11326	0	0	90.27	90.30	98.44	98.37	
11329	0	0	91.31	91.19	95.77	96.69	
11330	0	0	91.96	91.79	89.84	90.64	
11337	0	0	90.00	90.00	87.57	89.01	
11338	0	0	93.63	93.80	93.05	93.93	
11340	0	0	92.72	92.80	95.82	96.10	
11343	0	0	91.64	91.11	99.86	99.83	
11345	0	0	92.16	92.15	95.06	95.42	
11348	0	0	92.35	92.37	92.87	92.91	
11358	0	0	93.66	93.38	97.47	96.60	
11364	0	0	88.95	89.00	95.25	94.68	
11367	0	0	92.86	92.70	98.09	98.75	
11374	0	0	91.80	91.64	98.23	98.96	
11376	0	0	92.97	92.96	98.16	97.40	
11377	0	0	93.52	93.75	97.35	96.98	
11387	0	0	91.54	91.83	95.25	95.42	
11410	0	0	89.82	89.16	98.51	95.58	
11416	0	NA	94.68	NA	98.84	NA	
11426	0	NA	90.37	NA	98.13	NA	
11430	0	NA	89.96	NA	97.85	NA	
11432	0	0	90.47	90.59	98.80	98.68	
11433	0	0	91.65	91.62	97.85	98.35	
11435	0	0	90.52	90.63	96.72	96.53	
11439	0	NA	90.65	NA	91.61	NA	
11440	0	0	89.30	90.10	96.60	97.78	
11443	0	NA	89.48	NA	98.51	NA	
11450	0	NA	90.24	NA	97.28	NA	
11451	0	0	95.68	95.92	99.17	99.10	
11461	0	0	94.18	94.50	96.79	97.38	
11462	0	NA	94.82	NA	97.80	NA	
11472	0	0	90.40	89.16	97.07	95.98	
11492	0	0	92.10	91.90	97.78	99.67	
11493	0	0	91.80	91.64	93.86	94.50	
11498	0	NA	91.41	NA	98.49	NA	
115	0	0	88.63	88.55	99.24	98.09	
11517	0	0	91.97	91.71	98.77	99.08	
11518	0	0	89.53	89.60	93.67	94.45	
11523	0	0	91.82	92.03	98.54	98.32	
11526	0	0	90.58	90.45	79.66	77.79	
11527	0	0	92.20	92.00	95.84	95.25	
11529	0	0	92.36	92.70	84.36	92.46	
11530	0	0	91.42	91.61	95.46	95.68	
11532	0	0	91.49	91.39	98.18	97.87	
11533	0	0	93.76	93.50	99.13	98.96	
11534	0	0	90.23	89.82	98.75	98.70	
11535	0	0	91.80	92.25	95.53	95.46	
11536	0	0	88.68	88.71	94.52	94.24	
11539	0	0	91.31	91.44	96.24	96.88	
11540	0	0	93.68	93.53	86.58	84.29	
11542	0	0	93.45	93.27	99.72	99.34	
11545	0	0	91.23	90.63	97.92	92.32	
11551	0	0	93.79	94.75	92.30	96.57	
11559	0	0	91.39	91.68	95.16	97.28	
11560	0	0	90.79	90.57	96.34	95.77	
11563	0	0	93.61	93.52	96.72	96.08	
11570	0	0	90.52	89.62	93.98	89.09	
11572	0	0	91.86	92.06	79.38	83.89	
11579	0	0	95.39	95.53	95.87	93.88	
11586	0	NA	92.29	NA	89.70	NA	
11587	0	0	91.23	91.07	91.16	91.26	
11588	0	0	92.87	92.35	93.13	84.98	
11591	0	0	93.34	93.22	82.12	89.18	
11597	0	0	90.66	91.24	77.58	89.94	
11598	0	0	92.46	91.82	88.12	79.54	
116	0	0	86.32	85.93	99.41	98.09	
11600	0	0	89.02	87.86	79.38	81.64	
11606	0	0	92.12	92.23	91.92	94.31	
11614	0	0	90.30	90.21	91.35	91.07	
11622	0	0	88.57	88.66	93.50	93.24	
11623	0	NA	91.96	NA	92.49	NA	
11625	0	0	94.51	94.72	88.19	90.05	
11626	0	0	91.49	91.65	92.77	94.76	
11628	0	0	91.59	91.71	70.19	79.78	
11631	0	0	91.65	91.62	89.89	93.24	
11651	0	0	92.16	91.99	36.14	36.85	
11660	0	0	95.90	95.69	89.37	93.43	
11670	0	0	90.72	91.04	91.87	90.13	
11679	0	0	93.03	93.05	92.61	93.74	
11692	0	0	94.63	94.67	81.55	85.07	
117	0	0	87.05	87.17	86.06	87.74	
11705	0	0	91.82	91.70	91.14	90.46	
11709	0	0	91.53	91.19	95.58	92.51	
11710	0	0	90.07	89.77	94.71	95.87	
11720	0	0	92.01	91.30	96.36	94.21	
118	0	0	86.06	84.28	72.57	72.60	
120	1	1	82.52	79.72	58.52	37.96	run01_low_coverage;run02_low_coverage
121	0	0	88.83	88.82	95.58	95.23	
122	0	0	91.05	90.90	95.44	95.32	
124	0	0	88.81	88.79	96.10	95.51	
125	0	0	91.04	91.32	91.19	92.68	
126	0	0	87.25	87.32	88.66	88.52	
127	0	0	91.58	91.62	98.51	98.56	
128	0	0	91.83	91.92	95.46	96.65	
129	0	0	89.92	89.72	97.09	96.03	
130	0	0	89.17	89.47	92.91	93.83	
131	0	0	89.53	89.17	97.90	97.21	
132	0	0	91.27	90.65	97.42	96.98	
133	0	0	92.74	92.60	99.17	99.39	
134	0	0	87.27	87.31	92.91	92.61	
135	0	0	90.86	90.60	98.84	98.72	
136	0	0	91.72	91.43	95.56	95.04	
137	0	0	91.00	90.85	95.91	96.08	
138	1	0	82.26	82.91	19.35	19.47	run01_low_coverage
140	0	0	89.63	89.30	94.76	95.75	
141	0	0	91.55	91.53	97.85	97.33	
142	0	0	91.90	91.88	98.84	99.08	
143	0	0	93.56	93.56	100.00	99.98	
144	0	0	92.06	91.92	99.20	98.72	
145	0	0	91.06	83.17	98.70	62.60	
147	0	0	91.76	91.61	99.01	98.77	
149	0	0	92.50	93.36	96.93	97.02	
150	0	0	87.60	87.22	91.02	91.05	
151	0	0	89.44	89.52	96.13	96.57	
152	0	0	92.14	91.49	96.41	96.08	
153	0	0	90.62	90.44	98.11	98.77	
154	0	0	91.83	91.11	94.85	93.43	
155	0	0	91.40	91.81	99.65	99.74	
156	0	0	87.69	86.99	83.91	82.23	
157	0	0	87.91	87.42	96.60	95.16	
158	0	0	88.71	88.08	96.83	97.21	
159	0	0	89.38	89.48	99.27	99.20	
