subject	run	status	problems
106	01	complete	
106	02	complete	
109	01	complete	
109	02	complete	
104	01	complete	
104	02	complete	
110	01	complete	
110	02	complete	
105	01	complete	
105	02	complete	
108	01	complete	
108	02	complete	
107	01	complete	
107	02	complete	
111	01	complete	
111	02	complete	
112	01	complete	
112	02	complete	
113	01	complete	
113	02	complete	
115	01	complete	
115	02	complete	
116	01	complete	
116	02	complete	
117	01	complete	
117	02	complete	
118	01	complete	
118	02	complete	
120	01	complete	
120	02	complete	
121	01	complete	
121	02	complete	
122	01	complete	
122	02	complete	
124	01	complete	
124	02	complete	
125	01	complete	
125	02	complete	
126	01	complete	
126	02	complete	
127	01	complete	
127	02	complete	
128	01	complete	
128	02	complete	
129	01	complete	
129	02	complete	
130	01	complete	
130	02	complete	
131	01	complete	
131	02	complete	
132	01	complete	
132	02	complete	
133	01	complete	
133	02	complete	
134	01	complete	
134	02	complete	
135	01	complete	
135	02	complete	
136	01	complete	
136	02	complete	
137	01	complete	
137	02	complete	
138	01	complete	
138	02	complete	
140	01	complete	
140	02	complete	
141	01	complete	
141	02	complete	
142	01	complete	
142	02	complete	
143	01	complete	
143	02	complete	
144	01	complete	
144	02	complete	
145	01	complete	
145	02	complete	
147	01	complete	
147	02	complete	
149	01	complete	
149	02	complete	
150	01	complete	
150	02	complete	
151	01	complete	
151	02	complete	
152	01	complete	
152	02	complete	
153	01	complete	
153	02	complete	
154	01	complete	
154	02	complete	
156	01	complete	
156	02	complete	
155	01	complete	
155	02	complete	
157	01	complete	
157	02	complete	
158	01	complete	
158	02	complete	
159	01	complete	
159	02	complete	
